station_id,date,observation_count,temperature_observation_count,first_timestamp,last_timestamp,max_temperature_f,time_of_max,largest_gap_minutes,flag
725053-94728,2025-01-01,49,49,2025-01-01 00:51:00+00:00,2025-01-01 23:51:00+00:00,50.0,2025-01-01 15:35:00+00:00,60.0,OK
725053-94728,2025-01-02,24,24,2025-01-02 00:51:00+00:00,2025-01-02 23:51:00+00:00,42.980000000000004,2025-01-02 00:51:00+00:00,60.0,OK
725053-94728,2025-01-03,24,24,2025-01-03 00:51:00+00:00,2025-01-03 23:51:00+00:00,37.94,2025-01-03 17:51:00+00:00,60.0,OK
725053-94728,2025-01-04,24,24,2025-01-04 00:51:00+00:00,2025-01-04 23:51:00+00:00,33.08,2025-01-04 00:51:00+00:00,60.0,OK
725053-94728,2025-01-05,24,24,2025-01-05 00:51:00+00:00,2025-01-05 23:51:00+00:00,33.08,2025-01-05 18:51:00+00:00,60.0,OK
725053-94728,2025-01-06,38,38,2025-01-06 00:51:00+00:00,2025-01-06 23:51:00+00:00,30.2,2025-01-06 19:49:00+00:00,60.0,OK
725053-94728,2025-01-07,24,24,2025-01-07 00:51:00+00:00,2025-01-07 23:51:00+00:00,32.0,2025-01-07 18:51:00+00:00,60.0,OK
725053-94728,2025-01-08,24,24,2025-01-08 00:51:00+00:00,2025-01-08 23:51:00+00:00,28.94,2025-01-08 17:51:00+00:00,60.0,OK
725053-94728,2025-01-09,24,24,2025-01-09 00:51:00+00:00,2025-01-09 23:51:00+00:00,33.08,2025-01-09 19:51:00+00:00,60.0,OK
725053-94728,2025-01-10,24,24,2025-01-10 00:51:00+00:00,2025-01-10 23:51:00+00:00,39.02,2025-01-10 18:51:00+00:00,60.0,OK
725053-94728,2025-01-11,44,44,2025-01-11 00:51:00+00:00,2025-01-11 23:51:00+00:00,35.96,2025-01-11 00:51:00+00:00,60.0,OK
725053-94728,2025-01-12,24,24,2025-01-12 00:51:00+00:00,2025-01-12 23:51:00+00:00,41.0,2025-01-12 17:51:00+00:00,60.0,OK
725053-94728,2025-01-13,24,24,2025-01-13 00:51:00+00:00,2025-01-13 23:51:00+00:00,42.08,2025-01-13 20:51:00+00:00,60.0,OK
725053-94728,2025-01-14,24,24,2025-01-14 00:51:00+00:00,2025-01-14 23:51:00+00:00,39.02,2025-01-14 00:51:00+00:00,60.0,OK
725053-94728,2025-01-15,24,24,2025-01-15 00:51:00+00:00,2025-01-15 23:51:00+00:00,30.92,2025-01-15 18:51:00+00:00,60.0,OK
725053-94728,2025-01-16,24,24,2025-01-16 00:51:00+00:00,2025-01-16 23:51:00+00:00,28.94,2025-01-16 17:51:00+00:00,60.0,OK
725053-94728,2025-01-17,24,24,2025-01-17 00:51:00+00:00,2025-01-17 23:51:00+00:00,42.08,2025-01-17 19:51:00+00:00,60.0,OK
725053-94728,2025-01-18,32,32,2025-01-18 00:51:00+00:00,2025-01-18 23:51:00+00:00,46.04,2025-01-18 17:33:00+00:00,60.0,OK
725053-94728,2025-01-19,51,51,2025-01-19 00:04:00+00:00,2025-01-19 23:51:00+00:00,44.6,2025-01-19 01:49:00+00:00,60.0,OK
725053-94728,2025-01-20,38,38,2025-01-20 00:04:00+00:00,2025-01-20 23:51:00+00:00,30.02,2025-01-20 00:04:00+00:00,60.0,OK
725053-94728,2025-01-21,24,24,2025-01-21 00:51:00+00:00,2025-01-21 23:51:00+00:00,19.939999999999998,2025-01-21 00:51:00+00:00,60.0,OK
725053-94728,2025-01-22,24,24,2025-01-22 00:51:00+00:00,2025-01-22 23:51:00+00:00,19.04,2025-01-22 17:51:00+00:00,60.0,OK
725053-94728,2025-01-23,24,24,2025-01-23 00:51:00+00:00,2025-01-23 23:51:00+00:00,26.96,2025-01-23 17:51:00+00:00,60.0,OK
725053-94728,2025-01-24,24,24,2025-01-24 00:51:00+00:00,2025-01-24 23:51:00+00:00,32.0,2025-01-24 18:51:00+00:00,60.0,OK
725053-94728,2025-01-25,24,24,2025-01-25 00:51:00+00:00,2025-01-25 23:51:00+00:00,30.92,2025-01-25 20:51:00+00:00,60.0,OK
725053-94728,2025-01-26,24,24,2025-01-26 00:51:00+00:00,2025-01-26 23:51:00+00:00,42.08,2025-01-26 18:51:00+00:00,60.0,OK
725053-94728,2025-01-27,24,24,2025-01-27 00:51:00+00:00,2025-01-27 23:51:00+00:00,39.92,2025-01-27 19:51:00+00:00,60.0,OK
725053-94728,2025-01-28,24,24,2025-01-28 00:51:00+00:00,2025-01-28 23:51:00+00:00,42.08,2025-01-28 16:51:00+00:00,60.0,OK
725053-94728,2025-01-29,24,24,2025-01-29 00:51:00+00:00,2025-01-29 23:51:00+00:00,51.08,2025-01-29 18:51:00+00:00,60.0,OK
725053-94728,2025-01-30,24,24,2025-01-30 00:51:00+00:00,2025-01-30 23:51:00+00:00,39.92,2025-01-30 00:51:00+00:00,60.0,OK
725053-94728,2025-01-31,39,39,2025-01-31 00:51:00+00:00,2025-01-31 23:51:00+00:00,46.04,2025-01-31 22:51:00+00:00,60.0,OK
725053-94728,2025-02-01,39,39,2025-02-01 00:51:00+00:00,2025-02-01 23:51:00+00:00,48.02,2025-02-01 04:51:00+00:00,60.0,OK
725053-94728,2025-02-02,28,28,2025-02-02 00:51:00+00:00,2025-02-02 23:51:00+00:00,28.94,2025-02-02 19:51:00+00:00,60.0,OK
725053-94728,2025-02-03,41,41,2025-02-03 00:02:00+00:00,2025-02-03 23:51:00+00:00,48.02,2025-02-03 20:51:00+00:00,60.0,OK
725053-94728,2025-02-04,24,24,2025-02-04 00:51:00+00:00,2025-02-04 23:51:00+00:00,48.02,2025-02-04 01:51:00+00:00,60.0,OK
725053-94728,2025-02-05,24,24,2025-02-05 00:51:00+00:00,2025-02-05 23:51:00+00:00,35.96,2025-02-05 19:51:00+00:00,60.0,OK
725053-94728,2025-02-06,59,59,2025-02-06 00:51:00+00:00,2025-02-06 23:51:00+00:00,37.94,2025-02-06 18:16:00+00:00,60.0,OK
725053-94728,2025-02-07,30,30,2025-02-07 00:04:00+00:00,2025-02-07 23:51:00+00:00,42.08,2025-02-07 11:51:00+00:00,60.0,OK
725053-94728,2025-02-08,24,24,2025-02-08 00:51:00+00:00,2025-02-08 23:51:00+00:00,35.06,2025-02-08 18:51:00+00:00,60.0,OK
725053-94728,2025-02-09,53,53,2025-02-09 00:49:00+00:00,2025-02-09 23:51:00+00:00,33.98,2025-02-09 00:51:00+00:00,60.0,OK
725053-94728,2025-02-10,24,24,2025-02-10 00:51:00+00:00,2025-02-10 23:51:00+00:00,37.04,2025-02-10 19:51:00+00:00,60.0,OK
725053-94728,2025-02-11,24,24,2025-02-11 00:51:00+00:00,2025-02-11 23:51:00+00:00,35.06,2025-02-11 18:51:00+00:00,60.0,OK
725053-94728,2025-02-12,46,46,2025-02-12 00:51:00+00:00,2025-02-12 23:51:00+00:00,35.6,2025-02-12 23:48:00+00:00,60.0,OK
725053-94728,2025-02-13,45,45,2025-02-13 00:51:00+00:00,2025-02-13 23:51:00+00:00,46.04,2025-02-13 21:51:00+00:00,60.0,DUPLICATES(1)
725053-94728,2025-02-14,24,24,2025-02-14 00:51:00+00:00,2025-02-14 23:51:00+00:00,42.08,2025-02-14 00:51:00+00:00,60.0,OK
725053-94728,2025-02-15,37,37,2025-02-15 00:51:00+00:00,2025-02-15 23:51:00+00:00,35.06,2025-02-15 17:51:00+00:00,60.0,OK
725053-94728,2025-02-16,74,74,2025-02-16 00:19:00+00:00,2025-02-16 23:51:00+00:00,46.4,2025-02-16 22:45:00+00:00,60.0,OK
725053-94728,2025-02-17,25,25,2025-02-17 00:17:00+00:00,2025-02-17 23:51:00+00:00,44.06,2025-02-17 00:17:00+00:00,60.0,OK
725053-94728,2025-02-18,24,24,2025-02-18 00:51:00+00:00,2025-02-18 23:51:00+00:00,30.92,2025-02-18 00:51:00+00:00,60.0,OK
725053-94728,2025-02-19,24,24,2025-02-19 00:51:00+00:00,2025-02-19 23:51:00+00:00,30.02,2025-02-19 20:51:00+00:00,60.0,OK
725053-94728,2025-02-20,31,31,2025-02-20 00:51:00+00:00,2025-02-20 23:51:00+00:00,28.04,2025-02-20 18:51:00+00:00,120.0,OK
725053-94728,2025-02-21,22,22,2025-02-21 00:39:00+00:00,2025-02-21 22:23:00+00:00,32.0,2025-02-21 17:53:00+00:00,270.0,LARGE_GAP
725053-94728,2025-02-22,22,22,2025-02-22 00:08:00+00:00,2025-02-22 22:03:00+00:00,39.2,2025-02-22 20:48:00+00:00,173.0,OK
725053-94728,2025-02-23,26,26,2025-02-23 00:06:00+00:00,2025-02-23 22:00:00+00:00,46.4,2025-02-23 17:57:00+00:00,69.0,OK
725053-94728,2025-02-24,25,25,2025-02-24 00:00:00+00:00,2025-02-24 23:53:00+00:00,48.2,2025-02-24 19:27:00+00:00,89.0,OK
725053-94728,2025-02-25,24,24,2025-02-25 01:00:00+00:00,2025-02-25 23:55:00+00:00,57.2,2025-02-25 18:07:00+00:00,79.0,OK
725053-94728,2025-02-26,23,23,2025-02-26 00:56:00+00:00,2025-02-26 23:55:00+00:00,55.4,2025-02-26 18:00:00+00:00,120.0,OK
725053-94728,2025-02-27,23,23,2025-02-27 00:55:00+00:00,2025-02-27 23:51:00+00:00,53.6,2025-02-27 18:51:00+00:00,121.0,OK
725053-94728,2025-02-28,22,22,2025-02-28 01:51:00+00:00,2025-02-28 23:51:00+00:00,51.8,2025-02-28 01:51:00+00:00,118.0,OK
725053-94728,2025-03-01,26,26,2025-03-01 00:51:00+00:00,2025-03-01 23:51:00+00:00,64.4,2025-03-01 17:51:00+00:00,68.0,OK
725053-94728,2025-03-02,27,27,2025-03-02 00:51:00+00:00,2025-03-02 23:51:00+00:00,37.4,2025-03-02 23:51:00+00:00,60.0,OK
725053-94728,2025-03-03,27,27,2025-03-03 00:49:00+00:00,2025-03-03 23:51:00+00:00,37.94,2025-03-03 20:51:00+00:00,67.0,OK
725053-94728,2025-03-04,24,24,2025-03-04 00:51:00+00:00,2025-03-04 23:51:00+00:00,51.98,2025-03-04 19:51:00+00:00,60.0,OK
725053-94728,2025-03-05,35,35,2025-03-05 00:51:00+00:00,2025-03-05 23:51:00+00:00,53.96,2025-03-05 15:51:00+00:00,60.0,OK
725053-94728,2025-03-06,43,43,2025-03-06 00:13:00+00:00,2025-03-06 23:51:00+00:00,55.04,2025-03-06 10:10:00+00:00,60.0,OK
725053-94728,2025-03-07,24,24,2025-03-07 00:51:00+00:00,2025-03-07 23:51:00+00:00,48.92,2025-03-07 20:51:00+00:00,60.0,OK
725053-94728,2025-03-08,24,24,2025-03-08 00:51:00+00:00,2025-03-08 23:51:00+00:00,46.04,2025-03-08 00:51:00+00:00,60.0,OK
725053-94728,2025-03-09,24,24,2025-03-09 00:51:00+00:00,2025-03-09 23:51:00+00:00,53.06,2025-03-09 20:51:00+00:00,60.0,OK
725053-94728,2025-03-10,24,24,2025-03-10 00:51:00+00:00,2025-03-10 23:51:00+00:00,66.02,2025-03-10 19:51:00+00:00,60.0,OK
725053-94728,2025-03-11,24,24,2025-03-11 00:51:00+00:00,2025-03-11 23:51:00+00:00,62.959999999999994,2025-03-11 16:51:00+00:00,60.0,OK
725053-94728,2025-03-12,24,24,2025-03-12 00:51:00+00:00,2025-03-12 23:51:00+00:00,55.94,2025-03-12 00:51:00+00:00,60.0,OK
725053-94728,2025-03-13,26,26,2025-03-13 00:51:00+00:00,2025-03-13 23:51:00+00:00,48.92,2025-03-13 18:51:00+00:00,60.0,OK
725053-94728,2025-03-14,27,27,2025-03-14 00:51:00+00:00,2025-03-14 23:51:00+00:00,55.94,2025-03-14 17:51:00+00:00,60.0,OK
725053-94728,2025-03-15,38,38,2025-03-15 00:51:00+00:00,2025-03-15 23:51:00+00:00,48.02,2025-03-15 16:51:00+00:00,60.0,OK
725053-94728,2025-03-16,55,55,2025-03-16 00:51:00+00:00,2025-03-16 23:51:00+00:00,60.980000000000004,2025-03-16 18:51:00+00:00,60.0,OK
725053-94728,2025-03-17,76,76,2025-03-17 00:43:00+00:00,2025-03-17 23:51:00+00:00,60.08,2025-03-17 01:28:00+00:00,60.0,OK
725053-94728,2025-03-18,24,24,2025-03-18 00:51:00+00:00,2025-03-18 23:51:00+00:00,60.980000000000004,2025-03-18 21:51:00+00:00,60.0,OK
725053-94728,2025-03-19,24,24,2025-03-19 00:51:00+00:00,2025-03-19 23:51:00+00:00,62.059999999999995,2025-03-19 18:51:00+00:00,60.0,OK
725053-94728,2025-03-20,47,47,2025-03-20 00:51:00+00:00,2025-03-20 23:51:00+00:00,51.98,2025-03-20 19:32:00+00:00,60.0,OK
725053-94728,2025-03-21,42,42,2025-03-21 00:14:00+00:00,2025-03-21 23:51:00+00:00,50.0,2025-03-21 01:51:00+00:00,60.0,OK
725053-94728,2025-03-22,24,24,2025-03-22 00:51:00+00:00,2025-03-22 23:51:00+00:00,62.959999999999994,2025-03-22 17:51:00+00:00,60.0,OK
725053-94728,2025-03-23,24,24,2025-03-23 00:51:00+00:00,2025-03-23 23:51:00+00:00,50.0,2025-03-23 00:51:00+00:00,60.0,OK
725053-94728,2025-03-24,47,47,2025-03-24 00:51:00+00:00,2025-03-24 23:51:00+00:00,48.92,2025-03-24 22:51:00+00:00,60.0,OK
725053-94728,2025-03-25,28,28,2025-03-25 00:07:00+00:00,2025-03-25 23:51:00+00:00,57.02,2025-03-25 18:51:00+00:00,60.0,OK
725053-94728,2025-03-26,24,24,2025-03-26 00:51:00+00:00,2025-03-26 23:58:00+00:00,55.04,2025-03-26 00:51:00+00:00,83.0,OK
725053-94728,2025-03-27,25,25,2025-03-27 00:51:00+00:00,2025-03-27 23:51:00+00:00,51.98,2025-03-27 20:51:00+00:00,74.0,OK
725053-94728,2025-03-28,24,24,2025-03-28 00:51:00+00:00,2025-03-28 23:51:00+00:00,62.059999999999995,2025-03-28 19:51:00+00:00,60.0,OK
725053-94728,2025-03-29,24,24,2025-03-29 00:51:00+00:00,2025-03-29 23:51:00+00:00,80.96,2025-03-29 17:51:00+00:00,60.0,OK
725053-94728,2025-03-30,32,32,2025-03-30 00:51:00+00:00,2025-03-30 23:51:00+00:00,48.02,2025-03-30 00:51:00+00:00,60.0,OK
725053-94728,2025-03-31,46,46,2025-03-31 00:51:00+00:00,2025-03-31 23:51:00+00:00,71.06,2025-03-31 17:51:00+00:00,60.0,OK
725053-94728,2025-04-01,38,38,2025-04-01 00:51:00+00:00,2025-04-01 23:51:00+00:00,60.8,2025-04-01 01:49:00+00:00,60.0,OK
725053-94728,2025-04-02,24,24,2025-04-02 00:51:00+00:00,2025-04-02 23:51:00+00:00,48.92,2025-04-02 00:51:00+00:00,60.0,OK
725053-94728,2025-04-03,35,35,2025-04-03 00:12:00+00:00,2025-04-03 23:51:00+00:00,71.96,2025-04-03 20:51:00+00:00,60.0,OK
725053-94728,2025-04-04,24,24,2025-04-04 00:51:00+00:00,2025-04-04 23:51:00+00:00,73.04,2025-04-04 01:51:00+00:00,60.0,OK
725053-94728,2025-04-05,32,32,2025-04-05 00:51:00+00:00,2025-04-05 23:51:00+00:00,62.959999999999994,2025-04-05 00:51:00+00:00,60.0,OK
725053-94728,2025-04-06,52,52,2025-04-06 00:51:00+00:00,2025-04-06 23:51:00+00:00,55.94,2025-04-06 20:51:00+00:00,60.0,OK
725053-94728,2025-04-07,40,40,2025-04-07 00:51:00+00:00,2025-04-07 23:51:00+00:00,53.96,2025-04-07 00:51:00+00:00,60.0,OK
725053-94728,2025-04-08,39,39,2025-04-08 00:51:00+00:00,2025-04-08 23:51:00+00:00,44.96,2025-04-08 19:51:00+00:00,60.0,OK
725053-94728,2025-04-09,24,24,2025-04-09 00:51:00+00:00,2025-04-09 23:51:00+00:00,48.02,2025-04-09 20:51:00+00:00,60.0,OK
725053-94728,2025-04-10,24,24,2025-04-10 00:51:00+00:00,2025-04-10 23:51:00+00:00,48.92,2025-04-10 14:51:00+00:00,60.0,OK
725053-94728,2025-04-11,51,51,2025-04-11 00:51:00+00:00,2025-04-11 23:51:00+00:00,46.04,2025-04-11 20:51:00+00:00,60.0,OK
725053-94728,2025-04-12,68,68,2025-04-12 00:51:00+00:00,2025-04-12 23:51:00+00:00,42.8,2025-04-12 01:49:00+00:00,60.0,OK
725053-94728,2025-04-13,33,33,2025-04-13 00:51:00+00:00,2025-04-13 23:51:00+00:00,57.02,2025-04-13 19:51:00+00:00,60.0,OK
725053-94728,2025-04-14,24,24,2025-04-14 00:51:00+00:00,2025-04-14 23:51:00+00:00,64.94,2025-04-14 19:51:00+00:00,60.0,OK
725053-94728,2025-04-15,26,26,2025-04-15 00:51:00+00:00,2025-04-15 23:51:00+00:00,69.08,2025-04-15 17:51:00+00:00,60.0,OK
725053-94728,2025-04-16,24,24,2025-04-16 00:51:00+00:00,2025-04-16 23:51:00+00:00,53.96,2025-04-16 00:51:00+00:00,60.0,OK
725053-94728,2025-04-17,24,24,2025-04-17 00:51:00+00:00,2025-04-17 23:51:00+00:00,62.959999999999994,2025-04-17 20:51:00+00:00,60.0,OK
725053-94728,2025-04-18,24,24,2025-04-18 00:51:00+00:00,2025-04-18 23:51:00+00:00,68.0,2025-04-18 17:51:00+00:00,60.0,OK
725053-94728,2025-04-19,24,24,2025-04-19 00:51:00+00:00,2025-04-19 23:51:00+00:00,84.02,2025-04-19 19:51:00+00:00,60.0,OK
725053-94728,2025-04-20,24,24,2025-04-20 00:51:00+00:00,2025-04-20 23:51:00+00:00,75.92,2025-04-20 00:51:00+00:00,60.0,OK
725053-94728,2025-04-21,24,24,2025-04-21 00:51:00+00:00,2025-04-21 23:51:00+00:00,62.059999999999995,2025-04-21 00:51:00+00:00,60.0,OK
725053-94728,2025-04-22,31,31,2025-04-22 00:33:00+00:00,2025-04-22 23:51:00+00:00,80.06,2025-04-22 18:51:00+00:00,60.0,OK
725053-94728,2025-04-23,24,24,2025-04-23 00:51:00+00:00,2025-04-23 23:51:00+00:00,75.02,2025-04-23 19:51:00+00:00,60.0,OK
725053-94728,2025-04-24,24,24,2025-04-24 00:51:00+00:00,2025-04-24 23:51:00+00:00,77.0,2025-04-24 16:51:00+00:00,60.0,OK
725053-94728,2025-04-25,24,24,2025-04-25 00:51:00+00:00,2025-04-25 23:51:00+00:00,75.92,2025-04-25 17:51:00+00:00,60.0,OK
725053-94728,2025-04-26,43,43,2025-04-26 00:51:00+00:00,2025-04-26 23:51:00+00:00,71.6,2025-04-26 18:49:00+00:00,60.0,OK
725053-94728,2025-04-27,33,33,2025-04-27 00:34:00+00:00,2025-04-27 23:59:00+00:00,64.04,2025-04-27 00:34:00+00:00,60.0,OK
725053-94728,2025-04-28,24,24,2025-04-28 00:51:00+00:00,2025-04-28 23:51:00+00:00,75.02,2025-04-28 18:51:00+00:00,60.0,OK
725053-94728,2025-04-29,24,24,2025-04-29 00:51:00+00:00,2025-04-29 23:51:00+00:00,77.0,2025-04-29 16:51:00+00:00,60.0,OK
725053-94728,2025-04-30,28,28,2025-04-30 00:51:00+00:00,2025-04-30 23:51:00+00:00,73.04,2025-04-30 18:51:00+00:00,60.0,OK
725053-94728,2025-05-01,24,24,2025-05-01 00:51:00+00:00,2025-05-01 23:51:00+00:00,71.06,2025-05-01 16:51:00+00:00,60.0,OK
725053-94728,2025-05-02,33,33,2025-05-02 00:51:00+00:00,2025-05-02 23:51:00+00:00,82.94,2025-05-02 18:51:00+00:00,60.0,OK
725053-94728,2025-05-03,24,24,2025-05-03 00:51:00+00:00,2025-05-03 23:51:00+00:00,84.02,2025-05-03 19:51:00+00:00,60.0,OK
725053-94728,2025-05-04,43,43,2025-05-04 00:51:00+00:00,2025-05-04 23:51:00+00:00,71.06,2025-05-04 00:51:00+00:00,60.0,OK
725053-94728,2025-05-05,77,77,2025-05-05 00:35:00+00:00,2025-05-05 23:51:00+00:00,60.980000000000004,2025-05-05 00:35:00+00:00,60.0,OK
725053-94728,2025-05-06,64,64,2025-05-06 00:26:00+00:00,2025-05-06 23:51:00+00:00,62.959999999999994,2025-05-06 17:51:00+00:00,60.0,OK
725053-94728,2025-05-07,28,28,2025-05-07 00:26:00+00:00,2025-05-07 23:51:00+00:00,73.04,2025-05-07 18:51:00+00:00,60.0,OK
725053-94728,2025-05-08,24,24,2025-05-08 00:51:00+00:00,2025-05-08 23:51:00+00:00,77.0,2025-05-08 16:51:00+00:00,60.0,OK
725053-94728,2025-05-09,62,62,2025-05-09 00:51:00+00:00,2025-05-09 23:51:00+00:00,62.959999999999994,2025-05-09 00:51:00+00:00,60.0,OK
725053-94728,2025-05-10,40,40,2025-05-10 00:37:00+00:00,2025-05-10 23:51:00+00:00,71.96,2025-05-10 21:51:00+00:00,60.0,OK
725053-94728,2025-05-11,24,24,2025-05-11 00:51:00+00:00,2025-05-11 23:51:00+00:00,77.0,2025-05-11 17:51:00+00:00,60.0,OK
725053-94728,2025-05-12,24,24,2025-05-12 00:51:00+00:00,2025-05-12 23:51:00+00:00,71.96,2025-05-12 18:51:00+00:00,60.0,OK
725053-94728,2025-05-13,33,33,2025-05-13 00:51:00+00:00,2025-05-13 23:51:00+00:00,68.0,2025-05-13 13:51:00+00:00,60.0,OK
725053-94728,2025-05-14,69,69,2025-05-14 00:08:00+00:00,2025-05-14 23:51:00+00:00,62.959999999999994,2025-05-14 00:08:00+00:00,60.0,OK
725053-94728,2025-05-15,52,52,2025-05-15 00:01:00+00:00,2025-05-15 23:51:00+00:00,68.0,2025-05-15 19:51:00+00:00,60.0,OK
725053-94728,2025-05-16,56,56,2025-05-16 00:17:00+00:00,2025-05-16 23:51:00+00:00,71.06,2025-05-16 15:51:00+00:00,60.0,OK
725053-94728,2025-05-17,34,34,2025-05-17 00:51:00+00:00,2025-05-17 23:51:00+00:00,80.96,2025-05-17 20:51:00+00:00,60.0,OK
725053-94728,2025-05-18,30,30,2025-05-18 00:36:00+00:00,2025-05-18 23:51:00+00:00,78.98,2025-05-18 00:36:00+00:00,60.0,OK
725053-94728,2025-05-19,28,28,2025-05-19 00:51:00+00:00,2025-05-19 23:51:00+00:00,69.08,2025-05-19 00:51:00+00:00,60.0,OK
725053-94728,2025-05-20,26,26,2025-05-20 00:51:00+00:00,2025-05-20 23:51:00+00:00,66.02,2025-05-20 18:51:00+00:00,60.0,OK
725053-94728,2025-05-21,27,27,2025-05-21 00:51:00+00:00,2025-05-21 23:51:00+00:00,60.980000000000004,2025-05-21 00:51:00+00:00,60.0,OK
725053-94728,2025-05-22,61,61,2025-05-22 00:51:00+00:00,2025-05-22 23:51:00+00:00,51.8,2025-05-22 20:49:00+00:00,60.0,OK
725053-94728,2025-05-23,53,53,2025-05-23 00:34:00+00:00,2025-05-23 23:58:00+00:00,60.980000000000004,2025-05-23 19:51:00+00:00,60.0,OK
725053-94728,2025-05-24,28,28,2025-05-24 00:28:00+00:00,2025-05-24 23:51:00+00:00,62.959999999999994,2025-05-24 19:51:00+00:00,60.0,OK
725053-94728,2025-05-25,24,24,2025-05-25 00:51:00+00:00,2025-05-25 23:51:00+00:00,64.94,2025-05-25 19:51:00+00:00,60.0,OK
725053-94728,2025-05-26,24,24,2025-05-26 00:51:00+00:00,2025-05-26 23:51:00+00:00,71.96,2025-05-26 17:51:00+00:00,60.0,OK
725053-94728,2025-05-27,24,24,2025-05-27 00:51:00+00:00,2025-05-27 23:51:00+00:00,73.04,2025-05-27 17:51:00+00:00,60.0,OK
725053-94728,2025-05-28,26,26,2025-05-28 00:51:00+00:00,2025-05-28 23:51:00+00:00,66.02,2025-05-28 00:51:00+00:00,60.0,OK
725053-94728,2025-05-29,31,31,2025-05-29 00:37:00+00:00,2025-05-29 23:51:00+00:00,66.02,2025-05-29 21:51:00+00:00,120.0,OK
725053-94728,2025-05-30,30,30,2025-05-30 00:51:00+00:00,2025-05-30 23:59:00+00:00,75.02,2025-05-30 18:12:00+00:00,60.0,OK
725053-94728,2025-05-31,60,60,2025-05-31 00:08:00+00:00,2025-05-31 23:51:00+00:00,66.92,2025-05-31 19:51:00+00:00,60.0,OK
725053-94728,2025-06-01,27,27,2025-06-01 00:51:00+00:00,2025-06-01 23:51:00+00:00,64.94,2025-06-01 18:33:00+00:00,60.0,OK
725053-94728,2025-06-02,24,24,2025-06-02 00:51:00+00:00,2025-06-02 23:51:00+00:00,69.98,2025-06-02 19:51:00+00:00,60.0,OK
725053-94728,2025-06-03,24,24,2025-06-03 00:51:00+00:00,2025-06-03 23:51:00+00:00,78.08,2025-06-03 18:51:00+00:00,60.0,OK
725053-94728,2025-06-04,24,24,2025-06-04 00:51:00+00:00,2025-06-04 23:51:00+00:00,82.04,2025-06-04 16:51:00+00:00,60.0,OK
725053-94728,2025-06-05,24,24,2025-06-05 00:51:00+00:00,2025-06-05 23:51:00+00:00,86.0,2025-06-05 17:51:00+00:00,60.0,OK
725053-94728,2025-06-06,26,26,2025-06-06 00:51:00+00:00,2025-06-06 23:51:00+00:00,82.94,2025-06-06 15:51:00+00:00,60.0,OK
725053-94728,2025-06-07,44,44,2025-06-07 00:51:00+00:00,2025-06-07 23:51:00+00:00,75.92,2025-06-07 00:51:00+00:00,60.0,OK
725053-94728,2025-06-08,26,26,2025-06-08 00:51:00+00:00,2025-06-08 23:51:00+00:00,75.92,2025-06-08 16:51:00+00:00,60.0,OK
725053-94728,2025-06-09,36,36,2025-06-09 00:36:00+00:00,2025-06-09 23:51:00+00:00,66.92,2025-06-09 00:36:00+00:00,60.0,OK
725053-94728,2025-06-10,53,53,2025-06-10 00:51:00+00:00,2025-06-10 23:51:00+00:00,73.04,2025-06-10 21:51:00+00:00,60.0,OK
725053-94728,2025-06-11,24,24,2025-06-11 00:51:00+00:00,2025-06-11 23:51:00+00:00,80.06,2025-06-11 17:51:00+00:00,60.0,OK
725053-94728,2025-06-12,24,24,2025-06-12 00:51:00+00:00,2025-06-12 23:51:00+00:00,86.0,2025-06-12 17:51:00+00:00,60.0,OK
725053-94728,2025-06-13,24,24,2025-06-13 00:51:00+00:00,2025-06-13 23:51:00+00:00,82.04,2025-06-13 00:51:00+00:00,60.0,OK
725053-94728,2025-06-14,40,40,2025-06-14 00:51:00+00:00,2025-06-14 23:51:00+00:00,71.96,2025-06-14 00:51:00+00:00,60.0,OK
725053-94728,2025-06-15,33,33,2025-06-15 00:12:00+00:00,2025-06-15 23:51:00+00:00,64.04,2025-06-15 21:51:00+00:00,60.0,OK
725053-94728,2025-06-16,41,41,2025-06-16 00:51:00+00:00,2025-06-16 23:51:00+00:00,69.8,2025-06-16 19:49:00+00:00,60.0,OK
725053-94728,2025-06-17,59,59,2025-06-17 00:51:00+00:00,2025-06-17 23:51:00+00:00,66.92,2025-06-17 22:51:00+00:00,60.0,OK
725053-94728,2025-06-18,58,58,2025-06-18 00:51:00+00:00,2025-06-18 23:51:00+00:00,82.94,2025-06-18 20:51:00+00:00,60.0,OK
725053-94728,2025-06-19,42,42,2025-06-19 00:51:00+00:00,2025-06-19 23:51:00+00:00,87.08000000000001,2025-06-19 16:51:00+00:00,60.0,OK
725053-94728,2025-06-20,25,25,2025-06-20 00:51:00+00:00,2025-06-20 23:51:00+00:00,80.96,2025-06-20 18:51:00+00:00,60.0,OK
725053-94728,2025-06-21,24,24,2025-06-21 00:51:00+00:00,2025-06-21 23:51:00+00:00,86.0,2025-06-21 19:51:00+00:00,60.0,OK
725053-94728,2025-06-22,26,26,2025-06-22 00:51:00+00:00,2025-06-22 23:51:00+00:00,87.08000000000001,2025-06-22 20:51:00+00:00,60.0,OK
725053-94728,2025-06-23,24,24,2025-06-23 00:51:00+00:00,2025-06-23 23:51:00+00:00,95.0,2025-06-23 17:51:00+00:00,60.0,OK
725053-94728,2025-06-24,24,24,2025-06-24 00:51:00+00:00,2025-06-24 23:51:00+00:00,98.06,2025-06-24 19:51:00+00:00,60.0,OK
725053-94728,2025-06-25,24,24,2025-06-25 00:51:00+00:00,2025-06-25 23:51:00+00:00,95.0,2025-06-25 20:51:00+00:00,60.0,OK
725053-94728,2025-06-26,33,33,2025-06-26 00:51:00+00:00,2025-06-26 23:51:00+00:00,87.08000000000001,2025-06-26 00:51:00+00:00,60.0,OK
725053-94728,2025-06-27,38,38,2025-06-27 00:42:00+00:00,2025-06-27 23:51:00+00:00,71.06,2025-06-27 16:51:00+00:00,60.0,OK
725053-94728,2025-06-28,41,41,2025-06-28 00:51:00+00:00,2025-06-28 23:51:00+00:00,82.04,2025-06-28 20:51:00+00:00,60.0,OK
725053-94728,2025-06-29,24,24,2025-06-29 00:51:00+00:00,2025-06-29 23:51:00+00:00,87.98,2025-06-29 20:51:00+00:00,60.0,OK
725053-94728,2025-06-30,24,24,2025-06-30 00:51:00+00:00,2025-06-30 23:51:00+00:00,89.06,2025-06-30 16:51:00+00:00,60.0,OK
725053-94728,2025-07-01,37,37,2025-07-01 00:51:00+00:00,2025-07-01 23:51:00+00:00,87.08000000000001,2025-07-01 17:51:00+00:00,60.0,OK
725053-94728,2025-07-02,38,38,2025-07-02 00:08:00+00:00,2025-07-02 23:51:00+00:00,82.04,2025-07-02 18:51:00+00:00,60.0,OK
725053-94728,2025-07-03,25,25,2025-07-03 00:51:00+00:00,2025-07-03 23:51:00+00:00,87.08000000000001,2025-07-03 16:51:00+00:00,60.0,OK
725053-94728,2025-07-04,24,24,2025-07-04 00:51:00+00:00,2025-07-04 23:51:00+00:00,82.94,2025-07-04 20:51:00+00:00,60.0,OK
725053-94728,2025-07-05,24,24,2025-07-05 00:51:00+00:00,2025-07-05 23:51:00+00:00,82.94,2025-07-05 16:51:00+00:00,60.0,OK
725053-94728,2025-07-06,24,24,2025-07-06 00:51:00+00:00,2025-07-06 23:51:00+00:00,86.0,2025-07-06 17:51:00+00:00,60.0,OK
725053-94728,2025-07-07,33,33,2025-07-07 00:51:00+00:00,2025-07-07 23:51:00+00:00,86.0,2025-07-07 17:51:00+00:00,60.0,OK
725053-94728,2025-07-08,29,29,2025-07-08 00:51:00+00:00,2025-07-08 23:51:00+00:00,93.02,2025-07-08 17:51:00+00:00,60.0,OK
725053-94728,2025-07-09,27,27,2025-07-09 00:13:00+00:00,2025-07-09 23:51:00+00:00,89.96000000000001,2025-07-09 20:51:00+00:00,60.0,OK
725053-94728,2025-07-10,28,28,2025-07-10 00:51:00+00:00,2025-07-10 23:51:00+00:00,84.02,2025-07-10 00:51:00+00:00,60.0,OK
725053-94728,2025-07-11,35,35,2025-07-11 00:51:00+00:00,2025-07-11 23:51:00+00:00,84.02,2025-07-11 17:51:00+00:00,60.0,OK
725053-94728,2025-07-12,42,42,2025-07-12 00:51:00+00:00,2025-07-12 23:51:00+00:00,82.4,2025-07-12 15:48:00+00:00,60.0,OK
725053-94728,2025-07-13,36,36,2025-07-13 00:51:00+00:00,2025-07-13 23:51:00+00:00,80.96,2025-07-13 19:51:00+00:00,60.0,OK
725053-94728,2025-07-14,53,53,2025-07-14 00:28:00+00:00,2025-07-14 23:51:00+00:00,84.91999999999999,2025-07-14 18:51:00+00:00,60.0,OK
725053-94728,2025-07-15,48,48,2025-07-15 00:05:00+00:00,2025-07-15 23:51:00+00:00,86.0,2025-07-15 19:51:00+00:00,60.0,OK
725053-94728,2025-07-16,24,24,2025-07-16 00:51:00+00:00,2025-07-16 23:51:00+00:00,86.0,2025-07-16 15:51:00+00:00,60.0,OK
725053-94728,2025-07-17,26,26,2025-07-17 00:51:00+00:00,2025-07-17 23:51:00+00:00,89.06,2025-07-17 21:51:00+00:00,60.0,OK
725053-94728,2025-07-18,24,24,2025-07-18 00:51:00+00:00,2025-07-18 23:51:00+00:00,87.08000000000001,2025-07-18 00:51:00+00:00,60.0,OK
725053-94728,2025-07-19,25,25,2025-07-19 00:51:00+00:00,2025-07-19 23:51:00+00:00,80.06,2025-07-19 15:51:00+00:00,60.0,OK
725053-94728,2025-07-20,31,31,2025-07-20 00:51:00+00:00,2025-07-20 23:51:00+00:00,87.08000000000001,2025-07-20 18:51:00+00:00,60.0,OK
725053-94728,2025-07-21,24,24,2025-07-21 00:51:00+00:00,2025-07-21 23:51:00+00:00,84.91999999999999,2025-07-21 18:51:00+00:00,60.0,OK
725053-94728,2025-07-22,24,24,2025-07-22 00:51:00+00:00,2025-07-22 23:51:00+00:00,78.98,2025-07-22 00:51:00+00:00,60.0,OK
725053-94728,2025-07-23,29,29,2025-07-23 00:51:00+00:00,2025-07-23 23:51:00+00:00,78.98,2025-07-23 15:51:00+00:00,60.0,OK
725053-94728,2025-07-24,24,24,2025-07-24 00:51:00+00:00,2025-07-24 23:51:00+00:00,86.0,2025-07-24 17:51:00+00:00,60.0,OK
725053-94728,2025-07-25,25,25,2025-07-25 00:51:00+00:00,2025-07-25 23:51:00+00:00,93.91999999999999,2025-07-25 17:51:00+00:00,60.0,OK
725053-94728,2025-07-26,24,24,2025-07-26 00:51:00+00:00,2025-07-26 23:51:00+00:00,84.02,2025-07-26 17:51:00+00:00,92.0,OK
725053-94728,2025-07-27,26,26,2025-07-27 00:51:00+00:00,2025-07-27 23:51:00+00:00,82.94,2025-07-27 19:51:00+00:00,60.0,OK
725053-94728,2025-07-28,24,24,2025-07-28 00:51:00+00:00,2025-07-28 23:51:00+00:00,93.02,2025-07-28 17:51:00+00:00,60.0,OK
725053-94728,2025-07-29,24,24,2025-07-29 00:51:00+00:00,2025-07-29 23:51:00+00:00,96.98,2025-07-29 18:51:00+00:00,60.0,OK
725053-94728,2025-07-30,29,29,2025-07-30 00:51:00+00:00,2025-07-30 23:51:00+00:00,95.0,2025-07-30 15:51:00+00:00,60.0,OK
725053-94728,2025-07-31,31,31,2025-07-31 00:15:00+00:00,2025-07-31 23:51:00+00:00,89.06,2025-07-31 16:51:00+00:00,60.0,OK
725053-94728,2025-08-01,36,36,2025-08-01 00:51:00+00:00,2025-08-01 23:51:00+00:00,73.04,2025-08-01 21:51:00+00:00,60.0,OK
725053-94728,2025-08-02,24,24,2025-08-02 00:51:00+00:00,2025-08-02 23:51:00+00:00,80.06,2025-08-02 18:51:00+00:00,60.0,OK
725053-94728,2025-08-03,24,24,2025-08-03 00:51:00+00:00,2025-08-03 23:51:00+00:00,82.94,2025-08-03 17:51:00+00:00,60.0,OK
725053-94728,2025-08-04,24,24,2025-08-04 00:51:00+00:00,2025-08-04 23:51:00+00:00,87.98,2025-08-04 18:51:00+00:00,60.0,OK
725053-94728,2025-08-05,24,24,2025-08-05 00:51:00+00:00,2025-08-05 23:51:00+00:00,84.91999999999999,2025-08-05 17:51:00+00:00,60.0,OK
725053-94728,2025-08-06,28,28,2025-08-06 00:51:00+00:00,2025-08-06 23:51:00+00:00,78.08,2025-08-06 16:51:00+00:00,60.0,OK
725053-94728,2025-08-07,26,26,2025-08-07 00:51:00+00:00,2025-08-07 23:51:00+00:00,78.08,2025-08-07 16:51:00+00:00,60.0,OK
725053-94728,2025-08-08,24,24,2025-08-08 00:51:00+00:00,2025-08-08 23:51:00+00:00,80.96,2025-08-08 16:51:00+00:00,60.0,OK
725053-94728,2025-08-09,24,24,2025-08-09 00:51:00+00:00,2025-08-09 23:51:00+00:00,84.91999999999999,2025-08-09 18:51:00+00:00,60.0,OK
725053-94728,2025-08-10,24,24,2025-08-10 00:51:00+00:00,2025-08-10 23:51:00+00:00,89.06,2025-08-10 18:51:00+00:00,60.0,OK
725053-94728,2025-08-11,24,24,2025-08-11 00:51:00+00:00,2025-08-11 23:51:00+00:00,87.98,2025-08-11 16:51:00+00:00,60.0,OK
725053-94728,2025-08-12,24,24,2025-08-12 00:51:00+00:00,2025-08-12 23:51:00+00:00,89.06,2025-08-12 16:51:00+00:00,60.0,OK
725053-94728,2025-08-13,30,30,2025-08-13 00:51:00+00:00,2025-08-13 23:51:00+00:00,87.98,2025-08-13 15:51:00+00:00,60.0,OK
725053-94728,2025-08-14,34,34,2025-08-14 00:49:00+00:00,2025-08-14 23:51:00+00:00,89.06,2025-08-14 19:51:00+00:00,60.0,OK
725053-94728,2025-08-15,24,24,2025-08-15 00:51:00+00:00,2025-08-15 23:51:00+00:00,87.98,2025-08-15 17:51:00+00:00,60.0,OK
725053-94728,2025-08-16,32,32,2025-08-16 00:51:00+00:00,2025-08-16 23:51:00+00:00,82.94,2025-08-16 17:51:00+00:00,60.0,OK
725053-94728,2025-08-17,33,33,2025-08-17 00:51:00+00:00,2025-08-17 23:51:00+00:00,89.06,2025-08-17 18:51:00+00:00,60.0,OK
725053-94728,2025-08-18,32,32,2025-08-18 00:51:00+00:00,2025-08-18 23:51:00+00:00,75.92,2025-08-18 00:51:00+00:00,60.0,OK
725053-94728,2025-08-19,24,24,2025-08-19 00:51:00+00:00,2025-08-19 23:51:00+00:00,75.92,2025-08-19 17:51:00+00:00,60.0,OK
725053-94728,2025-08-20,46,46,2025-08-20 00:51:00+00:00,2025-08-20 23:51:00+00:00,69.8,2025-08-20 16:49:00+00:00,60.0,OK
725053-94728,2025-08-21,40,40,2025-08-21 00:03:00+00:00,2025-08-21 23:51:00+00:00,71.06,2025-08-21 19:51:00+00:00,60.0,OK
725053-94728,2025-08-22,24,24,2025-08-22 00:51:00+00:00,2025-08-22 23:51:00+00:00,82.04,2025-08-22 17:51:00+00:00,60.0,OK
725053-94728,2025-08-23,24,24,2025-08-23 00:51:00+00:00,2025-08-23 23:51:00+00:00,80.96,2025-08-23 17:51:00+00:00,60.0,OK
725053-94728,2025-08-24,34,34,2025-08-24 00:51:00+00:00,2025-08-24 23:51:00+00:00,78.98,2025-08-24 16:51:00+00:00,60.0,OK
725030-14732,2025-01-01,46,46,2025-01-01 00:00:00+00:00,2025-01-01 23:51:00+00:00,51.98,2025-01-01 16:51:00+00:00,60.0,OK
725030-14732,2025-01-02,32,32,2025-01-02 00:00:00+00:00,2025-01-02 23:51:00+00:00,42.980000000000004,2025-01-02 00:00:00+00:00,60.0,OK
725030-14732,2025-01-03,32,32,2025-01-03 00:00:00+00:00,2025-01-03 23:51:00+00:00,39.02,2025-01-03 18:51:00+00:00,60.0,OK
725030-14732,2025-01-04,32,32,2025-01-04 00:00:00+00:00,2025-01-04 23:51:00+00:00,35.06,2025-01-04 00:00:00+00:00,60.0,OK
725030-14732,2025-01-05,32,32,2025-01-05 00:00:00+00:00,2025-01-05 23:51:00+00:00,33.08,2025-01-05 17:51:00+00:00,60.0,OK
725030-14732,2025-01-06,41,41,2025-01-06 00:00:00+00:00,2025-01-06 23:51:00+00:00,30.92,2025-01-06 00:00:00+00:00,60.0,OK
725030-14732,2025-01-07,31,31,2025-01-07 00:00:00+00:00,2025-01-07 23:51:00+00:00,33.98,2025-01-07 19:51:00+00:00,60.0,OK
725030-14732,2025-01-08,32,32,2025-01-08 00:00:00+00:00,2025-01-08 23:51:00+00:00,30.02,2025-01-08 17:51:00+00:00,60.0,OK
725030-14732,2025-01-09,31,31,2025-01-09 00:00:00+00:00,2025-01-09 23:51:00+00:00,33.98,2025-01-09 19:51:00+00:00,60.0,OK
725030-14732,2025-01-10,32,32,2025-01-10 00:00:00+00:00,2025-01-10 23:51:00+00:00,39.92,2025-01-10 18:51:00+00:00,60.0,OK
725030-14732,2025-01-11,41,41,2025-01-11 00:00:00+00:00,2025-01-11 23:51:00+00:00,37.04,2025-01-11 00:00:00+00:00,60.0,OK
725030-14732,2025-01-12,32,32,2025-01-12 00:00:00+00:00,2025-01-12 23:51:00+00:00,42.08,2025-01-12 18:51:00+00:00,60.0,OK
725030-14732,2025-01-13,32,32,2025-01-13 00:00:00+00:00,2025-01-13 23:51:00+00:00,42.980000000000004,2025-01-13 19:51:00+00:00,60.0,OK
725030-14732,2025-01-14,32,32,2025-01-14 00:00:00+00:00,2025-01-14 23:51:00+00:00,41.0,2025-01-14 00:00:00+00:00,60.0,OK
725030-14732,2025-01-15,32,32,2025-01-15 00:00:00+00:00,2025-01-15 23:51:00+00:00,32.0,2025-01-15 18:51:00+00:00,60.0,OK
725030-14732,2025-01-16,33,33,2025-01-16 00:00:00+00:00,2025-01-16 23:51:00+00:00,30.92,2025-01-16 18:51:00+00:00,60.0,OK
725030-14732,2025-01-17,34,34,2025-01-17 00:00:00+00:00,2025-01-17 23:51:00+00:00,42.980000000000004,2025-01-17 19:51:00+00:00,60.0,OK
725030-14732,2025-01-18,42,42,2025-01-18 00:00:00+00:00,2025-01-18 23:51:00+00:00,46.04,2025-01-18 17:51:00+00:00,60.0,OK
725030-14732,2025-01-19,43,43,2025-01-19 00:00:00+00:00,2025-01-19 23:51:00+00:00,42.980000000000004,2025-01-19 02:51:00+00:00,60.0,OK
725030-14732,2025-01-20,38,38,2025-01-20 00:00:00+00:00,2025-01-20 23:51:00+00:00,30.92,2025-01-20 00:00:00+00:00,60.0,OK
725030-14732,2025-01-21,32,32,2025-01-21 00:00:00+00:00,2025-01-21 23:51:00+00:00,23.0,2025-01-21 00:00:00+00:00,60.0,OK
725030-14732,2025-01-22,31,31,2025-01-22 00:00:00+00:00,2025-01-22 23:51:00+00:00,21.02,2025-01-22 18:51:00+00:00,60.0,OK
725030-14732,2025-01-23,30,30,2025-01-23 00:00:00+00:00,2025-01-23 23:51:00+00:00,28.94,2025-01-23 18:51:00+00:00,60.0,OK
725030-14732,2025-01-24,32,32,2025-01-24 00:00:00+00:00,2025-01-24 23:51:00+00:00,33.98,2025-01-24 19:51:00+00:00,60.0,OK
725030-14732,2025-01-25,32,32,2025-01-25 00:00:00+00:00,2025-01-25 23:51:00+00:00,32.0,2025-01-25 00:00:00+00:00,60.0,OK
725030-14732,2025-01-26,33,33,2025-01-26 00:00:00+00:00,2025-01-26 23:51:00+00:00,44.06,2025-01-26 19:51:00+00:00,60.0,OK
725030-14732,2025-01-27,32,32,2025-01-27 00:00:00+00:00,2025-01-27 23:51:00+00:00,41.0,2025-01-27 18:51:00+00:00,60.0,OK
725030-14732,2025-01-28,32,32,2025-01-28 00:00:00+00:00,2025-01-28 23:51:00+00:00,42.08,2025-01-28 16:51:00+00:00,60.0,OK
725030-14732,2025-01-29,32,32,2025-01-29 00:00:00+00:00,2025-01-29 23:51:00+00:00,53.06,2025-01-29 18:51:00+00:00,60.0,OK
725030-14732,2025-01-30,32,32,2025-01-30 00:00:00+00:00,2025-01-30 23:51:00+00:00,44.96,2025-01-30 00:00:00+00:00,60.0,OK
725030-14732,2025-01-31,42,42,2025-01-31 00:00:00+00:00,2025-01-31 23:51:00+00:00,46.4,2025-01-31 17:48:00+00:00,60.0,OK
725030-14732,2025-02-01,47,47,2025-02-01 00:00:00+00:00,2025-02-01 23:51:00+00:00,48.92,2025-02-01 03:06:00+00:00,60.0,OK
725030-14732,2025-02-02,32,32,2025-02-02 00:00:00+00:00,2025-02-02 23:51:00+00:00,30.92,2025-02-02 00:00:00+00:00,60.0,OK
725030-14732,2025-02-03,42,42,2025-02-03 00:00:00+00:00,2025-02-03 23:51:00+00:00,48.02,2025-02-03 19:51:00+00:00,60.0,OK
725030-14732,2025-02-04,32,32,2025-02-04 00:00:00+00:00,2025-02-04 23:51:00+00:00,48.92,2025-02-04 07:51:00+00:00,60.0,OK
725030-14732,2025-02-05,32,32,2025-02-05 00:00:00+00:00,2025-02-05 23:51:00+00:00,37.04,2025-02-05 00:00:00+00:00,60.0,OK
725030-14732,2025-02-06,53,53,2025-02-06 00:00:00+00:00,2025-02-06 23:51:00+00:00,39.2,2025-02-06 21:49:00+00:00,60.0,OK
725030-14732,2025-02-07,40,40,2025-02-07 00:00:00+00:00,2025-02-07 23:51:00+00:00,42.980000000000004,2025-02-07 10:51:00+00:00,60.0,OK
725030-14732,2025-02-08,32,32,2025-02-08 00:00:00+00:00,2025-02-08 23:51:00+00:00,35.06,2025-02-08 18:51:00+00:00,60.0,OK
725030-14732,2025-02-09,46,46,2025-02-09 00:00:00+00:00,2025-02-09 23:51:00+00:00,35.06,2025-02-09 20:51:00+00:00,60.0,OK
725030-14732,2025-02-10,31,31,2025-02-10 00:00:00+00:00,2025-02-10 23:51:00+00:00,37.94,2025-02-10 19:51:00+00:00,60.0,OK
725030-14732,2025-02-11,30,30,2025-02-11 00:00:00+00:00,2025-02-11 23:51:00+00:00,35.96,2025-02-11 23:51:00+00:00,60.0,OK
725030-14732,2025-02-12,49,49,2025-02-12 00:00:00+00:00,2025-02-12 23:55:00+00:00,35.96,2025-02-12 00:00:00+00:00,60.0,OK
725030-14732,2025-02-13,53,53,2025-02-13 00:00:00+00:00,2025-02-13 23:51:00+00:00,46.94,2025-02-13 21:25:00+00:00,60.0,OK
725030-14732,2025-02-14,32,32,2025-02-14 00:00:00+00:00,2025-02-14 23:51:00+00:00,44.96,2025-02-14 00:00:00+00:00,60.0,OK
725030-14732,2025-02-15,40,40,2025-02-15 00:00:00+00:00,2025-02-15 23:51:00+00:00,35.96,2025-02-15 18:42:00+00:00,60.0,OK
725030-14732,2025-02-16,46,46,2025-02-16 00:00:00+00:00,2025-02-16 23:51:00+00:00,48.92,2025-02-16 22:59:00+00:00,60.0,OK
725030-14732,2025-02-17,32,32,2025-02-17 00:00:00+00:00,2025-02-17 23:51:00+00:00,44.96,2025-02-17 00:00:00+00:00,60.0,OK
725030-14732,2025-02-18,32,32,2025-02-18 00:00:00+00:00,2025-02-18 23:51:00+00:00,33.08,2025-02-18 00:00:00+00:00,60.0,OK
725030-14732,2025-02-19,32,32,2025-02-19 00:00:00+00:00,2025-02-19 23:51:00+00:00,30.02,2025-02-19 18:51:00+00:00,60.0,OK
725030-14732,2025-02-20,32,32,2025-02-20 00:00:00+00:00,2025-02-20 23:51:00+00:00,28.94,2025-02-20 18:51:00+00:00,60.0,OK
725030-14732,2025-02-21,34,34,2025-02-21 00:00:00+00:00,2025-02-21 23:51:00+00:00,35.06,2025-02-21 19:51:00+00:00,60.0,OK
725030-14732,2025-02-22,32,32,2025-02-22 00:00:00+00:00,2025-02-22 23:51:00+00:00,39.92,2025-02-22 19:51:00+00:00,60.0,OK
725030-14732,2025-02-23,33,33,2025-02-23 00:00:00+00:00,2025-02-23 23:51:00+00:00,46.94,2025-02-23 19:51:00+00:00,60.0,OK
725030-14732,2025-02-24,32,32,2025-02-24 00:00:00+00:00,2025-02-24 23:51:00+00:00,48.92,2025-02-24 18:51:00+00:00,60.0,OK
725030-14732,2025-02-25,32,32,2025-02-25 00:00:00+00:00,2025-02-25 23:51:00+00:00,55.94,2025-02-25 16:51:00+00:00,60.0,OK
725030-14732,2025-02-26,32,32,2025-02-26 00:00:00+00:00,2025-02-26 23:51:00+00:00,57.02,2025-02-26 19:51:00+00:00,60.0,OK
725030-14732,2025-02-27,32,32,2025-02-27 00:00:00+00:00,2025-02-27 23:51:00+00:00,55.04,2025-02-27 21:51:00+00:00,60.0,OK
725030-14732,2025-02-28,29,29,2025-02-28 00:00:00+00:00,2025-02-28 23:51:00+00:00,55.04,2025-02-28 00:00:00+00:00,60.0,OK
725030-14732,2025-03-01,32,32,2025-03-01 00:00:00+00:00,2025-03-01 23:51:00+00:00,64.04,2025-03-01 17:51:00+00:00,60.0,OK
725030-14732,2025-03-02,32,32,2025-03-02 00:00:00+00:00,2025-03-02 23:51:00+00:00,39.92,2025-03-02 00:00:00+00:00,60.0,OK
725030-14732,2025-03-03,32,32,2025-03-03 00:00:00+00:00,2025-03-03 23:51:00+00:00,39.92,2025-03-03 21:51:00+00:00,60.0,OK
725030-14732,2025-03-04,32,32,2025-03-04 00:00:00+00:00,2025-03-04 23:51:00+00:00,51.08,2025-03-04 19:51:00+00:00,60.0,OK
725030-14732,2025-03-05,36,36,2025-03-05 00:00:00+00:00,2025-03-05 23:51:00+00:00,53.96,2025-03-05 19:51:00+00:00,60.0,OK
725030-14732,2025-03-06,48,48,2025-03-06 00:00:00+00:00,2025-03-06 23:51:00+00:00,55.04,2025-03-06 03:51:00+00:00,60.0,OK
725030-14732,2025-03-07,33,33,2025-03-07 00:00:00+00:00,2025-03-07 23:51:00+00:00,50.0,2025-03-07 20:51:00+00:00,60.0,OK
725030-14732,2025-03-08,32,32,2025-03-08 00:00:00+00:00,2025-03-08 23:51:00+00:00,48.92,2025-03-08 00:00:00+00:00,60.0,OK
725030-14732,2025-03-09,32,32,2025-03-09 00:00:00+00:00,2025-03-09 23:51:00+00:00,53.96,2025-03-09 20:51:00+00:00,60.0,OK
725030-14732,2025-03-10,33,33,2025-03-10 00:00:00+00:00,2025-03-10 23:51:00+00:00,66.92,2025-03-10 19:51:00+00:00,60.0,OK
725030-14732,2025-03-11,32,32,2025-03-11 00:00:00+00:00,2025-03-11 23:51:00+00:00,62.059999999999995,2025-03-11 15:51:00+00:00,60.0,OK
725030-14732,2025-03-12,31,31,2025-03-12 00:00:00+00:00,2025-03-12 23:51:00+00:00,55.04,2025-03-12 03:51:00+00:00,60.0,OK
725030-14732,2025-03-13,34,34,2025-03-13 00:00:00+00:00,2025-03-13 23:51:00+00:00,46.04,2025-03-13 00:00:00+00:00,60.0,OK
725030-14732,2025-03-14,34,34,2025-03-14 00:00:00+00:00,2025-03-14 23:51:00+00:00,53.96,2025-03-14 18:51:00+00:00,60.0,OK
725030-14732,2025-03-15,50,50,2025-03-15 00:00:00+00:00,2025-03-15 23:51:00+00:00,48.92,2025-03-15 21:51:00+00:00,60.0,OK
725030-14732,2025-03-16,41,41,2025-03-16 00:00:00+00:00,2025-03-16 23:51:00+00:00,57.92,2025-03-16 18:51:00+00:00,60.0,DUPLICATES(1)
725030-14732,2025-03-17,47,47,2025-03-17 00:00:00+00:00,2025-03-17 23:51:00+00:00,57.92,2025-03-17 05:51:00+00:00,60.0,OK
725030-14732,2025-03-18,32,32,2025-03-18 00:00:00+00:00,2025-03-18 23:51:00+00:00,60.980000000000004,2025-03-18 21:51:00+00:00,60.0,OK
725030-14732,2025-03-19,32,32,2025-03-19 00:00:00+00:00,2025-03-19 23:51:00+00:00,62.059999999999995,2025-03-19 18:51:00+00:00,60.0,OK
725030-14732,2025-03-20,58,58,2025-03-20 00:00:00+00:00,2025-03-20 23:51:00+00:00,51.98,2025-03-20 00:00:00+00:00,60.0,OK
725030-14732,2025-03-21,48,48,2025-03-21 00:00:00+00:00,2025-03-21 23:51:00+00:00,51.8,2025-03-21 01:46:00+00:00,60.0,OK
725030-14732,2025-03-22,33,33,2025-03-22 00:00:00+00:00,2025-03-22 23:57:00+00:00,62.059999999999995,2025-03-22 18:51:00+00:00,60.0,OK
725030-14732,2025-03-23,32,32,2025-03-23 00:00:00+00:00,2025-03-23 23:51:00+00:00,53.96,2025-03-23 00:00:00+00:00,60.0,OK
725030-14732,2025-03-24,42,42,2025-03-24 00:00:00+00:00,2025-03-24 23:51:00+00:00,51.08,2025-03-24 22:51:00+00:00,60.0,DUPLICATES(1)
725030-14732,2025-03-25,32,32,2025-03-25 00:00:00+00:00,2025-03-25 23:51:00+00:00,59.0,2025-03-25 21:51:00+00:00,60.0,OK
725030-14732,2025-03-26,33,33,2025-03-26 00:00:00+00:00,2025-03-26 23:51:00+00:00,57.02,2025-03-26 00:00:00+00:00,60.0,OK
725030-14732,2025-03-27,30,30,2025-03-27 00:00:00+00:00,2025-03-27 23:51:00+00:00,51.98,2025-03-27 21:51:00+00:00,60.0,OK
725030-14732,2025-03-28,29,29,2025-03-28 00:51:00+00:00,2025-03-28 23:51:00+00:00,64.04,2025-03-28 19:51:00+00:00,60.0,OK
725030-14732,2025-03-29,32,32,2025-03-29 00:00:00+00:00,2025-03-29 23:51:00+00:00,80.96,2025-03-29 17:51:00+00:00,60.0,OK
725030-14732,2025-03-30,40,40,2025-03-30 00:00:00+00:00,2025-03-30 23:51:00+00:00,50.0,2025-03-30 00:00:00+00:00,60.0,OK
725030-14732,2025-03-31,41,41,2025-03-31 00:00:00+00:00,2025-03-31 23:51:00+00:00,69.08,2025-03-31 17:51:00+00:00,60.0,OK
725030-14732,2025-04-01,40,40,2025-04-01 00:00:00+00:00,2025-04-01 23:51:00+00:00,60.08,2025-04-01 03:51:00+00:00,60.0,OK
725030-14732,2025-04-02,32,32,2025-04-02 00:00:00+00:00,2025-04-02 23:51:00+00:00,50.0,2025-04-02 00:00:00+00:00,60.0,OK
725030-14732,2025-04-03,45,45,2025-04-03 00:00:00+00:00,2025-04-03 23:51:00+00:00,71.96,2025-04-03 23:51:00+00:00,60.0,OK
725030-14732,2025-04-04,32,32,2025-04-04 00:00:00+00:00,2025-04-04 23:51:00+00:00,73.94,2025-04-04 05:51:00+00:00,60.0,OK
725030-14732,2025-04-05,41,41,2025-04-05 00:00:00+00:00,2025-04-05 23:51:00+00:00,62.059999999999995,2025-04-05 00:00:00+00:00,60.0,OK
725030-14732,2025-04-06,45,45,2025-04-06 00:00:00+00:00,2025-04-06 23:51:00+00:00,55.04,2025-04-06 19:51:00+00:00,60.0,OK
725030-14732,2025-04-07,43,43,2025-04-07 00:00:00+00:00,2025-04-07 23:51:00+00:00,55.04,2025-04-07 00:00:00+00:00,60.0,OK
725030-14732,2025-04-08,43,43,2025-04-08 00:00:00+00:00,2025-04-08 23:51:00+00:00,44.96,2025-04-08 18:51:00+00:00,60.0,OK
725030-14732,2025-04-09,32,32,2025-04-09 00:00:00+00:00,2025-04-09 23:51:00+00:00,48.92,2025-04-09 20:51:00+00:00,60.0,OK
725030-14732,2025-04-10,31,31,2025-04-10 00:00:00+00:00,2025-04-10 23:51:00+00:00,50.0,2025-04-10 16:51:00+00:00,60.0,OK
725030-14732,2025-04-11,35,35,2025-04-11 00:00:00+00:00,2025-04-11 23:51:00+00:00,46.04,2025-04-11 21:51:00+00:00,60.0,OK
725030-14732,2025-04-12,50,50,2025-04-12 00:00:00+00:00,2025-04-12 23:51:00+00:00,44.6,2025-04-12 00:49:00+00:00,60.0,OK
725030-14732,2025-04-13,34,34,2025-04-13 00:00:00+00:00,2025-04-13 23:51:00+00:00,55.94,2025-04-13 20:51:00+00:00,60.0,OK
725030-14732,2025-04-14,32,32,2025-04-14 00:00:00+00:00,2025-04-14 23:51:00+00:00,64.94,2025-04-14 19:51:00+00:00,60.0,OK
725030-14732,2025-04-15,32,32,2025-04-15 00:00:00+00:00,2025-04-15 23:51:00+00:00,69.98,2025-04-15 18:51:00+00:00,60.0,OK
725030-14732,2025-04-16,32,32,2025-04-16 00:00:00+00:00,2025-04-16 23:51:00+00:00,55.94,2025-04-16 00:00:00+00:00,60.0,OK
725030-14732,2025-04-17,32,32,2025-04-17 00:00:00+00:00,2025-04-17 23:51:00+00:00,62.959999999999994,2025-04-17 20:51:00+00:00,60.0,OK
725030-14732,2025-04-18,32,32,2025-04-18 00:00:00+00:00,2025-04-18 23:51:00+00:00,64.94,2025-04-18 17:51:00+00:00,60.0,OK
725030-14732,2025-04-19,32,32,2025-04-19 00:00:00+00:00,2025-04-19 23:51:00+00:00,84.91999999999999,2025-04-19 19:51:00+00:00,60.0,OK
725030-14732,2025-04-20,32,32,2025-04-20 00:00:00+00:00,2025-04-20 23:51:00+00:00,78.08,2025-04-20 00:00:00+00:00,60.0,OK
725030-14732,2025-04-21,32,32,2025-04-21 00:00:00+00:00,2025-04-21 23:51:00+00:00,62.959999999999994,2025-04-21 00:00:00+00:00,60.0,OK
725030-14732,2025-04-22,38,38,2025-04-22 00:00:00+00:00,2025-04-22 23:51:00+00:00,80.96,2025-04-22 19:51:00+00:00,60.0,OK
725030-14732,2025-04-23,32,32,2025-04-23 00:00:00+00:00,2025-04-23 23:51:00+00:00,75.02,2025-04-23 19:51:00+00:00,60.0,OK
725030-14732,2025-04-24,33,33,2025-04-24 00:00:00+00:00,2025-04-24 23:51:00+00:00,75.02,2025-04-24 18:38:00+00:00,60.0,OK
725030-14732,2025-04-25,32,32,2025-04-25 00:00:00+00:00,2025-04-25 23:51:00+00:00,73.94,2025-04-25 15:51:00+00:00,60.0,OK
725030-14732,2025-04-26,46,46,2025-04-26 00:00:00+00:00,2025-04-26 23:51:00+00:00,73.4,2025-04-26 16:47:00+00:00,60.0,OK
725030-14732,2025-04-27,33,33,2025-04-27 00:00:00+00:00,2025-04-27 23:51:00+00:00,66.02,2025-04-27 00:00:00+00:00,60.0,OK
725030-14732,2025-04-28,31,31,2025-04-28 00:51:00+00:00,2025-04-28 23:51:00+00:00,75.92,2025-04-28 19:51:00+00:00,60.0,OK
725030-14732,2025-04-29,32,32,2025-04-29 00:00:00+00:00,2025-04-29 23:51:00+00:00,75.02,2025-04-29 15:51:00+00:00,60.0,OK
725030-14732,2025-04-30,32,32,2025-04-30 00:00:00+00:00,2025-04-30 23:51:00+00:00,73.04,2025-04-30 18:51:00+00:00,60.0,OK
725030-14732,2025-05-01,31,31,2025-05-01 00:00:00+00:00,2025-05-01 23:51:00+00:00,69.08,2025-05-01 18:51:00+00:00,60.0,OK
725030-14732,2025-05-02,42,42,2025-05-02 00:00:00+00:00,2025-05-02 23:51:00+00:00,82.94,2025-05-02 18:51:00+00:00,60.0,OK
725030-14732,2025-05-03,32,32,2025-05-03 00:00:00+00:00,2025-05-03 23:51:00+00:00,86.0,2025-05-03 20:51:00+00:00,60.0,OK
725030-14732,2025-05-04,37,37,2025-05-04 00:00:00+00:00,2025-05-04 23:51:00+00:00,73.04,2025-05-04 00:00:00+00:00,60.0,OK
725030-14732,2025-05-05,51,51,2025-05-05 00:00:00+00:00,2025-05-05 23:51:00+00:00,62.959999999999994,2025-05-05 00:51:00+00:00,60.0,OK
725030-14732,2025-05-06,60,60,2025-05-06 00:00:00+00:00,2025-05-06 23:51:00+00:00,66.92,2025-05-06 17:43:00+00:00,60.0,OK
725030-14732,2025-05-07,37,37,2025-05-07 00:00:00+00:00,2025-05-07 23:51:00+00:00,75.02,2025-05-07 18:51:00+00:00,60.0,DUPLICATES(1)
725030-14732,2025-05-08,33,33,2025-05-08 00:00:00+00:00,2025-05-08 23:51:00+00:00,77.0,2025-05-08 17:51:00+00:00,60.0,OK
725030-14732,2025-05-09,58,58,2025-05-09 00:00:00+00:00,2025-05-09 23:51:00+00:00,64.04,2025-05-09 00:00:00+00:00,60.0,OK
725030-14732,2025-05-10,35,35,2025-05-10 00:00:00+00:00,2025-05-10 23:51:00+00:00,73.04,2025-05-10 20:51:00+00:00,60.0,OK
725030-14732,2025-05-11,32,32,2025-05-11 00:00:00+00:00,2025-05-11 23:51:00+00:00,78.98,2025-05-11 19:51:00+00:00,60.0,OK
725030-14732,2025-05-12,31,31,2025-05-12 00:00:00+00:00,2025-05-12 23:51:00+00:00,71.96,2025-05-12 00:00:00+00:00,60.0,OK
725030-14732,2025-05-13,37,37,2025-05-13 00:00:00+00:00,2025-05-13 23:51:00+00:00,66.92,2025-05-13 19:51:00+00:00,60.0,DUPLICATES(1)
725030-14732,2025-05-14,59,59,2025-05-14 00:00:00+00:00,2025-05-14 23:51:00+00:00,64.4,2025-05-14 17:46:00+00:00,60.0,OK
725030-14732,2025-05-15,53,53,2025-05-15 00:00:00+00:00,2025-05-15 23:51:00+00:00,69.98,2025-05-15 17:51:00+00:00,60.0,OK
725030-14732,2025-05-16,53,53,2025-05-16 00:00:00+00:00,2025-05-16 23:51:00+00:00,73.4,2025-05-16 15:49:00+00:00,60.0,OK
725030-14732,2025-05-17,40,40,2025-05-17 00:00:00+00:00,2025-05-17 23:51:00+00:00,84.02,2025-05-17 21:44:00+00:00,60.0,OK
725030-14732,2025-05-18,33,33,2025-05-18 00:00:00+00:00,2025-05-18 23:51:00+00:00,82.04,2025-05-18 00:00:00+00:00,60.0,OK
725030-14732,2025-05-19,32,32,2025-05-19 00:00:00+00:00,2025-05-19 23:51:00+00:00,69.08,2025-05-19 00:00:00+00:00,60.0,OK
725030-14732,2025-05-20,32,32,2025-05-20 00:00:00+00:00,2025-05-20 23:51:00+00:00,66.02,2025-05-20 20:51:00+00:00,60.0,OK
725030-14732,2025-05-21,37,37,2025-05-21 00:00:00+00:00,2025-05-21 23:51:00+00:00,64.04,2025-05-21 00:00:00+00:00,60.0,OK
725030-14732,2025-05-22,40,40,2025-05-22 00:00:00+00:00,2025-05-22 23:51:00+00:00,53.06,2025-05-22 19:51:00+00:00,60.0,OK
725030-14732,2025-05-23,42,42,2025-05-23 00:00:00+00:00,2025-05-23 23:51:00+00:00,60.980000000000004,2025-05-23 19:51:00+00:00,60.0,OK
725030-14732,2025-05-24,33,33,2025-05-24 00:00:00+00:00,2025-05-24 23:51:00+00:00,64.94,2025-05-24 21:51:00+00:00,60.0,OK
725030-14732,2025-05-25,32,32,2025-05-25 00:00:00+00:00,2025-05-25 23:51:00+00:00,66.92,2025-05-25 20:51:00+00:00,60.0,OK
725030-14732,2025-05-26,32,32,2025-05-26 00:00:00+00:00,2025-05-26 23:51:00+00:00,73.04,2025-05-26 20:51:00+00:00,60.0,OK
725030-14732,2025-05-27,32,32,2025-05-27 00:00:00+00:00,2025-05-27 23:51:00+00:00,75.92,2025-05-27 17:51:00+00:00,60.0,OK
725030-14732,2025-05-28,32,32,2025-05-28 00:00:00+00:00,2025-05-28 23:51:00+00:00,66.92,2025-05-28 00:00:00+00:00,60.0,OK
725030-14732,2025-05-29,50,50,2025-05-29 00:00:00+00:00,2025-05-29 23:51:00+00:00,68.0,2025-05-29 22:51:00+00:00,60.0,OK
725030-14732,2025-05-30,35,35,2025-05-30 00:00:00+00:00,2025-05-30 23:51:00+00:00,73.94,2025-05-30 17:51:00+00:00,60.0,OK
725030-14732,2025-05-31,47,47,2025-05-31 00:00:00+00:00,2025-05-31 23:51:00+00:00,69.08,2025-05-31 17:51:00+00:00,60.0,OK
725030-14732,2025-06-01,32,32,2025-06-01 00:00:00+00:00,2025-06-01 23:51:00+00:00,66.02,2025-06-01 19:51:00+00:00,60.0,OK
725030-14732,2025-06-02,32,32,2025-06-02 00:00:00+00:00,2025-06-02 23:51:00+00:00,71.96,2025-06-02 19:51:00+00:00,60.0,OK
725030-14732,2025-06-03,32,32,2025-06-03 00:00:00+00:00,2025-06-03 23:51:00+00:00,78.98,2025-06-03 18:51:00+00:00,60.0,OK
725030-14732,2025-06-04,32,32,2025-06-04 00:00:00+00:00,2025-06-04 23:51:00+00:00,80.96,2025-06-04 17:51:00+00:00,60.0,OK
725030-14732,2025-06-05,32,32,2025-06-05 00:00:00+00:00,2025-06-05 23:51:00+00:00,87.98,2025-06-05 19:51:00+00:00,60.0,OK
725030-14732,2025-06-06,34,34,2025-06-06 00:00:00+00:00,2025-06-06 23:51:00+00:00,82.94,2025-06-06 01:51:00+00:00,60.0,OK
725030-14732,2025-06-07,40,40,2025-06-07 00:00:00+00:00,2025-06-07 23:51:00+00:00,80.96,2025-06-07 00:00:00+00:00,60.0,OK
725030-14732,2025-06-08,29,29,2025-06-08 00:00:00+00:00,2025-06-08 23:51:00+00:00,73.94,2025-06-08 18:51:00+00:00,60.0,OK
725030-14732,2025-06-09,47,47,2025-06-09 00:00:00+00:00,2025-06-09 23:51:00+00:00,69.08,2025-06-09 00:00:00+00:00,60.0,OK
725030-14732,2025-06-10,49,49,2025-06-10 00:00:00+00:00,2025-06-10 23:51:00+00:00,75.02,2025-06-10 21:51:00+00:00,60.0,OK
725030-14732,2025-06-11,31,31,2025-06-11 00:00:00+00:00,2025-06-11 23:51:00+00:00,82.94,2025-06-11 18:51:00+00:00,60.0,OK
725030-14732,2025-06-12,31,31,2025-06-12 00:51:00+00:00,2025-06-12 23:51:00+00:00,89.96000000000001,2025-06-12 19:51:00+00:00,60.0,OK
725030-14732,2025-06-13,32,32,2025-06-13 00:00:00+00:00,2025-06-13 23:51:00+00:00,82.94,2025-06-13 00:00:00+00:00,60.0,OK
725030-14732,2025-06-14,40,40,2025-06-14 00:00:00+00:00,2025-06-14 23:51:00+00:00,75.02,2025-06-14 00:51:00+00:00,60.0,OK
725030-14732,2025-06-15,38,38,2025-06-15 00:00:00+00:00,2025-06-15 23:51:00+00:00,64.04,2025-06-15 21:51:00+00:00,60.0,OK
725030-14732,2025-06-16,46,46,2025-06-16 00:00:00+00:00,2025-06-16 23:51:00+00:00,68.0,2025-06-16 19:51:00+00:00,60.0,OK
725030-14732,2025-06-17,53,53,2025-06-17 00:00:00+00:00,2025-06-17 23:51:00+00:00,66.92,2025-06-17 17:34:00+00:00,60.0,DUPLICATES(1)
725030-14732,2025-06-18,50,50,2025-06-18 00:00:00+00:00,2025-06-18 23:51:00+00:00,84.91999999999999,2025-06-18 20:51:00+00:00,60.0,OK
725030-14732,2025-06-19,44,44,2025-06-19 00:00:00+00:00,2025-06-19 23:51:00+00:00,87.98,2025-06-19 15:51:00+00:00,60.0,OK
725030-14732,2025-06-20,33,33,2025-06-20 00:00:00+00:00,2025-06-20 23:51:00+00:00,84.02,2025-06-20 18:51:00+00:00,60.0,OK
725030-14732,2025-06-21,31,31,2025-06-21 00:00:00+00:00,2025-06-21 23:51:00+00:00,87.98,2025-06-21 19:51:00+00:00,60.0,OK
725030-14732,2025-06-22,34,34,2025-06-22 00:00:00+00:00,2025-06-22 23:51:00+00:00,89.06,2025-06-22 20:51:00+00:00,60.0,OK
725030-14732,2025-06-23,32,32,2025-06-23 00:00:00+00:00,2025-06-23 23:51:00+00:00,93.91999999999999,2025-06-23 15:51:00+00:00,60.0,OK
725030-14732,2025-06-24,32,32,2025-06-24 00:00:00+00:00,2025-06-24 23:51:00+00:00,100.03999999999999,2025-06-24 20:51:00+00:00,60.0,OK
725030-14732,2025-06-25,32,32,2025-06-25 00:00:00+00:00,2025-06-25 23:51:00+00:00,98.06,2025-06-25 21:51:00+00:00,60.0,OK
725030-14732,2025-06-26,35,35,2025-06-26 00:00:00+00:00,2025-06-26 23:51:00+00:00,91.03999999999999,2025-06-26 00:00:00+00:00,60.0,OK
725030-14732,2025-06-27,38,38,2025-06-27 00:00:00+00:00,2025-06-27 23:51:00+00:00,73.94,2025-06-27 16:51:00+00:00,60.0,OK
725030-14732,2025-06-28,42,42,2025-06-28 00:00:00+00:00,2025-06-28 23:51:00+00:00,84.91999999999999,2025-06-28 20:51:00+00:00,60.0,OK
725030-14732,2025-06-29,32,32,2025-06-29 00:00:00+00:00,2025-06-29 23:51:00+00:00,91.03999999999999,2025-06-29 20:51:00+00:00,60.0,OK
725030-14732,2025-06-30,32,32,2025-06-30 00:00:00+00:00,2025-06-30 23:51:00+00:00,91.03999999999999,2025-06-30 19:51:00+00:00,60.0,OK
725030-14732,2025-07-01,35,35,2025-07-01 00:00:00+00:00,2025-07-01 23:51:00+00:00,93.02,2025-07-01 18:51:00+00:00,60.0,OK
725030-14732,2025-07-02,41,41,2025-07-02 00:00:00+00:00,2025-07-02 23:51:00+00:00,82.94,2025-07-02 18:51:00+00:00,60.0,OK
725030-14732,2025-07-03,35,35,2025-07-03 00:00:00+00:00,2025-07-03 23:51:00+00:00,91.94,2025-07-03 20:51:00+00:00,60.0,OK
725030-14732,2025-07-04,32,32,2025-07-04 00:00:00+00:00,2025-07-04 23:51:00+00:00,82.94,2025-07-04 19:51:00+00:00,60.0,OK
725030-14732,2025-07-05,32,32,2025-07-05 00:00:00+00:00,2025-07-05 23:51:00+00:00,87.08000000000001,2025-07-05 18:51:00+00:00,60.0,OK
725030-14732,2025-07-06,32,32,2025-07-06 00:00:00+00:00,2025-07-06 23:51:00+00:00,87.98,2025-07-06 16:51:00+00:00,60.0,OK
725030-14732,2025-07-07,38,38,2025-07-07 00:00:00+00:00,2025-07-07 23:51:00+00:00,86.0,2025-07-07 17:51:00+00:00,60.0,OK
725030-14732,2025-07-08,36,36,2025-07-08 00:00:00+00:00,2025-07-08 23:51:00+00:00,96.08000000000001,2025-07-08 18:51:00+00:00,60.0,OK
725030-14732,2025-07-09,37,37,2025-07-09 00:00:00+00:00,2025-07-09 23:51:00+00:00,91.94,2025-07-09 19:51:00+00:00,60.0,OK
725030-14732,2025-07-10,32,32,2025-07-10 00:00:00+00:00,2025-07-10 23:51:00+00:00,87.98,2025-07-10 00:00:00+00:00,60.0,OK
725030-14732,2025-07-11,38,38,2025-07-11 00:00:00+00:00,2025-07-11 23:51:00+00:00,84.02,2025-07-11 16:51:00+00:00,60.0,OK
725030-14732,2025-07-12,41,41,2025-07-12 00:00:00+00:00,2025-07-12 23:51:00+00:00,84.91999999999999,2025-07-12 17:51:00+00:00,60.0,OK
725030-14732,2025-07-13,38,38,2025-07-13 00:00:00+00:00,2025-07-13 23:51:00+00:00,84.02,2025-07-13 19:51:00+00:00,60.0,OK
725030-14732,2025-07-14,42,42,2025-07-14 00:00:00+00:00,2025-07-14 23:51:00+00:00,87.98,2025-07-14 18:51:00+00:00,60.0,OK
725030-14732,2025-07-15,48,48,2025-07-15 00:00:00+00:00,2025-07-15 23:51:00+00:00,86.0,2025-07-15 19:51:00+00:00,60.0,OK
725030-14732,2025-07-16,32,32,2025-07-16 00:00:00+00:00,2025-07-16 23:51:00+00:00,89.06,2025-07-16 16:51:00+00:00,60.0,OK
725030-14732,2025-07-17,34,34,2025-07-17 00:00:00+00:00,2025-07-17 23:51:00+00:00,93.02,2025-07-17 20:51:00+00:00,60.0,OK
725030-14732,2025-07-18,32,32,2025-07-18 00:00:00+00:00,2025-07-18 23:51:00+00:00,91.03999999999999,2025-07-18 00:00:00+00:00,60.0,OK
725030-14732,2025-07-19,34,34,2025-07-19 00:00:00+00:00,2025-07-19 23:51:00+00:00,82.04,2025-07-19 20:51:00+00:00,60.0,OK
725030-14732,2025-07-20,37,37,2025-07-20 00:00:00+00:00,2025-07-20 23:51:00+00:00,89.96000000000001,2025-07-20 19:51:00+00:00,60.0,OK
725030-14732,2025-07-21,32,32,2025-07-21 00:00:00+00:00,2025-07-21 23:51:00+00:00,87.08000000000001,2025-07-21 00:00:00+00:00,60.0,OK
725030-14732,2025-07-22,32,32,2025-07-22 00:00:00+00:00,2025-07-22 23:51:00+00:00,80.06,2025-07-22 00:00:00+00:00,60.0,OK
725030-14732,2025-07-23,32,32,2025-07-23 00:00:00+00:00,2025-07-23 23:51:00+00:00,80.96,2025-07-23 18:51:00+00:00,60.0,OK
725030-14732,2025-07-24,32,32,2025-07-24 00:00:00+00:00,2025-07-24 23:51:00+00:00,86.0,2025-07-24 16:51:00+00:00,60.0,OK
725030-14732,2025-07-25,36,36,2025-07-25 00:00:00+00:00,2025-07-25 23:51:00+00:00,96.98,2025-07-25 18:51:00+00:00,60.0,OK
725030-14732,2025-07-26,33,33,2025-07-26 00:00:00+00:00,2025-07-26 23:51:00+00:00,84.91999999999999,2025-07-26 00:00:00+00:00,60.0,OK
725030-14732,2025-07-27,35,35,2025-07-27 00:00:00+00:00,2025-07-27 23:51:00+00:00,87.08000000000001,2025-07-27 20:51:00+00:00,60.0,OK
725030-14732,2025-07-28,32,32,2025-07-28 00:00:00+00:00,2025-07-28 23:51:00+00:00,93.91999999999999,2025-07-28 18:51:00+00:00,60.0,OK
725030-14732,2025-07-29,30,30,2025-07-29 00:51:00+00:00,2025-07-29 23:51:00+00:00,100.03999999999999,2025-07-29 18:51:00+00:00,60.0,OK
725030-14732,2025-07-30,36,36,2025-07-30 00:00:00+00:00,2025-07-30 23:51:00+00:00,98.96000000000001,2025-07-30 18:51:00+00:00,60.0,OK
725030-14732,2025-07-31,36,36,2025-07-31 00:00:00+00:00,2025-07-31 23:51:00+00:00,86.0,2025-07-31 16:51:00+00:00,60.0,OK
725030-14732,2025-08-01,41,41,2025-08-01 00:00:00+00:00,2025-08-01 23:51:00+00:00,73.04,2025-08-01 00:00:00+00:00,60.0,OK
725030-14732,2025-08-02,32,32,2025-08-02 00:00:00+00:00,2025-08-02 23:51:00+00:00,78.98,2025-08-02 18:51:00+00:00,60.0,OK
725030-14732,2025-08-03,34,34,2025-08-03 00:00:00+00:00,2025-08-03 23:51:00+00:00,84.2,2025-08-03 18:00:00+00:00,60.0,OK
725030-14732,2025-08-04,32,32,2025-08-04 00:00:00+00:00,2025-08-04 23:51:00+00:00,87.98,2025-08-04 19:51:00+00:00,60.0,OK
725030-14732,2025-08-05,32,32,2025-08-05 00:00:00+00:00,2025-08-05 23:51:00+00:00,82.04,2025-08-05 17:51:00+00:00,60.0,OK
725030-14732,2025-08-06,33,33,2025-08-06 00:00:00+00:00,2025-08-06 23:51:00+00:00,78.8,2025-08-06 21:00:00+00:00,60.0,OK
725030-14732,2025-08-07,32,32,2025-08-07 00:00:00+00:00,2025-08-07 23:51:00+00:00,80.06,2025-08-07 19:51:00+00:00,60.0,OK
725030-14732,2025-08-08,32,32,2025-08-08 00:00:00+00:00,2025-08-08 23:51:00+00:00,80.06,2025-08-08 17:51:00+00:00,60.0,OK
725030-14732,2025-08-09,32,32,2025-08-09 00:00:00+00:00,2025-08-09 23:51:00+00:00,82.94,2025-08-09 18:51:00+00:00,60.0,OK
725030-14732,2025-08-10,32,32,2025-08-10 00:00:00+00:00,2025-08-10 23:51:00+00:00,89.06,2025-08-10 18:51:00+00:00,60.0,OK
725030-14732,2025-08-11,32,32,2025-08-11 00:00:00+00:00,2025-08-11 23:51:00+00:00,89.96000000000001,2025-08-11 18:51:00+00:00,60.0,OK
725030-14732,2025-08-12,32,32,2025-08-12 00:00:00+00:00,2025-08-12 23:51:00+00:00,89.96000000000001,2025-08-12 16:51:00+00:00,60.0,OK
725030-14732,2025-08-13,38,38,2025-08-13 00:00:00+00:00,2025-08-13 23:55:00+00:00,89.06,2025-08-13 15:51:00+00:00,60.0,OK
725030-14732,2025-08-14,37,37,2025-08-14 00:00:00+00:00,2025-08-14 23:51:00+00:00,89.06,2025-08-14 19:51:00+00:00,60.0,OK
725030-14732,2025-08-15,32,32,2025-08-15 00:00:00+00:00,2025-08-15 23:51:00+00:00,87.98,2025-08-15 00:00:00+00:00,60.0,OK
725030-14732,2025-08-16,34,34,2025-08-16 00:00:00+00:00,2025-08-16 23:51:00+00:00,82.94,2025-08-16 18:51:00+00:00,60.0,OK
725030-14732,2025-08-17,36,36,2025-08-17 00:00:00+00:00,2025-08-17 23:51:00+00:00,89.96000000000001,2025-08-17 18:51:00+00:00,60.0,OK
725030-14732,2025-08-18,34,34,2025-08-18 00:00:00+00:00,2025-08-18 23:51:00+00:00,80.06,2025-08-18 01:51:00+00:00,60.0,OK
725030-14732,2025-08-19,32,32,2025-08-19 00:00:00+00:00,2025-08-19 23:51:00+00:00,75.02,2025-08-19 16:51:00+00:00,60.0,OK
725030-14732,2025-08-20,39,39,2025-08-20 00:00:00+00:00,2025-08-20 23:51:00+00:00,69.98,2025-08-20 13:51:00+00:00,60.0,OK
725030-14732,2025-08-21,44,44,2025-08-21 00:00:00+00:00,2025-08-21 23:51:00+00:00,71.96,2025-08-21 20:51:00+00:00,60.0,OK
725030-14732,2025-08-22,32,32,2025-08-22 00:00:00+00:00,2025-08-22 23:51:00+00:00,84.02,2025-08-22 21:51:00+00:00,60.0,OK
725030-14732,2025-08-23,32,32,2025-08-23 00:00:00+00:00,2025-08-23 23:51:00+00:00,82.04,2025-08-23 16:51:00+00:00,60.0,OK
725030-14732,2025-08-24,33,33,2025-08-24 00:00:00+00:00,2025-08-24 23:51:00+00:00,80.96,2025-08-24 18:51:00+00:00,60.0,OK
744860-94789,2025-01-01,46,46,2025-01-01 00:00:00+00:00,2025-01-01 23:51:00+00:00,53.06,2025-01-01 15:51:00+00:00,60.0,OK
744860-94789,2025-01-02,32,32,2025-01-02 00:00:00+00:00,2025-01-02 23:51:00+00:00,46.04,2025-01-02 17:51:00+00:00,60.0,OK
744860-94789,2025-01-03,32,32,2025-01-03 00:00:00+00:00,2025-01-03 23:51:00+00:00,41.0,2025-01-03 19:51:00+00:00,60.0,OK
744860-94789,2025-01-04,32,32,2025-01-04 00:00:00+00:00,2025-01-04 23:51:00+00:00,37.04,2025-01-04 16:51:00+00:00,60.0,OK
744860-94789,2025-01-05,32,32,2025-01-05 00:00:00+00:00,2025-01-05 23:51:00+00:00,37.04,2025-01-05 18:51:00+00:00,60.0,OK
744860-94789,2025-01-06,43,43,2025-01-06 00:00:00+00:00,2025-01-06 23:51:00+00:00,33.08,2025-01-06 14:44:00+00:00,60.0,OK
744860-94789,2025-01-07,32,32,2025-01-07 00:00:00+00:00,2025-01-07 23:51:00+00:00,35.06,2025-01-07 19:51:00+00:00,60.0,OK
744860-94789,2025-01-08,32,32,2025-01-08 00:00:00+00:00,2025-01-08 23:51:00+00:00,32.0,2025-01-08 17:51:00+00:00,60.0,OK
744860-94789,2025-01-09,31,31,2025-01-09 00:00:00+00:00,2025-01-09 23:51:00+00:00,37.04,2025-01-09 19:51:00+00:00,60.0,OK
744860-94789,2025-01-10,32,32,2025-01-10 00:00:00+00:00,2025-01-10 23:51:00+00:00,44.06,2025-01-10 19:51:00+00:00,60.0,OK
744860-94789,2025-01-11,41,41,2025-01-11 00:00:00+00:00,2025-01-11 23:51:00+00:00,37.94,2025-01-11 00:00:00+00:00,60.0,OK
744860-94789,2025-01-12,32,32,2025-01-12 00:00:00+00:00,2025-01-12 23:51:00+00:00,44.96,2025-01-12 17:51:00+00:00,60.0,OK
744860-94789,2025-01-13,32,32,2025-01-13 00:00:00+00:00,2025-01-13 23:51:00+00:00,42.08,2025-01-13 20:51:00+00:00,60.0,OK
744860-94789,2025-01-14,32,32,2025-01-14 00:00:00+00:00,2025-01-14 23:51:00+00:00,41.0,2025-01-14 00:00:00+00:00,60.0,OK
744860-94789,2025-01-15,32,32,2025-01-15 00:00:00+00:00,2025-01-15 23:51:00+00:00,35.96,2025-01-15 18:51:00+00:00,60.0,OK
744860-94789,2025-01-16,33,33,2025-01-16 00:00:00+00:00,2025-01-16 23:51:00+00:00,32.0,2025-01-16 18:51:00+00:00,60.0,OK
744860-94789,2025-01-17,33,33,2025-01-17 00:00:00+00:00,2025-01-17 23:51:00+00:00,42.980000000000004,2025-01-17 18:51:00+00:00,60.0,OK
744860-94789,2025-01-18,37,37,2025-01-18 00:00:00+00:00,2025-01-18 23:51:00+00:00,46.94,2025-01-18 15:51:00+00:00,60.0,OK
744860-94789,2025-01-19,44,44,2025-01-19 00:00:00+00:00,2025-01-19 23:51:00+00:00,44.96,2025-01-19 00:00:00+00:00,60.0,OK
744860-94789,2025-01-20,42,42,2025-01-20 00:00:00+00:00,2025-01-20 23:51:00+00:00,33.08,2025-01-20 00:00:00+00:00,60.0,OK
744860-94789,2025-01-21,32,32,2025-01-21 00:00:00+00:00,2025-01-21 23:51:00+00:00,24.08,2025-01-21 00:00:00+00:00,60.0,OK
744860-94789,2025-01-22,31,31,2025-01-22 00:00:00+00:00,2025-01-22 23:51:00+00:00,23.0,2025-01-22 18:51:00+00:00,60.0,OK
744860-94789,2025-01-23,24,24,2025-01-23 00:00:00+00:00,2025-01-23 23:51:00+00:00,28.94,2025-01-23 18:51:00+00:00,240.0,LARGE_GAP
744860-94789,2025-01-24,32,32,2025-01-24 00:00:00+00:00,2025-01-24 23:51:00+00:00,35.06,2025-01-24 18:51:00+00:00,60.0,OK
744860-94789,2025-01-25,32,32,2025-01-25 00:00:00+00:00,2025-01-25 23:51:00+00:00,33.08,2025-01-25 19:51:00+00:00,60.0,OK
744860-94789,2025-01-26,32,32,2025-01-26 00:00:00+00:00,2025-01-26 23:51:00+00:00,44.06,2025-01-26 19:51:00+00:00,60.0,OK
744860-94789,2025-01-27,32,32,2025-01-27 00:00:00+00:00,2025-01-27 23:51:00+00:00,42.08,2025-01-27 19:51:00+00:00,60.0,OK
744860-94789,2025-01-28,32,32,2025-01-28 00:00:00+00:00,2025-01-28 23:51:00+00:00,44.96,2025-01-28 16:51:00+00:00,60.0,OK
744860-94789,2025-01-29,32,32,2025-01-29 00:00:00+00:00,2025-01-29 23:51:00+00:00,55.04,2025-01-29 18:51:00+00:00,60.0,OK
744860-94789,2025-01-30,32,32,2025-01-30 00:00:00+00:00,2025-01-30 23:51:00+00:00,46.04,2025-01-30 00:00:00+00:00,60.0,OK
744860-94789,2025-01-31,42,42,2025-01-31 00:00:00+00:00,2025-01-31 23:51:00+00:00,46.04,2025-01-31 18:51:00+00:00,60.0,OK
744860-94789,2025-02-01,38,38,2025-02-01 00:00:00+00:00,2025-02-01 23:51:00+00:00,50.0,2025-02-01 06:51:00+00:00,60.0,OK
744860-94789,2025-02-02,34,34,2025-02-02 00:00:00+00:00,2025-02-02 23:51:00+00:00,35.96,2025-02-02 23:44:00+00:00,60.0,OK
744860-94789,2025-02-03,41,41,2025-02-03 00:00:00+00:00,2025-02-03 23:51:00+00:00,44.96,2025-02-03 19:51:00+00:00,60.0,OK
744860-94789,2025-02-04,33,33,2025-02-04 00:00:00+00:00,2025-02-04 23:51:00+00:00,50.0,2025-02-04 16:51:00+00:00,60.0,OK
744860-94789,2025-02-05,34,34,2025-02-05 00:00:00+00:00,2025-02-05 23:51:00+00:00,41.0,2025-02-05 18:55:00+00:00,60.0,OK
744860-94789,2025-02-06,49,49,2025-02-06 00:00:00+00:00,2025-02-06 23:51:00+00:00,42.08,2025-02-06 19:51:00+00:00,60.0,OK
744860-94789,2025-02-07,35,35,2025-02-07 00:00:00+00:00,2025-02-07 23:51:00+00:00,46.04,2025-02-07 14:51:00+00:00,60.0,OK
744860-94789,2025-02-08,32,32,2025-02-08 00:00:00+00:00,2025-02-08 23:51:00+00:00,35.96,2025-02-08 16:51:00+00:00,60.0,OK
744860-94789,2025-02-09,48,48,2025-02-09 00:00:00+00:00,2025-02-09 23:51:00+00:00,37.04,2025-02-09 16:51:00+00:00,60.0,OK
744860-94789,2025-02-10,31,31,2025-02-10 00:00:00+00:00,2025-02-10 23:51:00+00:00,39.02,2025-02-10 19:51:00+00:00,60.0,OK
744860-94789,2025-02-11,31,31,2025-02-11 00:00:00+00:00,2025-02-11 23:57:00+00:00,37.94,2025-02-11 23:51:00+00:00,60.0,OK
744860-94789,2025-02-12,51,51,2025-02-12 00:00:00+00:00,2025-02-12 23:51:00+00:00,37.94,2025-02-12 00:00:00+00:00,60.0,OK
744860-94789,2025-02-13,56,56,2025-02-13 00:00:00+00:00,2025-02-13 23:51:00+00:00,48.02,2025-02-13 21:18:00+00:00,60.0,OK
744860-94789,2025-02-14,32,32,2025-02-14 00:00:00+00:00,2025-02-14 23:51:00+00:00,46.04,2025-02-14 00:00:00+00:00,60.0,OK
744860-94789,2025-02-15,39,39,2025-02-15 00:00:00+00:00,2025-02-15 23:51:00+00:00,37.94,2025-02-15 17:51:00+00:00,60.0,OK
744860-94789,2025-02-16,52,52,2025-02-16 00:00:00+00:00,2025-02-16 23:51:00+00:00,51.98,2025-02-16 19:51:00+00:00,60.0,OK
744860-94789,2025-02-17,33,33,2025-02-17 00:00:00+00:00,2025-02-17 23:51:00+00:00,46.94,2025-02-17 00:00:00+00:00,60.0,OK
744860-94789,2025-02-18,32,32,2025-02-18 00:00:00+00:00,2025-02-18 23:51:00+00:00,35.06,2025-02-18 00:00:00+00:00,60.0,OK
744860-94789,2025-02-19,32,32,2025-02-19 00:00:00+00:00,2025-02-19 23:51:00+00:00,33.98,2025-02-19 18:51:00+00:00,60.0,OK
744860-94789,2025-02-20,33,33,2025-02-20 00:00:00+00:00,2025-02-20 23:51:00+00:00,32.0,2025-02-20 19:51:00+00:00,60.0,OK
744860-94789,2025-02-21,34,34,2025-02-21 00:00:00+00:00,2025-02-21 23:51:00+00:00,39.02,2025-02-21 19:51:00+00:00,60.0,OK
744860-94789,2025-02-22,32,32,2025-02-22 00:00:00+00:00,2025-02-22 23:51:00+00:00,39.02,2025-02-22 18:51:00+00:00,60.0,OK
744860-94789,2025-02-23,32,32,2025-02-23 00:00:00+00:00,2025-02-23 23:51:00+00:00,48.92,2025-02-23 18:51:00+00:00,60.0,OK
744860-94789,2025-02-24,33,33,2025-02-24 00:00:00+00:00,2025-02-24 23:51:00+00:00,48.92,2025-02-24 17:51:00+00:00,60.0,OK
744860-94789,2025-02-25,32,32,2025-02-25 00:00:00+00:00,2025-02-25 23:51:00+00:00,51.98,2025-02-25 16:51:00+00:00,60.0,OK
744860-94789,2025-02-26,32,32,2025-02-26 00:00:00+00:00,2025-02-26 23:51:00+00:00,59.0,2025-02-26 19:51:00+00:00,60.0,OK
744860-94789,2025-02-27,33,33,2025-02-27 00:00:00+00:00,2025-02-27 23:51:00+00:00,55.04,2025-02-27 00:00:00+00:00,60.0,OK
744860-94789,2025-02-28,29,29,2025-02-28 00:00:00+00:00,2025-02-28 23:51:00+00:00,55.04,2025-02-28 19:51:00+00:00,60.0,OK
744860-94789,2025-03-01,33,33,2025-03-01 00:00:00+00:00,2025-03-01 23:51:00+00:00,66.92,2025-03-01 19:09:00+00:00,60.0,OK
744860-94789,2025-03-02,32,32,2025-03-02 00:00:00+00:00,2025-03-02 23:51:00+00:00,42.980000000000004,2025-03-02 00:00:00+00:00,60.0,OK
744860-94789,2025-03-03,32,32,2025-03-03 00:00:00+00:00,2025-03-03 23:51:00+00:00,39.92,2025-03-03 20:51:00+00:00,60.0,OK
744860-94789,2025-03-04,32,32,2025-03-04 00:00:00+00:00,2025-03-04 23:51:00+00:00,48.92,2025-03-04 19:51:00+00:00,60.0,OK
744860-94789,2025-03-05,36,36,2025-03-05 00:00:00+00:00,2025-03-05 23:58:00+00:00,53.96,2025-03-05 19:51:00+00:00,60.0,OK
744860-94789,2025-03-06,45,45,2025-03-06 00:00:00+00:00,2025-03-06 23:51:00+00:00,57.02,2025-03-06 16:51:00+00:00,60.0,OK
744860-94789,2025-03-07,32,32,2025-03-07 00:00:00+00:00,2025-03-07 23:51:00+00:00,53.96,2025-03-07 20:51:00+00:00,60.0,OK
744860-94789,2025-03-08,32,32,2025-03-08 00:00:00+00:00,2025-03-08 23:51:00+00:00,50.0,2025-03-08 00:00:00+00:00,60.0,OK
744860-94789,2025-03-09,32,32,2025-03-09 00:00:00+00:00,2025-03-09 23:51:00+00:00,57.02,2025-03-09 20:51:00+00:00,60.0,OK
744860-94789,2025-03-10,31,31,2025-03-10 00:00:00+00:00,2025-03-10 23:51:00+00:00,62.959999999999994,2025-03-10 17:51:00+00:00,60.0,OK
744860-94789,2025-03-11,32,32,2025-03-11 00:00:00+00:00,2025-03-11 23:51:00+00:00,60.980000000000004,2025-03-11 17:51:00+00:00,60.0,OK
744860-94789,2025-03-12,31,31,2025-03-12 00:00:00+00:00,2025-03-12 23:51:00+00:00,53.96,2025-03-12 05:51:00+00:00,60.0,OK
744860-94789,2025-03-13,32,32,2025-03-13 00:00:00+00:00,2025-03-13 23:51:00+00:00,50.0,2025-03-13 16:51:00+00:00,60.0,OK
744860-94789,2025-03-14,34,34,2025-03-14 00:00:00+00:00,2025-03-14 23:51:00+00:00,53.06,2025-03-14 15:51:00+00:00,60.0,OK
744860-94789,2025-03-15,46,46,2025-03-15 00:00:00+00:00,2025-03-15 23:51:00+00:00,48.02,2025-03-15 18:51:00+00:00,60.0,OK
744860-94789,2025-03-16,48,47,2025-03-16 00:00:00+00:00,2025-03-16 23:51:00+00:00,55.4,2025-03-16 16:49:00+00:00,60.0,OK
744860-94789,2025-03-17,58,58,2025-03-17 00:00:00+00:00,2025-03-17 23:51:00+00:00,60.08,2025-03-17 16:51:00+00:00,60.0,DUPLICATES(1)
744860-94789,2025-03-18,32,32,2025-03-18 00:00:00+00:00,2025-03-18 23:51:00+00:00,60.08,2025-03-18 20:51:00+00:00,60.0,OK
744860-94789,2025-03-19,32,32,2025-03-19 00:00:00+00:00,2025-03-19 23:51:00+00:00,59.0,2025-03-19 17:51:00+00:00,60.0,OK
744860-94789,2025-03-20,43,43,2025-03-20 00:00:00+00:00,2025-03-20 23:51:00+00:00,48.2,2025-03-20 19:49:00+00:00,60.0,OK
744860-94789,2025-03-21,38,38,2025-03-21 00:00:00+00:00,2025-03-21 23:51:00+00:00,53.06,2025-03-21 19:51:00+00:00,60.0,OK
744860-94789,2025-03-22,32,32,2025-03-22 00:00:00+00:00,2025-03-22 23:51:00+00:00,60.980000000000004,2025-03-22 19:51:00+00:00,60.0,OK
744860-94789,2025-03-23,32,32,2025-03-23 00:00:00+00:00,2025-03-23 23:51:00+00:00,57.92,2025-03-23 00:00:00+00:00,60.0,OK
744860-94789,2025-03-24,50,50,2025-03-24 00:00:00+00:00,2025-03-24 23:51:00+00:00,50.0,2025-03-24 20:41:00+00:00,60.0,OK
744860-94789,2025-03-25,32,32,2025-03-25 00:00:00+00:00,2025-03-25 23:51:00+00:00,59.0,2025-03-25 17:51:00+00:00,60.0,OK
744860-94789,2025-03-26,34,34,2025-03-26 00:00:00+00:00,2025-03-26 23:51:00+00:00,53.96,2025-03-26 00:00:00+00:00,60.0,OK
744860-94789,2025-03-27,30,30,2025-03-27 00:00:00+00:00,2025-03-27 23:51:00+00:00,53.06,2025-03-27 19:51:00+00:00,60.0,OK
744860-94789,2025-03-28,29,29,2025-03-28 00:51:00+00:00,2025-03-28 23:51:00+00:00,60.980000000000004,2025-03-28 18:51:00+00:00,60.0,OK
744860-94789,2025-03-29,34,34,2025-03-29 00:00:00+00:00,2025-03-29 23:51:00+00:00,80.96,2025-03-29 17:51:00+00:00,60.0,OK
744860-94789,2025-03-30,37,37,2025-03-30 00:00:00+00:00,2025-03-30 23:51:00+00:00,50.0,2025-03-30 19:49:00+00:00,60.0,OK
744860-94789,2025-03-31,39,39,2025-03-31 00:00:00+00:00,2025-03-31 23:51:00+00:00,60.08,2025-03-31 18:51:00+00:00,60.0,OK
744860-94789,2025-04-01,42,42,2025-04-01 00:00:00+00:00,2025-04-01 23:51:00+00:00,55.94,2025-04-01 03:51:00+00:00,60.0,OK
744860-94789,2025-04-02,32,32,2025-04-02 00:00:00+00:00,2025-04-02 23:51:00+00:00,50.0,2025-04-02 00:00:00+00:00,60.0,OK
744860-94789,2025-04-03,45,45,2025-04-03 00:00:00+00:00,2025-04-03 23:51:00+00:00,59.0,2025-04-03 18:24:00+00:00,60.0,OK
744860-94789,2025-04-04,32,32,2025-04-04 00:00:00+00:00,2025-04-04 23:51:00+00:00,69.98,2025-04-04 15:51:00+00:00,60.0,OK
744860-94789,2025-04-05,38,38,2025-04-05 00:00:00+00:00,2025-04-05 23:51:00+00:00,64.04,2025-04-05 00:00:00+00:00,60.0,OK
744860-94789,2025-04-06,38,38,2025-04-06 00:00:00+00:00,2025-04-06 23:51:00+00:00,57.02,2025-04-06 21:51:00+00:00,60.0,DUPLICATES(1)
744860-94789,2025-04-07,39,39,2025-04-07 00:00:00+00:00,2025-04-07 23:51:00+00:00,55.94,2025-04-07 00:00:00+00:00,60.0,OK
744860-94789,2025-04-08,41,41,2025-04-08 00:00:00+00:00,2025-04-08 23:51:00+00:00,48.02,2025-04-08 18:51:00+00:00,60.0,OK
744860-94789,2025-04-09,32,32,2025-04-09 00:00:00+00:00,2025-04-09 23:51:00+00:00,48.02,2025-04-09 20:51:00+00:00,60.0,OK
744860-94789,2025-04-10,33,33,2025-04-10 00:00:00+00:00,2025-04-10 23:51:00+00:00,48.92,2025-04-10 13:51:00+00:00,60.0,OK
744860-94789,2025-04-11,40,40,2025-04-11 00:00:00+00:00,2025-04-11 23:51:00+00:00,48.92,2025-04-11 16:51:00+00:00,60.0,OK
744860-94789,2025-04-12,45,45,2025-04-12 00:00:00+00:00,2025-04-12 23:51:00+00:00,44.96,2025-04-12 00:00:00+00:00,60.0,OK
744860-94789,2025-04-13,42,42,2025-04-13 00:00:00+00:00,2025-04-13 23:51:00+00:00,59.0,2025-04-13 19:51:00+00:00,60.0,DUPLICATES(1)
744860-94789,2025-04-14,32,32,2025-04-14 00:00:00+00:00,2025-04-14 23:51:00+00:00,62.059999999999995,2025-04-14 18:51:00+00:00,60.0,OK
744860-94789,2025-04-15,32,32,2025-04-15 00:00:00+00:00,2025-04-15 23:51:00+00:00,71.06,2025-04-15 19:51:00+00:00,60.0,OK
744860-94789,2025-04-16,32,32,2025-04-16 00:00:00+00:00,2025-04-16 23:51:00+00:00,57.02,2025-04-16 00:00:00+00:00,60.0,OK
744860-94789,2025-04-17,32,32,2025-04-17 00:00:00+00:00,2025-04-17 23:51:00+00:00,64.04,2025-04-17 19:51:00+00:00,60.0,OK
744860-94789,2025-04-18,32,32,2025-04-18 00:00:00+00:00,2025-04-18 23:51:00+00:00,62.059999999999995,2025-04-18 00:00:00+00:00,60.0,OK
744860-94789,2025-04-19,32,32,2025-04-19 00:00:00+00:00,2025-04-19 23:51:00+00:00,78.08,2025-04-19 20:51:00+00:00,60.0,OK
744860-94789,2025-04-20,32,32,2025-04-20 00:00:00+00:00,2025-04-20 23:51:00+00:00,73.04,2025-04-20 00:00:00+00:00,60.0,OK
744860-94789,2025-04-21,32,32,2025-04-21 00:00:00+00:00,2025-04-21 23:51:00+00:00,64.04,2025-04-21 00:00:00+00:00,60.0,OK
744860-94789,2025-04-22,37,37,2025-04-22 00:00:00+00:00,2025-04-22 23:51:00+00:00,73.04,2025-04-22 16:51:00+00:00,60.0,OK
744860-94789,2025-04-23,33,33,2025-04-23 00:00:00+00:00,2025-04-23 23:51:00+00:00,71.06,2025-04-23 00:00:00+00:00,60.0,OK
744860-94789,2025-04-24,32,32,2025-04-24 00:00:00+00:00,2025-04-24 23:51:00+00:00,71.96,2025-04-24 15:51:00+00:00,60.0,OK
744860-94789,2025-04-25,32,32,2025-04-25 00:00:00+00:00,2025-04-25 23:51:00+00:00,71.06,2025-04-25 18:51:00+00:00,60.0,OK
744860-94789,2025-04-26,45,45,2025-04-26 00:00:00+00:00,2025-04-26 23:51:00+00:00,64.04,2025-04-26 22:51:00+00:00,60.0,OK
744860-94789,2025-04-27,34,34,2025-04-27 00:00:00+00:00,2025-04-27 23:51:00+00:00,68.0,2025-04-27 00:51:00+00:00,60.0,OK
744860-94789,2025-04-28,32,32,2025-04-28 00:00:00+00:00,2025-04-28 23:51:00+00:00,73.94,2025-04-28 18:51:00+00:00,60.0,OK
744860-94789,2025-04-29,32,32,2025-04-29 00:00:00+00:00,2025-04-29 23:51:00+00:00,66.92,2025-04-29 16:51:00+00:00,60.0,OK
744860-94789,2025-04-30,32,32,2025-04-30 00:00:00+00:00,2025-04-30 23:51:00+00:00,75.92,2025-04-30 18:51:00+00:00,60.0,OK
744860-94789,2025-05-01,32,32,2025-05-01 00:00:00+00:00,2025-05-01 23:51:00+00:00,69.98,2025-05-01 00:00:00+00:00,60.0,OK
744860-94789,2025-05-02,39,39,2025-05-02 00:00:00+00:00,2025-05-02 23:51:00+00:00,75.92,2025-05-02 17:51:00+00:00,60.0,OK
744860-94789,2025-05-03,32,32,2025-05-03 00:00:00+00:00,2025-05-03 23:51:00+00:00,69.98,2025-05-03 18:51:00+00:00,60.0,OK
744860-94789,2025-05-04,48,48,2025-05-04 00:00:00+00:00,2025-05-04 23:51:00+00:00,64.4,2025-05-04 18:49:00+00:00,60.0,OK
744860-94789,2025-05-05,51,51,2025-05-05 00:00:00+00:00,2025-05-05 23:51:00+00:00,64.94,2025-05-05 14:51:00+00:00,60.0,OK
744860-94789,2025-05-06,54,54,2025-05-06 00:00:00+00:00,2025-05-06 23:51:00+00:00,64.94,2025-05-06 19:02:00+00:00,60.0,OK
744860-94789,2025-05-07,37,37,2025-05-07 00:00:00+00:00,2025-05-07 23:51:00+00:00,71.96,2025-05-07 18:51:00+00:00,60.0,OK
744860-94789,2025-05-08,32,32,2025-05-08 00:00:00+00:00,2025-05-08 23:51:00+00:00,73.04,2025-05-08 15:51:00+00:00,60.0,OK
744860-94789,2025-05-09,45,45,2025-05-09 00:00:00+00:00,2025-05-09 23:51:00+00:00,66.92,2025-05-09 00:00:00+00:00,60.0,DUPLICATES(1)
744860-94789,2025-05-10,34,34,2025-05-10 00:00:00+00:00,2025-05-10 23:51:00+00:00,73.94,2025-05-10 21:51:00+00:00,60.0,OK
744860-94789,2025-05-11,32,32,2025-05-11 00:00:00+00:00,2025-05-11 23:51:00+00:00,78.98,2025-05-11 18:51:00+00:00,60.0,OK
744860-94789,2025-05-12,31,31,2025-05-12 00:00:00+00:00,2025-05-12 23:51:00+00:00,69.08,2025-05-12 16:51:00+00:00,60.0,OK
744860-94789,2025-05-13,34,34,2025-05-13 00:00:00+00:00,2025-05-13 23:51:00+00:00,71.06,2025-05-13 16:51:00+00:00,60.0,OK
744860-94789,2025-05-14,46,46,2025-05-14 00:00:00+00:00,2025-05-14 23:51:00+00:00,64.94,2025-05-14 16:51:00+00:00,60.0,DUPLICATES(1)
744860-94789,2025-05-15,45,45,2025-05-15 00:00:00+00:00,2025-05-15 23:51:00+00:00,71.96,2025-05-15 19:51:00+00:00,60.0,DUPLICATES(1)
744860-94789,2025-05-16,54,54,2025-05-16 00:00:00+00:00,2025-05-16 23:51:00+00:00,69.98,2025-05-16 14:21:00+00:00,60.0,OK
744860-94789,2025-05-17,39,39,2025-05-17 00:00:00+00:00,2025-05-17 23:51:00+00:00,80.96,2025-05-17 22:51:00+00:00,60.0,OK
744860-94789,2025-05-18,33,33,2025-05-18 00:00:00+00:00,2025-05-18 23:51:00+00:00,78.98,2025-05-18 01:51:00+00:00,60.0,OK
744860-94789,2025-05-19,32,32,2025-05-19 00:00:00+00:00,2025-05-19 23:51:00+00:00,73.94,2025-05-19 18:51:00+00:00,60.0,OK
744860-94789,2025-05-20,32,32,2025-05-20 00:00:00+00:00,2025-05-20 23:51:00+00:00,69.08,2025-05-20 19:51:00+00:00,60.0,OK
744860-94789,2025-05-21,35,35,2025-05-21 00:00:00+00:00,2025-05-21 23:51:00+00:00,64.04,2025-05-21 00:00:00+00:00,60.0,DUPLICATES(1)
744860-94789,2025-05-22,41,41,2025-05-22 00:00:00+00:00,2025-05-22 23:51:00+00:00,53.96,2025-05-22 15:51:00+00:00,60.0,OK
744860-94789,2025-05-23,37,37,2025-05-23 00:00:00+00:00,2025-05-23 23:51:00+00:00,66.02,2025-05-23 21:51:00+00:00,60.0,OK
744860-94789,2025-05-24,32,32,2025-05-24 00:00:00+00:00,2025-05-24 23:51:00+00:00,68.0,2025-05-24 19:51:00+00:00,60.0,OK
744860-94789,2025-05-25,32,32,2025-05-25 00:00:00+00:00,2025-05-25 23:51:00+00:00,68.0,2025-05-25 16:51:00+00:00,60.0,OK
744860-94789,2025-05-26,33,33,2025-05-26 00:00:00+00:00,2025-05-26 23:51:00+00:00,73.04,2025-05-26 17:07:00+00:00,60.0,OK
744860-94789,2025-05-27,32,32,2025-05-27 00:00:00+00:00,2025-05-27 23:51:00+00:00,73.04,2025-05-27 13:51:00+00:00,60.0,OK
744860-94789,2025-05-28,32,32,2025-05-28 00:00:00+00:00,2025-05-28 23:51:00+00:00,66.02,2025-05-28 13:51:00+00:00,60.0,OK
744860-94789,2025-05-29,45,45,2025-05-29 00:00:00+00:00,2025-05-29 23:51:00+00:00,69.8,2025-05-29 20:47:00+00:00,60.0,OK
744860-94789,2025-05-30,41,41,2025-05-30 00:00:00+00:00,2025-05-30 23:51:00+00:00,69.98,2025-05-30 16:51:00+00:00,60.0,OK
744860-94789,2025-05-31,40,40,2025-05-31 00:00:00+00:00,2025-05-31 23:51:00+00:00,71.96,2025-05-31 19:51:00+00:00,60.0,OK
744860-94789,2025-06-01,32,32,2025-06-01 00:00:00+00:00,2025-06-01 23:51:00+00:00,69.08,2025-06-01 17:51:00+00:00,60.0,OK
744860-94789,2025-06-02,32,32,2025-06-02 00:00:00+00:00,2025-06-02 23:51:00+00:00,71.06,2025-06-02 18:51:00+00:00,60.0,OK
744860-94789,2025-06-03,32,32,2025-06-03 00:00:00+00:00,2025-06-03 23:51:00+00:00,75.92,2025-06-03 16:51:00+00:00,60.0,OK
744860-94789,2025-06-04,32,32,2025-06-04 00:00:00+00:00,2025-06-04 23:51:00+00:00,75.92,2025-06-04 17:51:00+00:00,60.0,OK
744860-94789,2025-06-05,32,32,2025-06-05 00:00:00+00:00,2025-06-05 23:51:00+00:00,80.06,2025-06-05 18:51:00+00:00,60.0,OK
744860-94789,2025-06-06,32,32,2025-06-06 00:00:00+00:00,2025-06-06 23:51:00+00:00,78.98,2025-06-06 17:51:00+00:00,60.0,OK
744860-94789,2025-06-07,52,52,2025-06-07 00:00:00+00:00,2025-06-07 23:51:00+00:00,75.02,2025-06-07 21:51:00+00:00,60.0,OK
744860-94789,2025-06-08,36,36,2025-06-08 00:00:00+00:00,2025-06-08 23:51:00+00:00,75.02,2025-06-08 15:51:00+00:00,60.0,OK
744860-94789,2025-06-09,36,36,2025-06-09 00:51:00+00:00,2025-06-09 23:51:00+00:00,66.2,2025-06-09 19:49:00+00:00,60.0,OK
744860-94789,2025-06-10,45,45,2025-06-10 00:00:00+00:00,2025-06-10 23:51:00+00:00,73.94,2025-06-10 19:51:00+00:00,60.0,OK
744860-94789,2025-06-11,32,32,2025-06-11 00:00:00+00:00,2025-06-11 23:51:00+00:00,82.4,2025-06-11 18:00:00+00:00,60.0,OK
744860-94789,2025-06-12,31,31,2025-06-12 00:51:00+00:00,2025-06-12 23:51:00+00:00,89.06,2025-06-12 18:51:00+00:00,60.0,OK
744860-94789,2025-06-13,32,32,2025-06-13 00:00:00+00:00,2025-06-13 23:51:00+00:00,87.08000000000001,2025-06-13 00:00:00+00:00,60.0,OK
744860-94789,2025-06-14,41,41,2025-06-14 00:00:00+00:00,2025-06-14 23:51:00+00:00,68.0,2025-06-14 00:00:00+00:00,60.0,OK
744860-94789,2025-06-15,40,40,2025-06-15 00:00:00+00:00,2025-06-15 23:51:00+00:00,62.959999999999994,2025-06-15 17:51:00+00:00,60.0,OK
744860-94789,2025-06-16,39,39,2025-06-16 00:00:00+00:00,2025-06-16 23:51:00+00:00,69.98,2025-06-16 18:51:00+00:00,60.0,OK
744860-94789,2025-06-17,38,38,2025-06-17 00:00:00+00:00,2025-06-17 23:51:00+00:00,66.2,2025-06-17 19:49:00+00:00,60.0,OK
744860-94789,2025-06-18,38,38,2025-06-18 00:00:00+00:00,2025-06-18 23:51:00+00:00,80.96,2025-06-18 19:51:00+00:00,60.0,OK
744860-94789,2025-06-19,53,53,2025-06-19 00:00:00+00:00,2025-06-19 23:51:00+00:00,84.02,2025-06-19 16:51:00+00:00,60.0,OK
744860-94789,2025-06-20,36,36,2025-06-20 00:00:00+00:00,2025-06-20 23:51:00+00:00,84.91999999999999,2025-06-20 17:51:00+00:00,60.0,OK
744860-94789,2025-06-21,31,31,2025-06-21 00:00:00+00:00,2025-06-21 23:51:00+00:00,86.0,2025-06-21 17:51:00+00:00,60.0,OK
744860-94789,2025-06-22,32,32,2025-06-22 00:00:00+00:00,2025-06-22 23:51:00+00:00,91.03999999999999,2025-06-22 21:51:00+00:00,60.0,OK
744860-94789,2025-06-23,32,32,2025-06-23 00:00:00+00:00,2025-06-23 23:51:00+00:00,89.96000000000001,2025-06-23 12:51:00+00:00,60.0,OK
744860-94789,2025-06-24,34,34,2025-06-24 00:00:00+00:00,2025-06-24 23:51:00+00:00,102.02,2025-06-24 16:51:00+00:00,60.0,OK
744860-94789,2025-06-25,32,32,2025-06-25 00:00:00+00:00,2025-06-25 23:51:00+00:00,100.03999999999999,2025-06-25 19:51:00+00:00,60.0,OK
744860-94789,2025-06-26,38,38,2025-06-26 00:00:00+00:00,2025-06-26 23:51:00+00:00,84.02,2025-06-26 06:51:00+00:00,60.0,OK
744860-94789,2025-06-27,35,35,2025-06-27 00:00:00+00:00,2025-06-27 23:51:00+00:00,71.96,2025-06-27 16:51:00+00:00,60.0,OK
744860-94789,2025-06-28,46,46,2025-06-28 00:00:00+00:00,2025-06-28 23:51:00+00:00,80.96,2025-06-28 18:51:00+00:00,60.0,OK
744860-94789,2025-06-29,33,33,2025-06-29 00:00:00+00:00,2025-06-29 23:51:00+00:00,91.94,2025-06-29 18:51:00+00:00,60.0,OK
744860-94789,2025-06-30,32,32,2025-06-30 00:00:00+00:00,2025-06-30 23:51:00+00:00,87.98,2025-06-30 16:51:00+00:00,60.0,OK
744860-94789,2025-07-01,41,41,2025-07-01 00:00:00+00:00,2025-07-01 23:51:00+00:00,91.03999999999999,2025-07-01 17:51:00+00:00,60.0,OK
744860-94789,2025-07-02,37,37,2025-07-02 00:00:00+00:00,2025-07-02 23:51:00+00:00,80.06,2025-07-02 19:51:00+00:00,60.0,OK
744860-94789,2025-07-03,33,33,2025-07-03 00:51:00+00:00,2025-07-03 23:51:00+00:00,87.08000000000001,2025-07-03 14:51:00+00:00,60.0,OK
744860-94789,2025-07-04,32,32,2025-07-04 00:00:00+00:00,2025-07-04 23:51:00+00:00,86.0,2025-07-04 19:51:00+00:00,60.0,OK
744860-94789,2025-07-05,32,32,2025-07-05 00:00:00+00:00,2025-07-05 23:51:00+00:00,84.91999999999999,2025-07-05 18:51:00+00:00,60.0,OK
744860-94789,2025-07-06,32,32,2025-07-06 00:00:00+00:00,2025-07-06 23:51:00+00:00,86.0,2025-07-06 17:51:00+00:00,60.0,OK
744860-94789,2025-07-07,38,38,2025-07-07 00:00:00+00:00,2025-07-07 23:51:00+00:00,86.0,2025-07-07 17:51:00+00:00,60.0,OK
744860-94789,2025-07-08,38,38,2025-07-08 00:00:00+00:00,2025-07-08 23:51:00+00:00,91.94,2025-07-08 15:51:00+00:00,60.0,OK
744860-94789,2025-07-09,37,37,2025-07-09 00:51:00+00:00,2025-07-09 23:51:00+00:00,86.0,2025-07-09 14:51:00+00:00,60.0,OK
744860-94789,2025-07-10,34,34,2025-07-10 00:00:00+00:00,2025-07-10 23:51:00+00:00,80.96,2025-07-10 18:51:00+00:00,60.0,OK
744860-94789,2025-07-11,42,42,2025-07-11 00:00:00+00:00,2025-07-11 23:51:00+00:00,82.04,2025-07-11 16:51:00+00:00,60.0,OK
744860-94789,2025-07-12,39,39,2025-07-12 00:00:00+00:00,2025-07-12 23:51:00+00:00,80.96,2025-07-12 14:51:00+00:00,60.0,OK
744860-94789,2025-07-13,40,40,2025-07-13 00:00:00+00:00,2025-07-13 23:51:00+00:00,82.94,2025-07-13 15:51:00+00:00,60.0,OK
744860-94789,2025-07-14,38,38,2025-07-14 00:00:00+00:00,2025-07-14 23:51:00+00:00,87.08000000000001,2025-07-14 15:51:00+00:00,60.0,OK
744860-94789,2025-07-15,45,45,2025-07-15 00:00:00+00:00,2025-07-15 23:51:00+00:00,82.94,2025-07-15 18:51:00+00:00,60.0,OK
744860-94789,2025-07-16,33,33,2025-07-16 00:00:00+00:00,2025-07-16 23:51:00+00:00,84.91999999999999,2025-07-16 19:51:00+00:00,60.0,OK
744860-94789,2025-07-17,33,33,2025-07-17 00:00:00+00:00,2025-07-17 23:51:00+00:00,91.94,2025-07-17 20:51:00+00:00,60.0,OK
744860-94789,2025-07-18,32,32,2025-07-18 00:00:00+00:00,2025-07-18 23:51:00+00:00,89.96000000000001,2025-07-18 01:51:00+00:00,60.0,OK
744860-94789,2025-07-19,32,32,2025-07-19 00:00:00+00:00,2025-07-19 23:51:00+00:00,82.04,2025-07-19 14:51:00+00:00,60.0,OK
744860-94789,2025-07-20,37,37,2025-07-20 00:00:00+00:00,2025-07-20 23:51:00+00:00,87.08000000000001,2025-07-20 23:51:00+00:00,60.0,OK
744860-94789,2025-07-21,32,32,2025-07-21 00:00:00+00:00,2025-07-21 23:51:00+00:00,87.08000000000001,2025-07-21 00:00:00+00:00,60.0,OK
744860-94789,2025-07-22,32,32,2025-07-22 00:00:00+00:00,2025-07-22 23:51:00+00:00,80.06,2025-07-22 15:51:00+00:00,60.0,OK
744860-94789,2025-07-23,32,32,2025-07-23 00:00:00+00:00,2025-07-23 23:51:00+00:00,82.04,2025-07-23 17:51:00+00:00,60.0,OK
744860-94789,2025-07-24,32,32,2025-07-24 00:00:00+00:00,2025-07-24 23:51:00+00:00,84.02,2025-07-24 18:51:00+00:00,60.0,OK
744860-94789,2025-07-25,34,34,2025-07-25 00:00:00+00:00,2025-07-25 23:51:00+00:00,93.2,2025-07-25 19:48:00+00:00,60.0,OK
744860-94789,2025-07-26,32,32,2025-07-26 00:00:00+00:00,2025-07-26 23:51:00+00:00,86.0,2025-07-26 01:51:00+00:00,60.0,OK
744860-94789,2025-07-27,34,34,2025-07-27 00:00:00+00:00,2025-07-27 23:51:00+00:00,84.02,2025-07-27 20:51:00+00:00,60.0,OK
744860-94789,2025-07-28,32,32,2025-07-28 00:00:00+00:00,2025-07-28 23:51:00+00:00,91.94,2025-07-28 20:51:00+00:00,60.0,OK
744860-94789,2025-07-29,30,30,2025-07-29 00:51:00+00:00,2025-07-29 23:51:00+00:00,95.0,2025-07-29 15:51:00+00:00,60.0,OK
744860-94789,2025-07-30,32,32,2025-07-30 00:00:00+00:00,2025-07-30 23:51:00+00:00,93.91999999999999,2025-07-30 14:51:00+00:00,60.0,OK
744860-94789,2025-07-31,40,40,2025-07-31 00:00:00+00:00,2025-07-31 23:51:00+00:00,89.96000000000001,2025-07-31 16:51:00+00:00,60.0,OK
744860-94789,2025-08-01,42,42,2025-08-01 00:00:00+00:00,2025-08-01 23:51:00+00:00,75.02,2025-08-01 00:00:00+00:00,60.0,OK
744860-94789,2025-08-02,32,32,2025-08-02 00:00:00+00:00,2025-08-02 23:51:00+00:00,78.08,2025-08-02 16:51:00+00:00,60.0,OK
744860-94789,2025-08-03,32,32,2025-08-03 00:00:00+00:00,2025-08-03 23:51:00+00:00,82.94,2025-08-03 16:51:00+00:00,60.0,OK
744860-94789,2025-08-04,32,32,2025-08-04 00:00:00+00:00,2025-08-04 23:51:00+00:00,84.91999999999999,2025-08-04 18:51:00+00:00,60.0,OK
744860-94789,2025-08-05,32,32,2025-08-05 00:00:00+00:00,2025-08-05 23:51:00+00:00,84.02,2025-08-05 17:51:00+00:00,60.0,OK
744860-94789,2025-08-06,32,32,2025-08-06 00:00:00+00:00,2025-08-06 23:51:00+00:00,78.98,2025-08-06 16:51:00+00:00,60.0,OK
744860-94789,2025-08-07,32,32,2025-08-07 00:00:00+00:00,2025-08-07 23:51:00+00:00,78.98,2025-08-07 17:51:00+00:00,60.0,OK
744860-94789,2025-08-08,32,32,2025-08-08 00:00:00+00:00,2025-08-08 23:51:00+00:00,78.98,2025-08-08 17:51:00+00:00,60.0,OK
744860-94789,2025-08-09,32,32,2025-08-09 00:00:00+00:00,2025-08-09 23:51:00+00:00,78.98,2025-08-09 14:51:00+00:00,60.0,OK
744860-94789,2025-08-10,32,32,2025-08-10 00:00:00+00:00,2025-08-10 23:51:00+00:00,84.91999999999999,2025-08-10 18:51:00+00:00,60.0,OK
744860-94789,2025-08-11,32,32,2025-08-11 00:00:00+00:00,2025-08-11 23:51:00+00:00,84.91999999999999,2025-08-11 16:51:00+00:00,60.0,OK
744860-94789,2025-08-12,32,32,2025-08-12 00:00:00+00:00,2025-08-12 23:51:00+00:00,84.02,2025-08-12 16:51:00+00:00,60.0,OK
744860-94789,2025-08-13,36,36,2025-08-13 00:00:00+00:00,2025-08-13 23:51:00+00:00,84.02,2025-08-13 16:05:00+00:00,60.0,OK
744860-94789,2025-08-14,37,37,2025-08-14 00:00:00+00:00,2025-08-14 23:51:00+00:00,84.91999999999999,2025-08-14 17:51:00+00:00,60.0,DUPLICATES(1)
744860-94789,2025-08-15,32,32,2025-08-15 00:00:00+00:00,2025-08-15 23:51:00+00:00,84.91999999999999,2025-08-15 15:51:00+00:00,60.0,OK
744860-94789,2025-08-16,34,34,2025-08-16 00:00:00+00:00,2025-08-16 23:51:00+00:00,80.06,2025-08-16 17:51:00+00:00,60.0,OK
744860-94789,2025-08-17,34,34,2025-08-17 00:00:00+00:00,2025-08-17 23:51:00+00:00,84.91999999999999,2025-08-17 17:51:00+00:00,60.0,OK
744860-94789,2025-08-18,34,34,2025-08-18 00:00:00+00:00,2025-08-18 23:51:00+00:00,78.08,2025-08-18 03:51:00+00:00,60.0,OK
744860-94789,2025-08-19,33,33,2025-08-19 00:00:00+00:00,2025-08-19 23:51:00+00:00,73.94,2025-08-19 16:51:00+00:00,60.0,OK
744860-94789,2025-08-20,37,37,2025-08-20 00:00:00+00:00,2025-08-20 23:51:00+00:00,69.08,2025-08-20 12:51:00+00:00,60.0,OK
744860-94789,2025-08-21,38,38,2025-08-21 00:00:00+00:00,2025-08-21 23:51:00+00:00,73.94,2025-08-21 19:51:00+00:00,60.0,OK
744860-94789,2025-08-22,32,32,2025-08-22 00:00:00+00:00,2025-08-22 23:51:00+00:00,82.04,2025-08-22 18:51:00+00:00,60.0,OK
744860-94789,2025-08-23,32,32,2025-08-23 00:00:00+00:00,2025-08-23 23:51:00+00:00,78.08,2025-08-23 18:51:00+00:00,60.0,OK
744860-94789,2025-08-24,33,33,2025-08-24 00:00:00+00:00,2025-08-24 23:51:00+00:00,78.98,2025-08-24 17:51:00+00:00,60.0,OK
725020-14734,2025-01-01,46,46,2025-01-01 00:00:00+00:00,2025-01-01 23:51:00+00:00,51.98,2025-01-01 16:51:00+00:00,60.0,OK
725020-14734,2025-01-02,32,32,2025-01-02 00:00:00+00:00,2025-01-02 23:51:00+00:00,44.06,2025-01-02 00:51:00+00:00,60.0,OK
725020-14734,2025-01-03,32,32,2025-01-03 00:00:00+00:00,2025-01-03 23:51:00+00:00,39.92,2025-01-03 16:51:00+00:00,60.0,OK
725020-14734,2025-01-04,32,32,2025-01-04 00:00:00+00:00,2025-01-04 23:51:00+00:00,35.06,2025-01-04 14:51:00+00:00,60.0,OK
725020-14734,2025-01-05,33,33,2025-01-05 00:00:00+00:00,2025-01-05 23:51:00+00:00,35.06,2025-01-05 18:51:00+00:00,60.0,OK
725020-14734,2025-01-06,41,41,2025-01-06 00:00:00+00:00,2025-01-06 23:51:00+00:00,30.92,2025-01-06 00:00:00+00:00,60.0,OK
725020-14734,2025-01-07,33,33,2025-01-07 00:00:00+00:00,2025-01-07 23:51:00+00:00,33.98,2025-01-07 18:51:00+00:00,60.0,OK
725020-14734,2025-01-08,32,32,2025-01-08 00:00:00+00:00,2025-01-08 23:51:00+00:00,32.0,2025-01-08 17:51:00+00:00,60.0,OK
725020-14734,2025-01-09,31,31,2025-01-09 00:00:00+00:00,2025-01-09 23:51:00+00:00,35.96,2025-01-09 18:51:00+00:00,60.0,OK
725020-14734,2025-01-10,32,32,2025-01-10 00:00:00+00:00,2025-01-10 23:51:00+00:00,41.0,2025-01-10 17:51:00+00:00,60.0,OK
725020-14734,2025-01-11,42,42,2025-01-11 00:00:00+00:00,2025-01-11 23:51:00+00:00,37.04,2025-01-11 00:00:00+00:00,60.0,OK
725020-14734,2025-01-12,32,32,2025-01-12 00:00:00+00:00,2025-01-12 23:51:00+00:00,44.96,2025-01-12 18:51:00+00:00,60.0,OK
725020-14734,2025-01-13,32,32,2025-01-13 00:00:00+00:00,2025-01-13 23:51:00+00:00,44.06,2025-01-13 19:51:00+00:00,60.0,OK
725020-14734,2025-01-14,32,32,2025-01-14 00:00:00+00:00,2025-01-14 23:51:00+00:00,39.02,2025-01-14 00:00:00+00:00,60.0,OK
725020-14734,2025-01-15,33,33,2025-01-15 00:00:00+00:00,2025-01-15 23:51:00+00:00,35.06,2025-01-15 18:51:00+00:00,60.0,OK
725020-14734,2025-01-16,32,32,2025-01-16 00:00:00+00:00,2025-01-16 23:51:00+00:00,30.02,2025-01-16 17:51:00+00:00,60.0,OK
725020-14734,2025-01-17,33,33,2025-01-17 00:00:00+00:00,2025-01-17 23:51:00+00:00,44.06,2025-01-17 18:51:00+00:00,60.0,OK
725020-14734,2025-01-18,37,37,2025-01-18 00:00:00+00:00,2025-01-18 23:51:00+00:00,46.04,2025-01-18 16:51:00+00:00,60.0,OK
725020-14734,2025-01-19,44,44,2025-01-19 00:00:00+00:00,2025-01-19 23:51:00+00:00,44.06,2025-01-19 00:29:00+00:00,60.0,OK
725020-14734,2025-01-20,34,34,2025-01-20 00:00:00+00:00,2025-01-20 23:51:00+00:00,30.92,2025-01-20 00:00:00+00:00,60.0,OK
725020-14734,2025-01-21,32,32,2025-01-21 00:00:00+00:00,2025-01-21 23:51:00+00:00,21.02,2025-01-21 00:00:00+00:00,60.0,OK
725020-14734,2025-01-22,31,31,2025-01-22 00:00:00+00:00,2025-01-22 23:51:00+00:00,21.02,2025-01-22 19:51:00+00:00,60.0,OK
725020-14734,2025-01-23,26,26,2025-01-23 00:00:00+00:00,2025-01-23 23:51:00+00:00,28.04,2025-01-23 18:51:00+00:00,240.0,LARGE_GAP
725020-14734,2025-01-24,32,32,2025-01-24 00:00:00+00:00,2025-01-24 23:51:00+00:00,33.98,2025-01-24 18:51:00+00:00,60.0,OK
725020-14734,2025-01-25,32,32,2025-01-25 00:00:00+00:00,2025-01-25 23:51:00+00:00,32.0,2025-01-25 19:51:00+00:00,60.0,OK
725020-14734,2025-01-26,32,32,2025-01-26 00:00:00+00:00,2025-01-26 23:51:00+00:00,44.96,2025-01-26 19:51:00+00:00,60.0,OK
725020-14734,2025-01-27,33,33,2025-01-27 00:00:00+00:00,2025-01-27 23:51:00+00:00,42.08,2025-01-27 19:51:00+00:00,60.0,OK
725020-14734,2025-01-28,33,33,2025-01-28 00:00:00+00:00,2025-01-28 23:51:00+00:00,44.96,2025-01-28 17:51:00+00:00,60.0,OK
725020-14734,2025-01-29,32,32,2025-01-29 00:00:00+00:00,2025-01-29 23:51:00+00:00,53.06,2025-01-29 17:51:00+00:00,60.0,OK
725020-14734,2025-01-30,37,37,2025-01-30 00:00:00+00:00,2025-01-30 23:51:00+00:00,44.96,2025-01-30 00:00:00+00:00,60.0,OK
725020-14734,2025-01-31,39,39,2025-01-31 00:00:00+00:00,2025-01-31 23:51:00+00:00,44.96,2025-01-31 16:41:00+00:00,60.0,OK
725020-14734,2025-02-01,37,37,2025-02-01 00:00:00+00:00,2025-02-01 23:51:00+00:00,46.94,2025-02-01 04:18:00+00:00,60.0,OK
725020-14734,2025-02-02,45,45,2025-02-02 00:00:00+00:00,2025-02-02 23:51:00+00:00,33.08,2025-02-02 20:19:00+00:00,60.0,OK
725020-14734,2025-02-03,47,47,2025-02-03 00:00:00+00:00,2025-02-03 23:51:00+00:00,50.0,2025-02-03 20:51:00+00:00,60.0,OK
725020-14734,2025-02-04,32,32,2025-02-04 00:00:00+00:00,2025-02-04 23:51:00+00:00,48.02,2025-02-04 10:51:00+00:00,60.0,OK
725020-14734,2025-02-05,32,32,2025-02-05 00:00:00+00:00,2025-02-05 23:51:00+00:00,37.94,2025-02-05 00:00:00+00:00,60.0,OK
725020-14734,2025-02-06,43,43,2025-02-06 00:00:00+00:00,2025-02-06 23:51:00+00:00,39.2,2025-02-06 20:49:00+00:00,60.0,OK
725020-14734,2025-02-07,34,34,2025-02-07 00:00:00+00:00,2025-02-07 23:51:00+00:00,44.06,2025-02-07 14:51:00+00:00,60.0,OK
725020-14734,2025-02-08,32,32,2025-02-08 00:00:00+00:00,2025-02-08 23:51:00+00:00,35.06,2025-02-08 18:51:00+00:00,60.0,OK
725020-14734,2025-02-09,50,50,2025-02-09 00:00:00+00:00,2025-02-09 23:51:00+00:00,35.96,2025-02-09 20:51:00+00:00,60.0,OK
725020-14734,2025-02-10,31,31,2025-02-10 00:00:00+00:00,2025-02-10 23:51:00+00:00,37.94,2025-02-10 18:51:00+00:00,60.0,OK
725020-14734,2025-02-11,30,30,2025-02-11 00:00:00+00:00,2025-02-11 23:51:00+00:00,35.96,2025-02-11 19:51:00+00:00,60.0,OK
725020-14734,2025-02-12,43,43,2025-02-12 00:00:00+00:00,2025-02-12 23:51:00+00:00,35.96,2025-02-12 00:00:00+00:00,60.0,OK
725020-14734,2025-02-13,45,45,2025-02-13 00:00:00+00:00,2025-02-13 23:51:00+00:00,46.94,2025-02-13 20:51:00+00:00,60.0,OK
725020-14734,2025-02-14,32,32,2025-02-14 00:00:00+00:00,2025-02-14 23:51:00+00:00,42.980000000000004,2025-02-14 00:00:00+00:00,60.0,OK
725020-14734,2025-02-15,43,43,2025-02-15 00:00:00+00:00,2025-02-15 23:55:00+00:00,37.04,2025-02-15 18:51:00+00:00,60.0,OK
725020-14734,2025-02-16,51,51,2025-02-16 00:16:00+00:00,2025-02-16 23:51:00+00:00,44.96,2025-02-16 22:51:00+00:00,60.0,OK
725020-14734,2025-02-17,33,33,2025-02-17 00:00:00+00:00,2025-02-17 23:51:00+00:00,44.06,2025-02-17 00:00:00+00:00,60.0,OK
725020-14734,2025-02-18,32,32,2025-02-18 00:00:00+00:00,2025-02-18 23:51:00+00:00,33.08,2025-02-18 00:00:00+00:00,60.0,OK
725020-14734,2025-02-19,32,32,2025-02-19 00:00:00+00:00,2025-02-19 23:51:00+00:00,33.08,2025-02-19 18:51:00+00:00,60.0,OK
725020-14734,2025-02-20,32,32,2025-02-20 00:00:00+00:00,2025-02-20 23:51:00+00:00,30.92,2025-02-20 17:51:00+00:00,60.0,OK
725020-14734,2025-02-21,35,35,2025-02-21 00:00:00+00:00,2025-02-21 23:51:00+00:00,37.04,2025-02-21 19:51:00+00:00,60.0,OK
725020-14734,2025-02-22,33,33,2025-02-22 00:00:00+00:00,2025-02-22 23:51:00+00:00,42.980000000000004,2025-02-22 20:51:00+00:00,60.0,OK
725020-14734,2025-02-23,32,32,2025-02-23 00:00:00+00:00,2025-02-23 23:51:00+00:00,48.02,2025-02-23 19:51:00+00:00,60.0,OK
725020-14734,2025-02-24,32,32,2025-02-24 00:00:00+00:00,2025-02-24 23:51:00+00:00,51.08,2025-02-24 20:51:00+00:00,60.0,OK
725020-14734,2025-02-25,32,32,2025-02-25 00:00:00+00:00,2025-02-25 23:51:00+00:00,57.02,2025-02-25 21:51:00+00:00,60.0,OK
725020-14734,2025-02-26,32,32,2025-02-26 00:00:00+00:00,2025-02-26 23:51:00+00:00,59.0,2025-02-26 19:51:00+00:00,60.0,OK
725020-14734,2025-02-27,33,33,2025-02-27 00:00:00+00:00,2025-02-27 23:51:00+00:00,55.04,2025-02-27 19:51:00+00:00,60.0,OK
725020-14734,2025-02-28,30,30,2025-02-28 00:00:00+00:00,2025-02-28 23:51:00+00:00,53.06,2025-02-28 00:00:00+00:00,60.0,OK
725020-14734,2025-03-01,34,34,2025-03-01 00:00:00+00:00,2025-03-01 23:51:00+00:00,64.94,2025-03-01 17:51:00+00:00,60.0,OK
725020-14734,2025-03-02,32,32,2025-03-02 00:00:00+00:00,2025-03-02 23:51:00+00:00,41.0,2025-03-02 00:00:00+00:00,60.0,OK
725020-14734,2025-03-03,32,32,2025-03-03 00:00:00+00:00,2025-03-03 23:51:00+00:00,39.92,2025-03-03 19:51:00+00:00,60.0,OK
725020-14734,2025-03-04,32,32,2025-03-04 00:00:00+00:00,2025-03-04 23:51:00+00:00,55.04,2025-03-04 18:51:00+00:00,63.0,OK
725020-14734,2025-03-05,34,34,2025-03-05 00:00:00+00:00,2025-03-05 23:51:00+00:00,60.980000000000004,2025-03-05 17:51:00+00:00,60.0,OK
725020-14734,2025-03-06,40,40,2025-03-06 00:00:00+00:00,2025-03-06 23:51:00+00:00,57.2,2025-03-06 09:49:00+00:00,60.0,OK
725020-14734,2025-03-07,32,32,2025-03-07 00:00:00+00:00,2025-03-07 23:51:00+00:00,51.98,2025-03-07 19:51:00+00:00,60.0,OK
725020-14734,2025-03-08,32,32,2025-03-08 00:00:00+00:00,2025-03-08 23:51:00+00:00,48.92,2025-03-08 00:00:00+00:00,60.0,OK
725020-14734,2025-03-09,33,33,2025-03-09 00:00:00+00:00,2025-03-09 23:51:00+00:00,55.94,2025-03-09 19:51:00+00:00,60.0,OK
725020-14734,2025-03-10,31,31,2025-03-10 00:00:00+00:00,2025-03-10 23:51:00+00:00,68.0,2025-03-10 18:51:00+00:00,60.0,OK
725020-14734,2025-03-11,32,32,2025-03-11 00:00:00+00:00,2025-03-11 23:51:00+00:00,64.94,2025-03-11 16:51:00+00:00,60.0,OK
725020-14734,2025-03-12,30,30,2025-03-12 00:00:00+00:00,2025-03-12 23:51:00+00:00,59.0,2025-03-12 00:00:00+00:00,62.0,OK
725020-14734,2025-03-13,32,32,2025-03-13 00:00:00+00:00,2025-03-13 23:51:00+00:00,51.8,2025-03-13 16:51:00+00:00,60.0,OK
725020-14734,2025-03-14,34,34,2025-03-14 00:00:00+00:00,2025-03-14 23:51:00+00:00,53.06,2025-03-14 16:51:00+00:00,60.0,OK
725020-14734,2025-03-15,46,46,2025-03-15 00:00:00+00:00,2025-03-15 23:51:00+00:00,48.02,2025-03-15 18:24:00+00:00,60.0,OK
725020-14734,2025-03-16,41,41,2025-03-16 00:00:00+00:00,2025-03-16 23:51:00+00:00,69.98,2025-03-16 19:51:00+00:00,60.0,OK
725020-14734,2025-03-17,40,40,2025-03-17 00:00:00+00:00,2025-03-17 23:51:00+00:00,66.02,2025-03-17 00:51:00+00:00,60.0,OK
725020-14734,2025-03-18,33,33,2025-03-18 00:00:00+00:00,2025-03-18 23:51:00+00:00,62.959999999999994,2025-03-18 20:51:00+00:00,60.0,OK
725020-14734,2025-03-19,32,32,2025-03-19 00:00:00+00:00,2025-03-19 23:51:00+00:00,60.980000000000004,2025-03-19 19:51:00+00:00,60.0,OK
725020-14734,2025-03-20,45,45,2025-03-20 00:00:00+00:00,2025-03-20 23:51:00+00:00,50.0,2025-03-20 17:51:00+00:00,60.0,OK
725020-14734,2025-03-21,37,37,2025-03-21 00:00:00+00:00,2025-03-21 23:51:00+00:00,53.06,2025-03-21 19:51:00+00:00,60.0,OK
725020-14734,2025-03-22,31,31,2025-03-22 00:00:00+00:00,2025-03-22 23:51:00+00:00,64.94,2025-03-22 17:51:00+00:00,60.0,OK
725020-14734,2025-03-23,33,33,2025-03-23 00:00:00+00:00,2025-03-23 23:51:00+00:00,57.92,2025-03-23 00:00:00+00:00,60.0,OK
725020-14734,2025-03-24,42,42,2025-03-24 00:00:00+00:00,2025-03-24 23:51:00+00:00,51.08,2025-03-24 21:51:00+00:00,60.0,OK
725020-14734,2025-03-25,36,36,2025-03-25 00:00:00+00:00,2025-03-25 23:51:00+00:00,60.08,2025-03-25 20:51:00+00:00,60.0,OK
725020-14734,2025-03-26,32,32,2025-03-26 00:00:00+00:00,2025-03-26 23:51:00+00:00,57.02,2025-03-26 00:00:00+00:00,60.0,OK
725020-14734,2025-03-27,30,30,2025-03-27 00:00:00+00:00,2025-03-27 23:51:00+00:00,53.96,2025-03-27 20:51:00+00:00,60.0,OK
725020-14734,2025-03-28,29,29,2025-03-28 00:51:00+00:00,2025-03-28 23:51:00+00:00,64.04,2025-03-28 18:51:00+00:00,60.0,OK
725020-14734,2025-03-29,33,33,2025-03-29 00:00:00+00:00,2025-03-29 23:51:00+00:00,84.02,2025-03-29 17:51:00+00:00,60.0,OK
725020-14734,2025-03-30,35,35,2025-03-30 00:00:00+00:00,2025-03-30 23:51:00+00:00,53.06,2025-03-30 00:00:00+00:00,60.0,OK
725020-14734,2025-03-31,43,41,2025-03-31 00:00:00+00:00,2025-03-31 23:51:00+00:00,78.98,2025-03-31 19:51:00+00:00,60.0,OK
725020-14734,2025-04-01,36,36,2025-04-01 00:00:00+00:00,2025-04-01 23:51:00+00:00,66.02,2025-04-01 00:00:00+00:00,60.0,OK
725020-14734,2025-04-02,35,35,2025-04-02 00:00:00+00:00,2025-04-02 23:51:00+00:00,50.0,2025-04-02 00:00:00+00:00,60.0,OK
725020-14734,2025-04-03,42,42,2025-04-03 00:00:00+00:00,2025-04-03 23:51:00+00:00,75.02,2025-04-03 21:51:00+00:00,60.0,DUPLICATES(2)
725020-14734,2025-04-04,32,32,2025-04-04 00:00:00+00:00,2025-04-04 23:51:00+00:00,73.94,2025-04-04 00:00:00+00:00,60.0,OK
725020-14734,2025-04-05,40,40,2025-04-05 00:00:00+00:00,2025-04-05 23:51:00+00:00,66.02,2025-04-05 00:00:00+00:00,60.0,OK
725020-14734,2025-04-06,37,37,2025-04-06 00:00:00+00:00,2025-04-06 23:51:00+00:00,57.92,2025-04-06 20:51:00+00:00,60.0,OK
725020-14734,2025-04-07,40,40,2025-04-07 00:00:00+00:00,2025-04-07 23:51:00+00:00,55.94,2025-04-07 00:00:00+00:00,60.0,OK
725020-14734,2025-04-08,40,40,2025-04-08 00:00:00+00:00,2025-04-08 23:51:00+00:00,48.02,2025-04-08 19:51:00+00:00,60.0,OK
725020-14734,2025-04-09,33,33,2025-04-09 00:00:00+00:00,2025-04-09 23:51:00+00:00,50.0,2025-04-09 20:51:00+00:00,60.0,OK
725020-14734,2025-04-10,32,32,2025-04-10 00:00:00+00:00,2025-04-10 23:51:00+00:00,50.0,2025-04-10 15:51:00+00:00,60.0,OK
725020-14734,2025-04-11,40,40,2025-04-11 00:00:00+00:00,2025-04-11 23:51:00+00:00,46.94,2025-04-11 15:51:00+00:00,60.0,OK
725020-14734,2025-04-12,38,38,2025-04-12 00:00:00+00:00,2025-04-12 23:51:00+00:00,44.96,2025-04-12 00:00:00+00:00,60.0,OK
725020-14734,2025-04-13,34,34,2025-04-13 00:00:00+00:00,2025-04-13 23:51:00+00:00,60.08,2025-04-13 19:51:00+00:00,60.0,OK
725020-14734,2025-04-14,32,32,2025-04-14 00:00:00+00:00,2025-04-14 23:51:00+00:00,66.02,2025-04-14 18:51:00+00:00,60.0,OK
725020-14734,2025-04-15,33,33,2025-04-15 00:00:00+00:00,2025-04-15 23:51:00+00:00,71.96,2025-04-15 17:51:00+00:00,60.0,OK
725020-14734,2025-04-16,34,34,2025-04-16 00:00:00+00:00,2025-04-16 23:51:00+00:00,57.92,2025-04-16 00:00:00+00:00,60.0,OK
725020-14734,2025-04-17,32,32,2025-04-17 00:00:00+00:00,2025-04-17 23:51:00+00:00,64.94,2025-04-17 19:51:00+00:00,60.0,OK
725020-14734,2025-04-18,32,32,2025-04-18 00:00:00+00:00,2025-04-18 23:51:00+00:00,69.98,2025-04-18 18:51:00+00:00,60.0,OK
725020-14734,2025-04-19,33,33,2025-04-19 00:00:00+00:00,2025-04-19 23:51:00+00:00,87.08000000000001,2025-04-19 19:51:00+00:00,60.0,OK
725020-14734,2025-04-20,32,32,2025-04-20 00:00:00+00:00,2025-04-20 23:51:00+00:00,78.98,2025-04-20 00:00:00+00:00,60.0,OK
725020-14734,2025-04-21,32,32,2025-04-21 00:00:00+00:00,2025-04-21 23:51:00+00:00,64.04,2025-04-21 00:00:00+00:00,60.0,OK
725020-14734,2025-04-22,38,38,2025-04-22 00:00:00+00:00,2025-04-22 23:51:00+00:00,82.94,2025-04-22 18:51:00+00:00,60.0,OK
725020-14734,2025-04-23,33,33,2025-04-23 00:00:00+00:00,2025-04-23 23:51:00+00:00,75.02,2025-04-23 18:51:00+00:00,60.0,OK
725020-14734,2025-04-24,33,33,2025-04-24 00:00:00+00:00,2025-04-24 23:51:00+00:00,78.08,2025-04-24 22:51:00+00:00,60.0,OK
725020-14734,2025-04-25,32,32,2025-04-25 00:00:00+00:00,2025-04-25 23:51:00+00:00,78.08,2025-04-25 17:51:00+00:00,60.0,OK
725020-14734,2025-04-26,42,42,2025-04-26 00:00:00+00:00,2025-04-26 23:51:00+00:00,75.02,2025-04-26 21:51:00+00:00,60.0,OK
725020-14734,2025-04-27,32,32,2025-04-27 00:00:00+00:00,2025-04-27 23:51:00+00:00,69.98,2025-04-27 00:00:00+00:00,60.0,OK
725020-14734,2025-04-28,33,33,2025-04-28 00:00:00+00:00,2025-04-28 23:51:00+00:00,75.92,2025-04-28 18:51:00+00:00,60.0,OK
725020-14734,2025-04-29,32,32,2025-04-29 00:00:00+00:00,2025-04-29 23:51:00+00:00,82.04,2025-04-29 18:51:00+00:00,60.0,OK
725020-14734,2025-04-30,33,33,2025-04-30 00:00:00+00:00,2025-04-30 23:51:00+00:00,77.0,2025-04-30 00:00:00+00:00,60.0,OK
725020-14734,2025-05-01,32,32,2025-05-01 00:00:00+00:00,2025-05-01 23:51:00+00:00,71.06,2025-05-01 00:00:00+00:00,60.0,OK
725020-14734,2025-05-02,36,36,2025-05-02 00:00:00+00:00,2025-05-02 23:51:00+00:00,87.08000000000001,2025-05-02 19:51:00+00:00,60.0,OK
725020-14734,2025-05-03,35,35,2025-05-03 00:00:00+00:00,2025-05-03 23:51:00+00:00,87.98,2025-05-03 18:51:00+00:00,60.0,OK
725020-14734,2025-05-04,45,45,2025-05-04 00:00:00+00:00,2025-05-04 23:51:00+00:00,78.08,2025-05-04 00:00:00+00:00,60.0,OK
725020-14734,2025-05-05,45,45,2025-05-05 00:00:00+00:00,2025-05-05 23:51:00+00:00,64.04,2025-05-05 14:51:00+00:00,60.0,OK
725020-14734,2025-05-06,42,42,2025-05-06 00:00:00+00:00,2025-05-06 23:51:00+00:00,68.0,2025-05-06 19:06:00+00:00,60.0,OK
725020-14734,2025-05-07,34,34,2025-05-07 00:00:00+00:00,2025-05-07 23:51:00+00:00,78.08,2025-05-07 19:51:00+00:00,60.0,OK
725020-14734,2025-05-08,32,32,2025-05-08 00:00:00+00:00,2025-05-08 23:51:00+00:00,78.08,2025-05-08 17:51:00+00:00,60.0,OK
725020-14734,2025-05-09,39,39,2025-05-09 00:00:00+00:00,2025-05-09 23:51:00+00:00,64.04,2025-05-09 00:00:00+00:00,60.0,OK
725020-14734,2025-05-10,34,34,2025-05-10 00:00:00+00:00,2025-05-10 23:51:00+00:00,75.92,2025-05-10 20:51:00+00:00,60.0,OK
725020-14734,2025-05-11,34,34,2025-05-11 00:00:00+00:00,2025-05-11 23:51:00+00:00,80.06,2025-05-11 18:51:00+00:00,60.0,OK
725020-14734,2025-05-12,31,31,2025-05-12 00:00:00+00:00,2025-05-12 23:51:00+00:00,75.02,2025-05-12 00:00:00+00:00,60.0,OK
725020-14734,2025-05-13,37,37,2025-05-13 00:00:00+00:00,2025-05-13 23:51:00+00:00,73.04,2025-05-13 16:51:00+00:00,60.0,OK
725020-14734,2025-05-14,50,50,2025-05-14 00:00:00+00:00,2025-05-14 23:51:00+00:00,64.94,2025-05-14 00:00:00+00:00,60.0,DUPLICATES(1)
725020-14734,2025-05-15,37,37,2025-05-15 00:00:00+00:00,2025-05-15 23:51:00+00:00,71.96,2025-05-15 16:51:00+00:00,60.0,OK
725020-14734,2025-05-16,49,49,2025-05-16 00:00:00+00:00,2025-05-16 23:51:00+00:00,75.02,2025-05-16 14:41:00+00:00,61.0,OK
725020-14734,2025-05-17,36,36,2025-05-17 00:00:00+00:00,2025-05-17 23:51:00+00:00,87.08000000000001,2025-05-17 19:51:00+00:00,60.0,OK
725020-14734,2025-05-18,33,33,2025-05-18 00:00:00+00:00,2025-05-18 23:51:00+00:00,82.94,2025-05-18 00:51:00+00:00,60.0,OK
725020-14734,2025-05-19,32,32,2025-05-19 00:00:00+00:00,2025-05-19 23:51:00+00:00,73.04,2025-05-19 17:51:00+00:00,60.0,OK
725020-14734,2025-05-20,32,32,2025-05-20 00:00:00+00:00,2025-05-20 23:51:00+00:00,69.98,2025-05-20 19:51:00+00:00,60.0,OK
725020-14734,2025-05-21,34,34,2025-05-21 00:00:00+00:00,2025-05-21 23:51:00+00:00,64.94,2025-05-21 00:00:00+00:00,60.0,OK
725020-14734,2025-05-22,42,42,2025-05-22 00:00:00+00:00,2025-05-22 23:51:00+00:00,53.6,2025-05-22 20:47:00+00:00,60.0,OK
725020-14734,2025-05-23,40,40,2025-05-23 00:00:00+00:00,2025-05-23 23:51:00+00:00,66.92,2025-05-23 19:51:00+00:00,60.0,OK
725020-14734,2025-05-24,32,32,2025-05-24 00:00:00+00:00,2025-05-24 23:51:00+00:00,66.92,2025-05-24 20:51:00+00:00,60.0,OK
725020-14734,2025-05-25,32,32,2025-05-25 00:00:00+00:00,2025-05-25 23:51:00+00:00,69.98,2025-05-25 19:51:00+00:00,60.0,OK
725020-14734,2025-05-26,32,32,2025-05-26 00:00:00+00:00,2025-05-26 23:51:00+00:00,73.04,2025-05-26 18:51:00+00:00,60.0,OK
725020-14734,2025-05-27,32,32,2025-05-27 00:00:00+00:00,2025-05-27 23:51:00+00:00,75.92,2025-05-27 18:51:00+00:00,60.0,OK
725020-14734,2025-05-28,33,33,2025-05-28 00:00:00+00:00,2025-05-28 23:51:00+00:00,69.98,2025-05-28 00:00:00+00:00,60.0,OK
725020-14734,2025-05-29,41,41,2025-05-29 00:00:00+00:00,2025-05-29 23:51:00+00:00,69.98,2025-05-29 21:51:00+00:00,60.0,OK
725020-14734,2025-05-30,35,35,2025-05-30 00:00:00+00:00,2025-05-30 23:51:00+00:00,77.0,2025-05-30 18:51:00+00:00,60.0,OK
725020-14734,2025-05-31,44,44,2025-05-31 00:00:00+00:00,2025-05-31 23:51:00+00:00,73.04,2025-05-31 18:51:00+00:00,60.0,OK
725020-14734,2025-06-01,32,32,2025-06-01 00:00:00+00:00,2025-06-01 23:51:00+00:00,69.08,2025-06-01 18:51:00+00:00,60.0,OK
725020-14734,2025-06-02,31,31,2025-06-02 00:00:00+00:00,2025-06-02 23:51:00+00:00,75.02,2025-06-02 20:51:00+00:00,60.0,OK
725020-14734,2025-06-03,32,32,2025-06-03 00:00:00+00:00,2025-06-03 23:51:00+00:00,80.06,2025-06-03 18:51:00+00:00,60.0,OK
725020-14734,2025-06-04,32,32,2025-06-04 00:00:00+00:00,2025-06-04 23:51:00+00:00,84.91999999999999,2025-06-04 17:51:00+00:00,60.0,OK
725020-14734,2025-06-05,32,32,2025-06-05 00:00:00+00:00,2025-06-05 23:51:00+00:00,89.96000000000001,2025-06-05 18:51:00+00:00,60.0,OK
725020-14734,2025-06-06,36,36,2025-06-06 00:00:00+00:00,2025-06-06 23:51:00+00:00,86.0,2025-06-06 00:00:00+00:00,60.0,OK
725020-14734,2025-06-07,44,44,2025-06-07 00:00:00+00:00,2025-06-07 23:51:00+00:00,80.96,2025-06-07 00:00:00+00:00,60.0,OK
725020-14734,2025-06-08,31,31,2025-06-08 00:00:00+00:00,2025-06-08 23:51:00+00:00,75.92,2025-06-08 16:51:00+00:00,60.0,OK
725020-14734,2025-06-09,41,41,2025-06-09 00:00:00+00:00,2025-06-09 23:51:00+00:00,66.92,2025-06-09 00:00:00+00:00,60.0,OK
725020-14734,2025-06-10,38,38,2025-06-10 00:00:00+00:00,2025-06-10 23:51:00+00:00,78.08,2025-06-10 21:51:00+00:00,60.0,OK
725020-14734,2025-06-11,31,31,2025-06-11 00:00:00+00:00,2025-06-11 23:51:00+00:00,84.91999999999999,2025-06-11 17:51:00+00:00,60.0,OK
725020-14734,2025-06-12,32,32,2025-06-12 00:51:00+00:00,2025-06-12 23:51:00+00:00,91.03999999999999,2025-06-12 18:51:00+00:00,60.0,OK
725020-14734,2025-06-13,32,32,2025-06-13 00:00:00+00:00,2025-06-13 23:51:00+00:00,86.0,2025-06-13 00:00:00+00:00,60.0,OK
725020-14734,2025-06-14,36,36,2025-06-14 00:00:00+00:00,2025-06-14 23:51:00+00:00,71.96,2025-06-14 00:00:00+00:00,60.0,OK
725020-14734,2025-06-15,44,44,2025-06-15 00:00:00+00:00,2025-06-15 23:51:00+00:00,64.04,2025-06-15 00:00:00+00:00,60.0,OK
725020-14734,2025-06-16,37,37,2025-06-16 00:00:00+00:00,2025-06-16 23:51:00+00:00,69.08,2025-06-16 19:51:00+00:00,60.0,OK
725020-14734,2025-06-17,39,39,2025-06-17 00:00:00+00:00,2025-06-17 23:51:00+00:00,71.06,2025-06-17 21:31:00+00:00,60.0,OK
725020-14734,2025-06-18,42,42,2025-06-18 00:00:00+00:00,2025-06-18 23:51:00+00:00,86.0,2025-06-18 20:51:00+00:00,60.0,OK
725020-14734,2025-06-19,49,49,2025-06-19 00:00:00+00:00,2025-06-19 23:59:00+00:00,91.94,2025-06-19 18:51:00+00:00,60.0,OK
725020-14734,2025-06-20,32,32,2025-06-20 00:00:00+00:00,2025-06-20 23:51:00+00:00,87.08000000000001,2025-06-20 19:51:00+00:00,60.0,OK
725020-14734,2025-06-21,32,32,2025-06-21 00:00:00+00:00,2025-06-21 23:51:00+00:00,91.03999999999999,2025-06-21 19:51:00+00:00,60.0,OK
725020-14734,2025-06-22,33,33,2025-06-22 00:00:00+00:00,2025-06-22 23:51:00+00:00,91.03999999999999,2025-06-22 20:51:00+00:00,60.0,OK
725020-14734,2025-06-23,32,32,2025-06-23 00:00:00+00:00,2025-06-23 23:51:00+00:00,100.94,2025-06-23 18:51:00+00:00,60.0,OK
725020-14734,2025-06-24,32,32,2025-06-24 00:00:00+00:00,2025-06-24 23:51:00+00:00,102.91999999999999,2025-06-24 18:51:00+00:00,60.0,OK
725020-14734,2025-06-25,32,32,2025-06-25 00:00:00+00:00,2025-06-25 23:51:00+00:00,100.03999999999999,2025-06-25 18:51:00+00:00,60.0,OK
725020-14734,2025-06-26,36,36,2025-06-26 00:00:00+00:00,2025-06-26 23:51:00+00:00,96.08000000000001,2025-06-26 00:00:00+00:00,60.0,DUPLICATES(1)
725020-14734,2025-06-27,35,35,2025-06-27 00:00:00+00:00,2025-06-27 23:51:00+00:00,71.96,2025-06-27 15:51:00+00:00,60.0,OK
725020-14734,2025-06-28,36,36,2025-06-28 00:00:00+00:00,2025-06-28 23:51:00+00:00,89.06,2025-06-28 21:51:00+00:00,60.0,OK
725020-14734,2025-06-29,33,33,2025-06-29 00:00:00+00:00,2025-06-29 23:51:00+00:00,93.91999999999999,2025-06-29 18:51:00+00:00,60.0,OK
725020-14734,2025-06-30,36,36,2025-06-30 00:00:00+00:00,2025-06-30 23:51:00+00:00,93.02,2025-06-30 18:51:00+00:00,60.0,OK
725020-14734,2025-07-01,43,43,2025-07-01 00:00:00+00:00,2025-07-01 23:51:00+00:00,93.91999999999999,2025-07-01 19:51:00+00:00,60.0,OK
725020-14734,2025-07-02,39,39,2025-07-02 00:00:00+00:00,2025-07-02 23:51:00+00:00,89.06,2025-07-02 19:51:00+00:00,60.0,OK
725020-14734,2025-07-03,36,36,2025-07-03 00:00:00+00:00,2025-07-03 23:51:00+00:00,93.91999999999999,2025-07-03 17:51:00+00:00,60.0,OK
725020-14734,2025-07-04,32,32,2025-07-04 00:00:00+00:00,2025-07-04 23:51:00+00:00,86.0,2025-07-04 18:51:00+00:00,60.0,OK
725020-14734,2025-07-05,32,32,2025-07-05 00:00:00+00:00,2025-07-05 23:51:00+00:00,89.96000000000001,2025-07-05 19:51:00+00:00,60.0,OK
725020-14734,2025-07-06,32,32,2025-07-06 00:00:00+00:00,2025-07-06 23:51:00+00:00,93.02,2025-07-06 20:51:00+00:00,60.0,OK
725020-14734,2025-07-07,35,35,2025-07-07 00:00:00+00:00,2025-07-07 23:51:00+00:00,89.06,2025-07-07 00:00:00+00:00,60.0,OK
725020-14734,2025-07-08,35,35,2025-07-08 00:00:00+00:00,2025-07-08 23:51:00+00:00,98.06,2025-07-08 18:51:00+00:00,60.0,OK
725020-14734,2025-07-09,38,38,2025-07-09 00:00:00+00:00,2025-07-09 23:51:00+00:00,96.08000000000001,2025-07-09 18:51:00+00:00,60.0,OK
725020-14734,2025-07-10,32,32,2025-07-10 00:00:00+00:00,2025-07-10 23:51:00+00:00,89.96000000000001,2025-07-10 00:00:00+00:00,60.0,OK
725020-14734,2025-07-11,38,38,2025-07-11 00:00:00+00:00,2025-07-11 23:51:00+00:00,87.08000000000001,2025-07-11 16:51:00+00:00,60.0,OK
725020-14734,2025-07-12,36,36,2025-07-12 00:00:00+00:00,2025-07-12 23:51:00+00:00,87.08000000000001,2025-07-12 16:51:00+00:00,60.0,OK
725020-14734,2025-07-13,34,34,2025-07-13 00:00:00+00:00,2025-07-13 23:51:00+00:00,86.0,2025-07-13 19:51:00+00:00,60.0,OK
725020-14734,2025-07-14,45,45,2025-07-14 00:00:00+00:00,2025-07-14 23:51:00+00:00,87.98,2025-07-14 16:51:00+00:00,60.0,OK
725020-14734,2025-07-15,39,39,2025-07-15 00:00:00+00:00,2025-07-15 23:51:00+00:00,89.06,2025-07-15 18:51:00+00:00,60.0,OK
725020-14734,2025-07-16,32,32,2025-07-16 00:00:00+00:00,2025-07-16 23:51:00+00:00,89.96000000000001,2025-07-16 16:51:00+00:00,60.0,OK
725020-14734,2025-07-17,34,34,2025-07-17 00:00:00+00:00,2025-07-17 23:51:00+00:00,95.0,2025-07-17 19:51:00+00:00,60.0,OK
725020-14734,2025-07-18,32,32,2025-07-18 00:00:00+00:00,2025-07-18 23:51:00+00:00,91.03999999999999,2025-07-18 00:00:00+00:00,60.0,OK
725020-14734,2025-07-19,32,32,2025-07-19 00:00:00+00:00,2025-07-19 23:51:00+00:00,82.94,2025-07-19 00:00:00+00:00,60.0,OK
725020-14734,2025-07-20,37,37,2025-07-20 00:00:00+00:00,2025-07-20 23:51:00+00:00,93.02,2025-07-20 18:51:00+00:00,60.0,OK
725020-14734,2025-07-21,32,32,2025-07-21 00:00:00+00:00,2025-07-21 23:51:00+00:00,89.96000000000001,2025-07-21 18:51:00+00:00,60.0,OK
725020-14734,2025-07-22,32,32,2025-07-22 00:00:00+00:00,2025-07-22 23:51:00+00:00,84.02,2025-07-22 00:00:00+00:00,60.0,OK
725020-14734,2025-07-23,32,32,2025-07-23 00:00:00+00:00,2025-07-23 23:51:00+00:00,82.94,2025-07-23 20:51:00+00:00,60.0,OK
725020-14734,2025-07-24,32,32,2025-07-24 00:00:00+00:00,2025-07-24 23:51:00+00:00,91.03999999999999,2025-07-24 20:51:00+00:00,60.0,OK
725020-14734,2025-07-25,40,40,2025-07-25 00:00:00+00:00,2025-07-25 23:51:00+00:00,100.03999999999999,2025-07-25 19:31:00+00:00,60.0,OK
725020-14734,2025-07-26,32,32,2025-07-26 00:00:00+00:00,2025-07-26 23:51:00+00:00,84.02,2025-07-26 14:51:00+00:00,60.0,OK
725020-14734,2025-07-27,32,32,2025-07-27 00:00:00+00:00,2025-07-27 23:51:00+00:00,87.98,2025-07-27 20:51:00+00:00,60.0,OK
725020-14734,2025-07-28,32,32,2025-07-28 00:00:00+00:00,2025-07-28 23:51:00+00:00,96.98,2025-07-28 18:51:00+00:00,60.0,OK
725020-14734,2025-07-29,30,30,2025-07-29 00:51:00+00:00,2025-07-29 23:51:00+00:00,100.03999999999999,2025-07-29 17:51:00+00:00,60.0,OK
725020-14734,2025-07-30,34,34,2025-07-30 00:00:00+00:00,2025-07-30 23:51:00+00:00,98.06,2025-07-30 21:51:00+00:00,60.0,OK
725020-14734,2025-07-31,42,42,2025-07-31 00:00:00+00:00,2025-07-31 23:51:00+00:00,89.96000000000001,2025-07-31 14:51:00+00:00,60.0,OK
725020-14734,2025-08-01,39,39,2025-08-01 00:00:00+00:00,2025-08-01 23:51:00+00:00,73.94,2025-08-01 20:51:00+00:00,60.0,OK
725020-14734,2025-08-02,32,32,2025-08-02 00:00:00+00:00,2025-08-02 23:51:00+00:00,80.96,2025-08-02 17:51:00+00:00,60.0,OK
725020-14734,2025-08-03,32,32,2025-08-03 00:00:00+00:00,2025-08-03 23:51:00+00:00,84.02,2025-08-03 17:51:00+00:00,60.0,OK
725020-14734,2025-08-04,32,32,2025-08-04 00:00:00+00:00,2025-08-04 23:51:00+00:00,89.06,2025-08-04 18:51:00+00:00,60.0,OK
725020-14734,2025-08-05,32,32,2025-08-05 00:00:00+00:00,2025-08-05 23:51:00+00:00,86.0,2025-08-05 17:51:00+00:00,60.0,OK
725020-14734,2025-08-06,32,32,2025-08-06 00:00:00+00:00,2025-08-06 23:51:00+00:00,78.98,2025-08-06 16:51:00+00:00,60.0,OK
725020-14734,2025-08-07,32,32,2025-08-07 00:00:00+00:00,2025-08-07 23:51:00+00:00,80.06,2025-08-07 15:51:00+00:00,60.0,OK
725020-14734,2025-08-08,32,32,2025-08-08 00:00:00+00:00,2025-08-08 23:51:00+00:00,80.96,2025-08-08 18:51:00+00:00,60.0,OK
725020-14734,2025-08-09,32,32,2025-08-09 00:00:00+00:00,2025-08-09 23:51:00+00:00,86.0,2025-08-09 18:51:00+00:00,60.0,OK
725020-14734,2025-08-10,32,32,2025-08-10 00:00:00+00:00,2025-08-10 23:51:00+00:00,89.96000000000001,2025-08-10 18:51:00+00:00,60.0,OK
725020-14734,2025-08-11,32,32,2025-08-11 00:00:00+00:00,2025-08-11 23:51:00+00:00,89.96000000000001,2025-08-11 18:51:00+00:00,60.0,OK
725020-14734,2025-08-12,32,32,2025-08-12 00:00:00+00:00,2025-08-12 23:51:00+00:00,89.96000000000001,2025-08-12 16:51:00+00:00,60.0,OK
725020-14734,2025-08-13,38,38,2025-08-13 00:00:00+00:00,2025-08-13 23:51:00+00:00,91.94,2025-08-13 15:51:00+00:00,60.0,OK
725020-14734,2025-08-14,36,36,2025-08-14 00:00:00+00:00,2025-08-14 23:51:00+00:00,91.03999999999999,2025-08-14 19:51:00+00:00,60.0,OK
725020-14734,2025-08-15,32,32,2025-08-15 00:00:00+00:00,2025-08-15 23:51:00+00:00,87.98,2025-08-15 16:51:00+00:00,60.0,OK
725020-14734,2025-08-16,37,37,2025-08-16 00:00:00+00:00,2025-08-16 23:51:00+00:00,82.94,2025-08-16 17:51:00+00:00,60.0,OK
725020-14734,2025-08-17,38,38,2025-08-17 00:00:00+00:00,2025-08-17 23:51:00+00:00,93.91999999999999,2025-08-17 18:51:00+00:00,60.0,OK
725020-14734,2025-08-18,34,34,2025-08-18 00:00:00+00:00,2025-08-18 23:51:00+00:00,78.98,2025-08-18 00:00:00+00:00,60.0,OK
725020-14734,2025-08-19,32,32,2025-08-19 00:00:00+00:00,2025-08-19 23:51:00+00:00,75.92,2025-08-19 18:51:00+00:00,60.0,OK
725020-14734,2025-08-20,39,39,2025-08-20 00:00:00+00:00,2025-08-20 23:51:00+00:00,71.06,2025-08-20 00:00:00+00:00,60.0,OK
725020-14734,2025-08-21,39,39,2025-08-21 00:00:00+00:00,2025-08-21 23:51:00+00:00,73.94,2025-08-21 18:51:00+00:00,60.0,OK
725020-14734,2025-08-22,33,33,2025-08-22 00:00:00+00:00,2025-08-22 23:51:00+00:00,84.02,2025-08-22 19:51:00+00:00,60.0,OK
725020-14734,2025-08-23,32,32,2025-08-23 00:00:00+00:00,2025-08-23 23:51:00+00:00,82.94,2025-08-23 15:51:00+00:00,60.0,OK
725020-14734,2025-08-24,32,32,2025-08-24 00:00:00+00:00,2025-08-24 23:51:00+00:00,80.96,2025-08-24 15:51:00+00:00,60.0,OK
