year,market_ticker,candle_count,median_spread,total_volume,gap_count,median_gap,max_gap,pct_gaps_same_quote
2023,HIGHNY-23APR01-B64.5,51,0.14,1305.0,44.0,16.5,1143.0,100.0
2023,HIGHNY-23APR01-B66.5,114,0.04,2593.0,94.0,7.0,813.0,100.0
2023,HIGHNY-23APR01-B68.5,121,0.07999999999999996,1150.0,95.0,7.0,1052.0,100.0
2023,HIGHNY-23APR01-B70.5,152,0.06,633.0,120.0,6.0,1022.0,100.0
2023,HIGHNY-23APR01-T64,15,0.019999999999999997,2924.0,14.0,60.5,1502.0,100.0
2023,HIGHNY-23APR01-T71,147,0.04999999999999999,1400.0,115.0,6.0,1022.0,100.0
2023,HIGHNY-23APR02-B50.5,160,0.16,1425.0,116.0,6.5,842.0,100.0
2023,HIGHNY-23APR02-B52.5,145,0.08000000000000004,283.0,111.0,7.0,842.0,100.0
2023,HIGHNY-23APR02-B54.5,127,0.07,1414.0,102.0,7.0,622.0,100.0
2023,HIGHNY-23APR02-B56.5,50,0.98,54.0,33.0,24.0,945.0,100.0
2023,HIGHNY-23APR02-T50,75,0.04999999999999999,1028.0,54.0,10.0,821.0,100.0
2023,HIGHNY-23APR02-T57,49,0.985,52.0,22.0,25.5,945.0,100.0
2023,HIGHNY-23APR03-B54.5,95,0.13,235.0,89.0,7.0,1204.0,100.0
2023,HIGHNY-23APR03-B56.5,128,0.06,1054.0,106.0,7.0,1084.0,100.0
2023,HIGHNY-23APR03-B58.5,208,0.04999999999999999,1002.0,123.0,7.0,834.0,100.0
2023,HIGHNY-23APR03-B60.5,206,0.06,2382.0,137.0,7.0,695.0,100.0
2023,HIGHNY-23APR03-T54,9,0.44499999999999995,0.0,5.0,347.0,1550.0,100.0
2023,HIGHNY-23APR03-T61,490,0.01,1576.0,131.0,7.0,602.0,100.0
2023,HIGHNY-23APR04-B62.5,471,0.09,0.0,46.0,4.0,1449.0,100.0
2023,HIGHNY-23APR04-B64.5,172,0.020000000000000004,447.0,51.0,7.0,1382.0,100.0
2023,HIGHNY-23APR04-B66.5,251,0.030000000000000027,665.0,68.0,7.0,1326.0,100.0
2023,HIGHNY-23APR04-B68.5,291,0.06999999999999995,932.0,82.0,6.0,1265.0,100.0
2023,HIGHNY-23APR04-T62,458,0.02,0.0,15.0,1.0,1450.0,100.0
2023,HIGHNY-23APR04-T69,238,0.030000000000000027,1739.0,92.0,5.5,1173.0,100.0
2023,HIGHNY-23APR05-B55.5,125,0.04999999999999999,2601.0,94.0,7.0,1205.0,100.0
2023,HIGHNY-23APR05-B57.5,360,0.05000000000000002,5630.0,138.0,5.0,586.0,100.0
2023,HIGHNY-23APR05-B59.5,372,0.04999999999999999,3277.0,141.0,5.0,704.0,100.0
2023,HIGHNY-23APR05-B61.5,295,0.02,2455.0,99.0,5.0,586.0,100.0
2023,HIGHNY-23APR05-T55,98,0.034999999999999996,2448.0,74.0,7.0,1409.0,100.0
2023,HIGHNY-23APR05-T62,280,0.02,630.0,77.0,5.0,704.0,100.0
2023,HIGHNY-23APR06-B69.5,178,0.03,80.0,39.0,7.0,1284.0,100.0
2023,HIGHNY-23APR06-B71.5,242,0.019999999999999997,2111.0,51.0,7.0,1169.0,100.0
2023,HIGHNY-23APR06-B73.5,216,0.020000000000000004,4431.0,93.0,7.0,1146.0,100.0
2023,HIGHNY-23APR06-B75.5,326,0.039999999999999994,1497.0,102.0,7.0,905.0,100.0
2023,HIGHNY-23APR06-T69,203,0.02,24.0,19.0,11.0,1558.0,100.0
2023,HIGHNY-23APR06-T76,307,0.050000000000000044,2962.0,125.0,5.0,904.0,100.0
2023,HIGHNY-23APR07-B56.5,80,0.05,1050.0,59.0,7.0,3711.0,100.0
2023,HIGHNY-23APR07-B58.5,139,0.040000000000000036,7143.0,99.0,7.0,3190.0,100.0
2023,HIGHNY-23APR07-B60.5,154,0.03999999999999998,2070.0,114.0,7.0,2851.0,100.0
2023,HIGHNY-23APR07-B62.5,147,0.04999999999999999,2938.0,94.0,7.0,3163.0,100.0
2023,HIGHNY-23APR07-T56,33,0.02,895.0,26.0,11.5,2908.0,100.0
2023,HIGHNY-23APR07-T63,83,0.020000000000000004,7815.0,62.0,7.0,3339.0,100.0
2023,HIGHNY-23APR08-B49.5,105,0.04000000000000001,556.0,95.0,7.0,1915.0,100.0
2023,HIGHNY-23APR08-B51.5,149,0.06999999999999995,1145.0,116.0,7.0,1868.0,100.0
2023,HIGHNY-23APR08-B53.5,195,0.07999999999999996,828.0,147.0,7.0,1441.0,100.0
2023,HIGHNY-23APR08-B55.5,144,0.095,1782.0,114.0,7.0,1441.0,100.0
2023,HIGHNY-23APR08-T49,55,0.06,1205.0,46.0,15.0,1971.0,100.0
2023,HIGHNY-23APR08-T56,69,0.03,1962.0,56.0,8.5,1441.0,100.0
2023,HIGHNY-23APR09-B50.5,50,0.12,0.0,42.0,8.0,1184.0,100.0
2023,HIGHNY-23APR09-B52.5,102,0.04,1522.0,87.0,7.0,992.0,100.0
2023,HIGHNY-23APR09-B54.5,119,0.04999999999999999,1210.0,95.0,7.0,992.0,100.0
2023,HIGHNY-23APR09-B56.5,131,0.050000000000000044,550.0,102.0,7.0,754.0,100.0
2023,HIGHNY-23APR09-T50,15,0.02,0.0,8.0,115.5,1339.0,100.0
2023,HIGHNY-23APR09-T57,110,0.04999999999999999,1031.0,87.0,9.0,754.0,100.0
2023,HIGHNY-23APR10-B56.5,12,0.11,0.0,10.0,29.0,1369.0,100.0
2023,HIGHNY-23APR10-B58.5,53,0.11,0.0,46.0,10.0,1324.0,100.0
2023,HIGHNY-23APR10-B60.5,37,0.39,112.0,29.0,14.0,1442.0,100.0
2023,HIGHNY-23APR10-B62.5,96,0.04000000000000001,437.0,84.0,7.0,1184.0,100.0
2023,HIGHNY-23APR10-T56,11,0.03,0.0,4.0,671.5,1379.0,100.0
2023,HIGHNY-23APR10-T63,100,0.040000000000000036,1461.0,82.0,7.0,1168.0,100.0
2023,HIGHNY-23APR11-B64.5,293,0.02,79.0,33.0,7.0,745.0,100.0
2023,HIGHNY-23APR11-B66.5,328,0.04,79.0,62.0,7.0,720.0,100.0
2023,HIGHNY-23APR11-B68.5,319,0.04,277.0,47.0,8.0,720.0,100.0
2023,HIGHNY-23APR11-B70.5,249,0.03,1382.0,64.0,7.0,724.0,100.0
2023,HIGHNY-23APR11-T64,309,0.03,73.0,47.0,7.0,1250.0,100.0
2023,HIGHNY-23APR11-T71,282,0.030000000000000027,1000.0,76.0,7.0,1051.0,100.0
2023,HIGHNY-23APR12-B72.5,60,0.5,0.0,8.0,7.5,1488.0,100.0
2023,HIGHNY-23APR12-B74.5,86,0.395,4.0,29.0,7.0,1488.0,100.0
2023,HIGHNY-23APR12-B76.5,93,0.039999999999999994,63.0,38.0,7.0,1415.0,100.0
2023,HIGHNY-23APR12-B78.5,121,0.04999999999999999,148.0,62.0,7.0,1292.0,100.0
2023,HIGHNY-23APR12-T72,57,0.69,0.0,4.0,672.5,1488.0,100.0
2023,HIGHNY-23APR12-T79,130,0.05999999999999994,1006.0,73.0,8.0,706.0,100.0
2023,HIGHNY-23APR13-B82.5,107,0.02,15.0,13.0,14.0,1515.0,100.0
2023,HIGHNY-23APR13-B84.5,319,0.060000000000000005,318.0,48.0,10.5,1343.0,100.0
2023,HIGHNY-23APR13-B86.5,364,0.039999999999999994,1163.0,76.0,7.0,969.0,100.0
2023,HIGHNY-23APR13-B88.5,325,0.06,2357.0,106.0,7.0,951.0,100.0
2023,HIGHNY-23APR13-T82,99,0.01,0.0,8.0,172.5,1515.0,100.0
2023,HIGHNY-23APR13-T89,314,0.06999999999999995,10522.0,114.0,7.0,740.0,100.0
2023,HIGHNY-23APR14-B82.5,143,0.04,28.0,23.0,15.0,1611.0,100.0
2023,HIGHNY-23APR14-B84.5,189,0.04000000000000001,859.0,56.0,7.5,1151.0,100.0
2023,HIGHNY-23APR14-B86.5,190,0.03,892.0,72.0,7.0,1547.0,100.0
2023,HIGHNY-23APR14-B88.5,275,0.08000000000000002,1193.0,113.0,5.0,1297.0,100.0
2023,HIGHNY-23APR14-T82,107,0.05,0.0,7.0,93.0,1763.0,100.0
2023,HIGHNY-23APR14-T89,265,0.07500000000000001,2026.0,108.0,4.0,1426.0,100.0
2023,HIGHNY-23APR15-B64.5,69,0.039999999999999994,20762.0,46.0,7.0,1103.0,100.0
2023,HIGHNY-23APR15-B66.5,124,0.04999999999999999,17884.0,86.0,5.0,1136.0,100.0
2023,HIGHNY-23APR15-B68.5,162,0.06999999999999998,9001.0,98.0,3.0,1583.0,100.0
2023,HIGHNY-23APR15-B70.5,164,0.09000000000000002,2034.0,107.0,5.0,1553.0,100.0
2023,HIGHNY-23APR15-T64,27,0.02,3662.0,14.0,8.0,2476.0,100.0
2023,HIGHNY-23APR15-T71,156,0.10999999999999999,3604.0,92.0,6.0,1142.0,100.0
2023,HIGHNY-23APR16-B64.5,11,0.29,0.0,6.0,30.5,1515.0,100.0
2023,HIGHNY-23APR16-B66.5,42,0.04,681.0,32.0,10.0,1334.0,100.0
2023,HIGHNY-23APR16-B68.5,125,0.05000000000000002,1339.0,95.0,7.0,1048.0,100.0
2023,HIGHNY-23APR16-B70.5,164,0.08000000000000004,953.0,123.0,7.0,783.0,100.0
2023,HIGHNY-23APR16-T64,6,0.03,0.0,5.0,43.0,1516.0,100.0
2023,HIGHNY-23APR16-T71,182,0.11999999999999998,2062.0,136.0,6.0,783.0,100.0
2023,HIGHNY-23APR17-B65.5,131,0.12,1705.0,104.0,7.0,986.0,100.0
2023,HIGHNY-23APR17-B67.5,202,0.10999999999999999,2694.0,157.0,7.0,605.0,100.0
2023,HIGHNY-23APR17-B69.5,203,0.08999999999999997,8195.0,159.0,6.0,605.0,100.0
2023,HIGHNY-23APR17-B71.5,135,0.06,11556.0,106.0,7.0,907.0,100.0
2023,HIGHNY-23APR17-T65,63,0.07,3359.0,46.0,9.5,986.0,100.0
2023,HIGHNY-23APR17-T72,112,0.05000000000000002,2322.0,75.0,7.0,1131.0,100.0
2023,HIGHNY-23APR18-B54.5,170,0.06,3162.0,116.0,4.0,958.0,100.0
2023,HIGHNY-23APR18-B56.5,201,0.08000000000000007,879.0,136.0,4.0,699.0,100.0
2023,HIGHNY-23APR18-B58.5,195,0.07499999999999998,2139.0,129.0,4.0,995.0,100.0
2023,HIGHNY-23APR18-B60.5,156,0.05,3048.0,103.0,5.0,1061.0,100.0
2023,HIGHNY-23APR18-T54,33,0.039999999999999994,3608.0,23.0,20.0,1560.0,100.0
2023,HIGHNY-23APR18-T61,53,0.08,1028.0,33.0,21.0,1257.0,100.0
2023,HIGHNY-23APR19-B59.5,48,0.04,1006.0,43.0,14.0,1009.0,100.0
2023,HIGHNY-23APR19-B61.5,117,0.05000000000000002,724.0,92.0,7.0,806.0,100.0
2023,HIGHNY-23APR19-B63.5,164,0.09000000000000008,435.0,129.0,7.0,828.0,100.0
2023,HIGHNY-23APR19-B65.5,143,0.07999999999999999,1388.0,105.0,7.0,845.0,100.0
2023,HIGHNY-23APR19-T59,25,0.98,689.0,13.0,49.0,904.0,100.0
2023,HIGHNY-23APR19-T66,85,0.039999999999999994,553.0,56.0,9.5,846.0,100.0
2023,HIGHNY-23APR20-B67.5,147,0.06999999999999998,1330.0,118.0,7.0,831.0,100.0
2023,HIGHNY-23APR20-B69.5,123,0.06,1429.0,97.0,7.0,961.0,100.0
2023,HIGHNY-23APR20-B71.5,92,0.06,1026.0,76.0,7.0,1114.0,100.0
2023,HIGHNY-23APR20-B73.5,46,0.03,1036.0,35.0,10.0,1527.0,100.0
2023,HIGHNY-23APR20-T67,177,0.09999999999999998,1619.0,132.0,6.0,855.0,100.0
2023,HIGHNY-23APR20-T74,23,0.95,1052.0,20.0,21.0,1527.0,100.0
2023,HIGHNY-23APR21-B70.5,171,0.07999999999999996,827.0,131.0,5.0,843.0,100.0
2023,HIGHNY-23APR21-B72.5,176,0.07,1593.0,127.0,7.0,1013.0,100.0
2023,HIGHNY-23APR21-B74.5,117,0.04,1624.0,93.0,7.0,1088.0,100.0
2023,HIGHNY-23APR21-B76.5,47,0.07,621.0,42.0,16.0,1058.0,100.0
2023,HIGHNY-23APR21-T70,180,0.09000000000000002,3335.0,122.0,4.0,1207.0,100.0
2023,HIGHNY-23APR21-T77,39,0.09,20.0,25.0,39.0,843.0,100.0
2023,HIGHNY-23APR22-B66.5,157,0.06999999999999995,744.0,121.0,7.0,1008.0,100.0
2023,HIGHNY-23APR22-B68.5,153,0.07,719.0,129.0,7.0,1008.0,100.0
2023,HIGHNY-23APR22-B70.5,170,0.07999999999999996,1232.0,134.0,4.0,894.0,100.0
2023,HIGHNY-23APR22-B72.5,118,0.04999999999999999,902.0,100.0,7.0,1008.0,100.0
2023,HIGHNY-23APR22-T66,80,0.07,654.0,68.0,7.0,1038.0,100.0
2023,HIGHNY-23APR22-T73,77,0.11000000000000001,144.0,56.0,7.0,893.0,100.0
2023,HIGHNY-23APR23-B65.5,116,0.04999999999999999,1401.0,89.0,7.0,1040.0,100.0
2023,HIGHNY-23APR23-B67.5,153,0.060000000000000026,4730.0,119.0,7.0,1029.0,100.0
2023,HIGHNY-23APR23-B69.5,142,0.06,915.0,110.0,5.5,915.0,100.0
2023,HIGHNY-23APR23-B71.5,130,0.05,1906.0,99.0,7.0,840.0,100.0
2023,HIGHNY-23APR23-T65,83,0.03,1172.0,68.0,7.0,1040.0,100.0
2023,HIGHNY-23APR23-T72,63,0.03,1093.0,55.0,10.0,840.0,100.0
2023,HIGHNY-23APR24-B57.5,88,0.09000000000000001,1726.0,81.0,7.0,1207.0,100.0
2023,HIGHNY-23APR24-B59.5,109,0.065,1018.0,89.0,7.0,1207.0,100.0
2023,HIGHNY-23APR24-B61.5,143,0.08000000000000002,524.0,121.0,7.0,702.0,100.0
2023,HIGHNY-23APR24-B63.5,143,0.07999999999999999,881.0,111.0,7.0,674.0,100.0
2023,HIGHNY-23APR24-T57,15,0.05,13.0,14.0,35.0,1328.0,100.0
2023,HIGHNY-23APR24-T64,97,0.13,361.0,88.0,7.0,701.0,100.0
2023,HIGHNY-23APR25-B58.5,116,0.07499999999999998,1718.0,91.0,7.0,1202.0,100.0
2023,HIGHNY-23APR25-B60.5,129,0.07999999999999996,428.0,106.0,7.0,777.0,100.0
2023,HIGHNY-23APR25-B62.5,136,0.07,583.0,111.0,7.0,753.0,100.0
2023,HIGHNY-23APR25-B64.5,69,0.09000000000000001,187.0,66.0,11.0,1205.0,100.0
2023,HIGHNY-23APR25-T58,65,0.039999999999999994,1226.0,55.0,9.0,1206.0,100.0
2023,HIGHNY-23APR25-T65,56,0.98,0.0,32.0,28.5,713.0,100.0
2023,HIGHNY-23APR26-B58.5,141,0.25,574.0,108.0,7.0,1027.0,100.0
2023,HIGHNY-23APR26-B60.5,126,0.08000000000000002,126.0,106.0,7.0,941.0,100.0
2023,HIGHNY-23APR26-B62.5,126,0.08000000000000002,874.0,104.0,6.5,844.0,100.0
2023,HIGHNY-23APR26-B64.5,70,0.135,10.0,67.0,11.0,844.0,100.0
2023,HIGHNY-23APR26-T58,91,0.04000000000000001,771.0,82.0,7.0,1207.0,100.0
2023,HIGHNY-23APR26-T65,36,0.135,0.0,26.0,42.0,844.0,100.0
2023,HIGHNY-23APR27-B59.5,123,0.060000000000000026,579.0,101.0,7.0,858.0,100.0
2023,HIGHNY-23APR27-B61.5,87,0.04000000000000001,1611.0,76.0,7.0,1057.0,100.0
2023,HIGHNY-23APR27-B63.5,61,0.04000000000000001,211.0,56.0,7.0,1431.0,100.0
2023,HIGHNY-23APR27-B65.5,58,0.31,67.0,53.0,7.0,1515.0,100.0
2023,HIGHNY-23APR27-T59,149,0.08999999999999997,1534.0,107.0,7.0,858.0,100.0
2023,HIGHNY-23APR27-T66,37,0.99,0.0,13.0,6.0,1551.0,100.0
2023,HIGHNY-23APR28-B59.5,116,0.07999999999999999,793.0,81.0,7.0,1071.0,100.0
2023,HIGHNY-23APR28-B61.5,65,0.04,588.0,40.0,8.0,1416.0,100.0
2023,HIGHNY-23APR28-B63.5,32,0.99,0.0,8.0,39.5,1396.0,100.0
2023,HIGHNY-23APR28-B65.5,35,0.99,0.0,10.0,39.5,1416.0,100.0
2023,HIGHNY-23APR28-T59,120,0.06999999999999995,683.0,89.0,7.0,1074.0,100.0
2023,HIGHNY-23APR28-T66,30,0.99,0.0,11.0,26.0,1464.0,100.0
2023,HIGHNY-23APR29-B52.5,119,0.07,949.0,87.0,7.0,726.0,100.0
2023,HIGHNY-23APR29-B54.5,129,0.07,4810.0,94.0,7.0,726.0,100.0
2023,HIGHNY-23APR29-B56.5,89,0.04000000000000001,1644.0,65.0,7.0,958.0,100.0
2023,HIGHNY-23APR29-B58.5,44,0.975,77.0,21.0,35.0,905.0,100.0
2023,HIGHNY-23APR29-T52,72,0.039999999999999994,360.0,52.0,8.5,1379.0,100.0
2023,HIGHNY-23APR29-T59,35,0.99,0.0,16.0,38.5,958.0,100.0
2023,HIGHNY-23APR30-B59.5,146,0.08000000000000002,2226.0,125.0,7.0,643.0,100.0
2023,HIGHNY-23APR30-B61.5,132,0.04999999999999999,1173.0,115.0,7.0,643.0,100.0
2023,HIGHNY-23APR30-B63.5,84,0.04000000000000001,489.0,78.0,7.0,643.0,100.0
2023,HIGHNY-23APR30-B65.5,48,0.04,4.0,47.0,11.0,1428.0,100.0
2023,HIGHNY-23APR30-T59,104,0.07,421.0,92.0,7.0,913.0,100.0
2023,HIGHNY-23APR30-T66,27,0.98,0.0,24.0,21.5,1531.0,100.0
2023,HIGHNY-23AUG01-B77.5,57,0.9299999999999999,762.0,43.0,10.0,1027.0,100.0
2023,HIGHNY-23AUG01-B79.5,72,0.05500000000000002,782.0,59.0,9.0,1027.0,100.0
2023,HIGHNY-23AUG01-B81.5,87,0.06,174.0,70.0,9.0,874.0,100.0
2023,HIGHNY-23AUG01-B83.5,66,0.11000000000000001,1506.0,56.0,9.0,796.0,100.0
2023,HIGHNY-23AUG01-T77,32,0.99,0.0,16.0,5.5,1320.0,100.0
2023,HIGHNY-23AUG01-T84,44,0.1,750.0,35.0,9.0,1132.0,100.0
2023,HIGHNY-23AUG02-B77.5,66,0.905,1704.0,45.0,12.0,1027.0,100.0
2023,HIGHNY-23AUG02-B79.5,106,0.06,1704.0,87.0,7.0,972.0,100.0
2023,HIGHNY-23AUG02-B81.5,118,0.05999999999999997,1117.0,96.0,7.0,694.0,100.0
2023,HIGHNY-23AUG02-B83.5,125,0.05000000000000002,2087.0,107.0,7.0,694.0,100.0
2023,HIGHNY-23AUG02-T77,13,0.04,2.0,7.0,138.0,1176.0,100.0
2023,HIGHNY-23AUG02-T84,59,0.96,1046.0,46.0,12.0,787.0,100.0
2023,HIGHNY-23AUG03-B78.5,80,0.09,1111.0,61.0,8.0,828.0,100.0
2023,HIGHNY-23AUG03-B80.5,89,0.08000000000000002,951.0,65.0,6.0,652.0,100.0
2023,HIGHNY-23AUG03-B82.5,87,0.06,1061.0,68.0,6.5,871.0,100.0
2023,HIGHNY-23AUG03-B84.5,55,0.07,1844.0,38.0,12.0,1018.0,100.0
2023,HIGHNY-23AUG03-T78,22,0.99,0.0,12.0,29.0,2038.0,100.0
2023,HIGHNY-23AUG03-T85,19,0.06999999999999999,227.0,12.0,31.0,1292.0,100.0
2023,HIGHNY-23AUG04-B76.5,127,0.5599999999999999,3416.0,102.0,7.5,449.0,100.0
2023,HIGHNY-23AUG04-B78.5,149,0.06000000000000005,1246.0,126.0,7.0,564.0,100.0
2023,HIGHNY-23AUG04-B80.5,129,0.06,407.0,109.0,7.0,666.0,100.0
2023,HIGHNY-23AUG04-B82.5,117,0.06,1510.0,99.0,7.0,809.0,100.0
2023,HIGHNY-23AUG04-T76,88,0.91,184.0,53.0,6.0,855.0,100.0
2023,HIGHNY-23AUG04-T83,43,0.98,750.0,22.0,16.5,1167.0,100.0
2023,HIGHNY-23AUG05-B81.5,22,0.060000000000000005,920.0,15.0,28.0,996.0,100.0
2023,HIGHNY-23AUG05-B83.5,124,0.07,1768.0,104.0,7.0,1027.0,100.0
2023,HIGHNY-23AUG05-B85.5,106,0.06999999999999995,764.0,83.0,6.0,662.0,100.0
2023,HIGHNY-23AUG05-B87.5,128,0.06000000000000001,2506.0,107.0,7.0,658.0,100.0
2023,HIGHNY-23AUG05-T81,15,0.05,98.0,12.0,42.0,1208.0,100.0
2023,HIGHNY-23AUG05-T88,47,0.5850000000000001,433.0,32.0,11.0,925.0,100.0
2023,HIGHNY-23AUG06-B81.5,51,0.51,407.0,45.0,8.0,1146.0,100.0
2023,HIGHNY-23AUG06-B83.5,107,0.05000000000000002,411.0,90.0,5.5,1086.0,100.0
2023,HIGHNY-23AUG06-B85.5,102,0.06,260.0,83.0,6.0,958.0,100.0
2023,HIGHNY-23AUG06-B87.5,141,0.06,1368.0,112.0,6.0,595.0,100.0
2023,HIGHNY-23AUG06-T81,20,0.985,44.0,14.0,6.0,1234.0,100.0
2023,HIGHNY-23AUG06-T88,93,0.94,989.0,60.0,5.5,848.0,100.0
2023,HIGHNY-23AUG07-B76.5,100,0.06,1196.0,89.0,7.0,1131.0,100.0
2023,HIGHNY-23AUG07-B78.5,111,0.06,565.0,95.0,7.0,1027.0,100.0
2023,HIGHNY-23AUG07-B80.5,114,0.06,428.0,101.0,7.0,625.0,100.0
2023,HIGHNY-23AUG07-B82.5,111,0.05000000000000002,1051.0,97.0,7.0,767.0,100.0
2023,HIGHNY-23AUG07-T76,57,0.44,0.0,49.0,7.0,1227.0,100.0
2023,HIGHNY-23AUG07-T83,95,0.49,19.0,82.0,11.0,771.0,100.0
2023,HIGHNY-23AUG08-B79.5,160,0.06,375.0,139.0,4.0,794.0,100.0
2023,HIGHNY-23AUG08-B81.5,148,0.06,327.0,123.0,6.0,795.0,100.0
2023,HIGHNY-23AUG08-B83.5,143,0.05000000000000002,1732.0,133.0,6.0,795.0,100.0
2023,HIGHNY-23AUG08-B85.5,87,0.06,122.0,79.0,7.0,1197.0,100.0
2023,HIGHNY-23AUG08-T79,125,0.06,1153.0,104.0,7.0,1028.0,100.0
2023,HIGHNY-23AUG08-T86,65,0.44,0.0,52.0,11.0,1375.0,100.0
2023,HIGHNY-23AUG09-B84.5,104,0.06,924.0,89.0,7.0,967.0,100.0
2023,HIGHNY-23AUG09-B86.5,114,0.06,272.0,100.0,8.0,768.0,100.0
2023,HIGHNY-23AUG09-B88.5,104,0.06,676.0,90.0,9.0,822.0,100.0
2023,HIGHNY-23AUG09-B90.5,63,0.06,621.0,56.0,10.0,984.0,100.0
2023,HIGHNY-23AUG09-T84,47,0.34,0.0,35.0,8.0,1028.0,100.0
2023,HIGHNY-23AUG09-T91,10,0.09,4.0,6.0,296.0,1340.0,100.0
2023,HIGHNY-23AUG10-B79.5,132,0.06999999999999998,1493.0,112.0,7.0,1027.0,100.0
2023,HIGHNY-23AUG10-B81.5,113,0.06,668.0,96.0,10.0,802.0,100.0
2023,HIGHNY-23AUG10-B83.5,129,0.06,1118.0,113.0,5.0,805.0,100.0
2023,HIGHNY-23AUG10-B85.5,97,0.47,266.0,86.0,6.5,804.0,100.0
2023,HIGHNY-23AUG10-T79,104,0.08000000000000002,1162.0,80.0,7.0,1268.0,100.0
2023,HIGHNY-23AUG10-T86,87,0.58,250.0,71.0,11.0,804.0,100.0
2023,HIGHNY-23AUG11-B82.5,77,0.04999999999999999,575.0,67.0,10.0,1021.0,100.0
2023,HIGHNY-23AUG11-B84.5,107,0.065,636.0,86.0,7.0,660.0,100.0
2023,HIGHNY-23AUG11-B86.5,110,0.06,331.0,98.0,7.0,660.0,100.0
2023,HIGHNY-23AUG11-B88.5,85,0.26,948.0,72.0,10.5,659.0,100.0
2023,HIGHNY-23AUG11-T82,46,0.95,0.0,28.0,11.5,1062.0,100.0
2023,HIGHNY-23AUG11-T89,54,0.15,0.0,42.0,7.5,1202.0,100.0
2023,HIGHNY-23AUG12-B82.5,114,0.04999999999999999,470.0,99.0,7.0,1018.0,100.0
2023,HIGHNY-23AUG12-B84.5,109,0.06,153.0,99.0,8.0,845.0,100.0
2023,HIGHNY-23AUG12-B86.5,115,0.06,768.0,98.0,7.0,851.0,100.0
2023,HIGHNY-23AUG12-B88.5,104,0.41000000000000003,523.0,91.0,11.0,847.0,100.0
2023,HIGHNY-23AUG12-T82,66,0.45,0.0,52.0,15.0,1085.0,100.0
2023,HIGHNY-23AUG12-T89,53,0.94,0.0,41.0,7.0,1261.0,100.0
2023,HIGHNY-23AUG13-B84.5,82,0.21,7.0,75.0,8.0,954.0,100.0
2023,HIGHNY-23AUG13-B86.5,94,0.060000000000000026,556.0,87.0,8.0,659.0,100.0
2023,HIGHNY-23AUG13-B88.5,107,0.06,546.0,100.0,7.0,526.0,100.0
2023,HIGHNY-23AUG13-B90.5,102,0.06,461.0,90.0,7.0,526.0,100.0
2023,HIGHNY-23AUG13-T84,35,0.28,0.0,31.0,23.0,1085.0,100.0
2023,HIGHNY-23AUG13-T91,50,0.09,120.0,41.0,9.0,671.0,100.0
2023,HIGHNY-23AUG14-B82.5,60,0.37,150.0,44.0,15.0,1028.0,100.0
2023,HIGHNY-23AUG14-B84.5,108,0.10500000000000001,3962.0,88.0,6.0,612.0,100.0
2023,HIGHNY-23AUG14-B86.5,129,0.06,766.0,111.0,7.0,836.0,100.0
2023,HIGHNY-23AUG14-B88.5,108,0.06,742.0,94.0,8.0,836.0,100.0
2023,HIGHNY-23AUG14-T82,46,0.48,0.0,39.0,15.0,1028.0,100.0
2023,HIGHNY-23AUG14-T89,86,0.05000000000000002,66.0,74.0,11.0,855.0,100.0
2023,HIGHNY-23AUG15-B80.5,165,0.07,929.0,134.0,6.0,815.0,100.0
2023,HIGHNY-23AUG15-B82.5,158,0.06,1224.0,137.0,7.0,814.0,100.0
2023,HIGHNY-23AUG15-B84.5,119,0.06,620.0,105.0,7.0,837.0,100.0
2023,HIGHNY-23AUG15-B86.5,49,0.29,0.0,43.0,6.0,1379.0,100.0
2023,HIGHNY-23AUG15-T80,167,0.08000000000000002,2011.0,139.0,5.0,791.0,100.0
2023,HIGHNY-23AUG15-T87,4,0.135,0.0,2.0,1345.0,1379.0,100.0
2023,HIGHNY-23AUG16-B77.5,70,0.44,772.0,51.0,7.0,1072.0,100.0
2023,HIGHNY-23AUG16-B79.5,116,0.06999999999999997,1245.0,102.0,6.5,971.0,100.0
2023,HIGHNY-23AUG16-B81.5,117,0.06,369.0,101.0,6.0,576.0,100.0
2023,HIGHNY-23AUG16-B83.5,169,0.07,1382.0,150.0,6.0,428.0,100.0
2023,HIGHNY-23AUG16-T77,42,0.48,99.0,30.0,14.0,1087.0,100.0
2023,HIGHNY-23AUG16-T84,90,0.06,380.0,81.0,7.0,646.0,100.0
2023,HIGHNY-23AUG17-B77.5,64,0.31,0.0,57.0,7.0,1028.0,100.0
2023,HIGHNY-23AUG17-B79.5,125,0.05000000000000002,441.0,111.0,7.0,656.0,100.0
2023,HIGHNY-23AUG17-B81.5,110,0.06,68.0,96.0,11.0,656.0,100.0
2023,HIGHNY-23AUG17-B83.5,102,0.06,319.0,89.0,8.0,767.0,100.0
2023,HIGHNY-23AUG17-T77,76,0.19,0.0,65.0,9.0,1207.0,100.0
2023,HIGHNY-23AUG17-T84,96,0.05500000000000001,204.0,90.0,7.0,768.0,100.0
2023,HIGHNY-23AUG18-B80.5,91,0.06,734.0,86.0,8.0,703.0,100.0
2023,HIGHNY-23AUG18-B82.5,79,0.06,10.0,73.0,11.0,785.0,100.0
2023,HIGHNY-23AUG18-B84.5,69,0.04999999999999999,489.0,64.0,10.0,753.0,100.0
2023,HIGHNY-23AUG18-B86.5,78,0.36,113.0,66.0,7.0,977.0,100.0
2023,HIGHNY-23AUG18-T80,115,0.66,9.0,86.0,8.0,822.0,100.0
2023,HIGHNY-23AUG18-T87,88,0.49,0.0,71.0,7.0,903.0,100.0
2023,HIGHNY-23AUG19-B76.5,53,0.05,0.0,52.0,8.0,907.0,100.0
2023,HIGHNY-23AUG19-B78.5,78,0.06,767.0,68.0,11.0,664.0,100.0
2023,HIGHNY-23AUG19-B80.5,86,0.06,530.0,79.0,8.0,664.0,100.0
2023,HIGHNY-23AUG19-B82.5,48,0.05,309.0,46.0,11.0,656.0,100.0
2023,HIGHNY-23AUG19-T76,20,0.54,0.0,16.0,11.5,1012.0,100.0
2023,HIGHNY-23AUG19-T83,22,0.54,0.0,16.0,11.5,1017.0,100.0
2023,HIGHNY-23AUG20-B82.5,14,0.05000000000000002,15.0,13.0,43.0,844.0,100.0
2023,HIGHNY-23AUG20-B84.5,99,0.06,402.0,90.0,7.0,814.0,100.0
2023,HIGHNY-23AUG20-B86.5,105,0.06000000000000005,288.0,90.0,7.5,813.0,100.0
2023,HIGHNY-23AUG20-B88.5,104,0.05999999999999997,87.0,88.0,7.0,282.0,100.0
2023,HIGHNY-23AUG20-T82,21,0.99,0.0,5.0,4.0,1273.0,100.0
2023,HIGHNY-23AUG20-T89,29,0.99,91.0,10.0,34.0,1303.0,100.0
2023,HIGHNY-23AUG21-B85.5,89,0.48,0.0,70.0,3.0,756.0,100.0
2023,HIGHNY-23AUG21-B87.5,104,0.06,845.0,94.0,7.0,732.0,100.0
2023,HIGHNY-23AUG21-B89.5,99,0.06,221.0,90.0,7.0,732.0,100.0
2023,HIGHNY-23AUG21-B91.5,102,0.06,250.0,93.0,7.0,732.0,100.0
2023,HIGHNY-23AUG21-T85,89,0.48,0.0,70.0,3.0,756.0,100.0
2023,HIGHNY-23AUG21-T92,100,0.59,1.0,80.0,4.0,756.0,100.0
2023,HIGHNY-23AUG22-B74.5,13,0.33,0.0,10.0,56.5,1087.0,100.0
2023,HIGHNY-23AUG22-B76.5,57,0.075,1336.0,53.0,9.0,967.0,100.0
2023,HIGHNY-23AUG22-B78.5,84,0.06,349.0,76.0,11.0,530.0,100.0
2023,HIGHNY-23AUG22-B80.5,89,0.05000000000000002,7.0,82.0,7.0,444.0,100.0
2023,HIGHNY-23AUG22-T74,12,0.5,1.0,8.0,116.0,1379.0,100.0
2023,HIGHNY-23AUG22-T81,51,0.05,500.0,44.0,11.0,555.0,100.0
2023,HIGHNY-23AUG23-B73.5,24,0.39,0.0,18.0,21.0,1088.0,100.0
2023,HIGHNY-23AUG23-B75.5,54,0.06,660.0,52.0,11.0,1088.0,100.0
2023,HIGHNY-23AUG23-B77.5,74,0.04999999999999999,192.0,65.0,9.0,966.0,100.0
2023,HIGHNY-23AUG23-B79.5,100,0.06,167.0,91.0,7.0,866.0,100.0
2023,HIGHNY-23AUG23-T73,21,0.49,0.0,15.0,20.0,1147.0,100.0
2023,HIGHNY-23AUG23-T80,61,0.13,509.0,50.0,10.5,860.0,100.0
2023,HIGHNY-23AUG24-B72.5,89,0.06,241.0,78.0,10.5,718.0,100.0
2023,HIGHNY-23AUG24-B74.5,96,0.06,172.0,82.0,7.5,922.0,100.0
2023,HIGHNY-23AUG24-B76.5,84,0.65,7.0,65.0,7.0,835.0,100.0
2023,HIGHNY-23AUG24-B78.5,61,0.64,0.0,46.0,7.5,835.0,100.0
2023,HIGHNY-23AUG24-T72,98,0.050000000000000044,460.0,88.0,7.0,1147.0,100.0
2023,HIGHNY-23AUG24-T79,56,0.99,0.0,26.0,8.0,840.0,100.0
2023,HIGHNY-23AUG25-B73.5,42,0.06,743.0,36.0,11.5,1052.0,100.0
2023,HIGHNY-23AUG25-B75.5,70,0.05000000000000002,117.0,65.0,9.0,1027.0,100.0
2023,HIGHNY-23AUG25-B77.5,113,0.06,209.0,104.0,7.0,608.0,100.0
2023,HIGHNY-23AUG25-B79.5,101,0.06,737.0,90.0,8.5,563.0,100.0
2023,HIGHNY-23AUG25-T73,10,0.04,10.0,6.0,108.5,1992.0,100.0
2023,HIGHNY-23AUG25-T80,44,0.06,247.0,37.0,11.0,829.0,100.0
2023,HIGHNY-23AUG26-B81.5,116,0.030000000000000013,1711.0,97.0,7.0,1028.0,100.0
2023,HIGHNY-23AUG26-B83.5,94,0.04999999999999999,178.0,80.0,7.0,784.0,100.0
2023,HIGHNY-23AUG26-B85.5,121,0.06,440.0,111.0,7.0,625.0,100.0
2023,HIGHNY-23AUG26-B87.5,107,0.06,873.0,100.0,7.0,865.0,100.0
2023,HIGHNY-23AUG26-T81,35,0.010000000000000002,231.0,33.0,20.0,1140.0,100.0
2023,HIGHNY-23AUG26-T88,28,0.48,3.0,27.0,7.0,1028.0,100.0
2023,HIGHNY-23AUG27-B76.5,16,0.05000000000000001,0.0,15.0,28.0,2091.0,100.0
2023,HIGHNY-23AUG27-B78.5,70,0.05000000000000002,0.0,64.0,7.0,1141.0,100.0
2023,HIGHNY-23AUG27-B80.5,69,0.05500000000000002,323.0,59.0,11.0,1027.0,100.0
2023,HIGHNY-23AUG27-B82.5,97,0.060000000000000026,404.0,90.0,7.0,780.0,100.0
2023,HIGHNY-23AUG27-T76,7,0.025,0.0,4.0,63.5,2539.0,100.0
2023,HIGHNY-23AUG27-T83,57,0.06,213.0,46.0,11.0,792.0,100.0
2023,HIGHNY-23AUG28-B73.5,74,0.04999999999999999,52.0,72.0,7.0,1027.0,100.0
2023,HIGHNY-23AUG28-B75.5,96,0.06,420.0,86.0,8.5,846.0,100.0
2023,HIGHNY-23AUG28-B77.5,86,0.06999999999999995,769.0,76.0,9.5,873.0,100.0
2023,HIGHNY-23AUG28-B79.5,78,0.05,689.0,65.0,7.0,928.0,100.0
2023,HIGHNY-23AUG28-T73,38,0.98,30.0,34.0,13.0,1148.0,100.0
2023,HIGHNY-23AUG28-T80,35,0.525,41.0,31.0,19.0,928.0,100.0
2023,HIGHNY-23AUG29-B73.5,82,0.05000000000000002,105.0,78.0,8.5,1207.0,100.0
2023,HIGHNY-23AUG29-B75.5,106,0.060000000000000026,1219.0,95.0,7.0,1087.0,100.0
2023,HIGHNY-23AUG29-B77.5,127,0.06,585.0,115.0,7.0,1028.0,100.0
2023,HIGHNY-23AUG29-B79.5,143,0.06,394.0,132.0,4.5,642.0,100.0
2023,HIGHNY-23AUG29-T73,62,0.065,525.0,49.0,7.0,1217.0,100.0
2023,HIGHNY-23AUG29-T80,115,0.07,1025.0,104.0,8.5,460.0,100.0
2023,HIGHNY-23AUG30-B79.5,161,0.15,127.0,56.0,7.0,1087.0,100.0
2023,HIGHNY-23AUG30-B81.5,124,0.23500000000000001,23.0,104.0,4.0,1028.0,100.0
2023,HIGHNY-23AUG30-B83.5,92,0.06,211.0,86.0,9.0,897.0,100.0
2023,HIGHNY-23AUG30-B85.5,101,0.04999999999999999,300.0,90.0,8.5,423.0,100.0
2023,HIGHNY-23AUG30-T79,8,0.015,10.0,7.0,167.0,1087.0,100.0
2023,HIGHNY-23AUG30-T86,89,0.06,239.0,69.0,7.0,965.0,100.0
2023,HIGHNY-23AUG31-B73.5,84,0.06,391.0,73.0,7.0,1002.0,100.0
2023,HIGHNY-23AUG31-B75.5,88,0.06,77.0,74.0,9.0,667.0,100.0
2023,HIGHNY-23AUG31-B77.5,95,0.06,827.0,81.0,9.0,662.0,100.0
2023,HIGHNY-23AUG31-B79.5,64,0.07,355.0,50.0,9.0,879.0,100.0
2023,HIGHNY-23AUG31-T73,16,0.1,20.0,7.0,301.0,1087.0,100.0
2023,HIGHNY-23AUG31-T80,18,0.07,10.0,9.0,134.0,895.0,100.0
2023,HIGHNY-23DEC01-B46.5,18,0.05,655.0,12.0,13.5,1117.0,100.0
2023,HIGHNY-23DEC01-B48.5,78,0.06999999999999997,1668.0,68.0,7.0,1116.0,100.0
2023,HIGHNY-23DEC01-B50.5,82,0.06999999999999995,665.0,67.0,7.0,163.0,100.0
2023,HIGHNY-23DEC01-B52.5,88,0.07,1567.0,70.0,7.0,844.0,100.0
2023,HIGHNY-23DEC01-T46,3,0.01,0.0,2.0,1341.5,1356.0,100.0
2023,HIGHNY-23DEC01-T53,33,0.27,10.0,24.0,19.5,488.0,100.0
2023,HIGHNY-23DEC02-B53.5,39,0.15,1.0,26.0,3.0,1087.0,100.0
2023,HIGHNY-23DEC02-B55.5,114,0.07999999999999996,1374.0,98.0,8.0,1025.0,100.0
2023,HIGHNY-23DEC02-B57.5,101,0.07,1216.0,87.0,8.0,894.0,100.0
2023,HIGHNY-23DEC02-B59.5,129,0.07,1439.0,112.0,7.5,866.0,100.0
2023,HIGHNY-23DEC02-T53,17,0.11,0.0,12.0,8.0,1146.0,100.0
2023,HIGHNY-23DEC02-T60,88,0.19,351.0,76.0,10.5,529.0,100.0
2023,HIGHNY-23DEC03-B47.5,3,0.01,0.0,2.0,1341.5,1379.0,100.0
2023,HIGHNY-23DEC03-B49.5,28,0.06,444.0,20.0,9.5,982.0,100.0
2023,HIGHNY-23DEC03-B51.5,35,0.07999999999999996,861.0,24.0,8.5,1329.0,100.0
2023,HIGHNY-23DEC03-B53.5,38,0.09000000000000002,648.0,30.0,9.5,1085.0,100.0
2023,HIGHNY-23DEC03-T47,5,0.1,0.0,4.0,621.0,1379.0,100.0
2023,HIGHNY-23DEC03-T54,9,0.22,0.0,7.0,99.0,1371.0,100.0
2023,HIGHNY-23DEC04-B48.5,39,0.03,650.0,33.0,5.0,1379.0,100.0
2023,HIGHNY-23DEC04-B50.5,77,0.06,1615.0,67.0,11.0,1146.0,100.0
2023,HIGHNY-23DEC04-B52.5,90,0.06,2017.0,76.0,7.0,1056.0,100.0
2023,HIGHNY-23DEC04-B54.5,100,0.04999999999999999,246.0,87.0,11.0,474.0,100.0
2023,HIGHNY-23DEC04-T48,6,0.11,0.0,5.0,543.0,1379.0,100.0
2023,HIGHNY-23DEC04-T55,72,0.22,3.0,64.0,11.0,515.0,100.0
2023,HIGHNY-23DEC05-B41.5,31,0.05000000000000002,5.0,28.0,11.0,1146.0,100.0
2023,HIGHNY-23DEC05-B43.5,61,0.08000000000000002,807.0,50.0,11.0,711.0,100.0
2023,HIGHNY-23DEC05-B45.5,68,0.07,327.0,54.0,11.0,522.0,100.0
2023,HIGHNY-23DEC05-B47.5,59,0.07,305.0,55.0,14.0,431.0,100.0
2023,HIGHNY-23DEC05-T41,3,0.01,0.0,2.0,1341.5,1379.0,100.0
2023,HIGHNY-23DEC05-T48,56,0.22,0.0,43.0,17.0,548.0,100.0
2023,HIGHNY-23DEC06-B37.5,3,0.01,0.0,2.0,1341.5,1477.0,100.0
2023,HIGHNY-23DEC06-B39.5,76,0.22,941.0,64.0,10.5,652.0,100.0
2023,HIGHNY-23DEC06-B41.5,101,0.08000000000000002,1177.0,82.0,7.0,725.0,100.0
2023,HIGHNY-23DEC06-B43.5,98,0.08000000000000002,846.0,80.0,7.0,725.0,100.0
2023,HIGHNY-23DEC06-T37,3,0.01,0.0,2.0,1341.5,1379.0,100.0
2023,HIGHNY-23DEC06-T44,32,0.16,347.0,27.0,13.0,879.0,100.0
2023,HIGHNY-23DEC07-B37.5,99,0.07,1241.0,76.0,4.0,726.0,100.0
2023,HIGHNY-23DEC07-B39.5,117,0.08999999999999997,1322.0,82.0,5.0,782.0,100.0
2023,HIGHNY-23DEC07-B41.5,120,0.09000000000000002,1405.0,83.0,5.0,148.0,100.0
2023,HIGHNY-23DEC07-B43.5,153,0.1,1047.0,104.0,6.0,311.0,100.0
2023,HIGHNY-23DEC07-T37,10,0.07500000000000001,0.0,9.0,83.0,1085.0,100.0
2023,HIGHNY-23DEC07-T44,33,0.18,1.0,29.0,3.0,920.0,100.0
2023,HIGHNY-23DEC08-B42.5,72,0.24,290.0,55.0,7.0,802.0,100.0
2023,HIGHNY-23DEC08-B44.5,76,0.07999999999999999,842.0,59.0,7.0,1101.0,100.0
2023,HIGHNY-23DEC08-B46.5,204,0.07,2342.0,67.0,3.0,1101.0,100.0
2023,HIGHNY-23DEC08-B48.5,98,0.07,1910.0,75.0,4.0,1086.0,100.0
2023,HIGHNY-23DEC08-T42,5,0.02,0.0,4.0,637.0,1326.0,100.0
2023,HIGHNY-23DEC08-T49,73,0.06,1281.0,49.0,3.0,1086.0,100.0
2023,HIGHNY-23DEC09-B48.5,24,0.11,0.0,16.0,18.0,1265.0,100.0
2023,HIGHNY-23DEC09-B50.5,233,0.45,0.0,118.0,3.0,1225.0,100.0
2023,HIGHNY-23DEC09-B52.5,413,0.050000000000000044,2652.0,88.0,3.0,1139.0,100.0
2023,HIGHNY-23DEC09-B54.5,196,0.06,1301.0,93.0,3.0,1145.0,100.0
2023,HIGHNY-23DEC09-T48,25,0.11,0.0,17.0,8.0,1265.0,100.0
2023,HIGHNY-23DEC09-T55,490,0.08000000000000002,4062.0,77.0,3.0,1145.0,100.0
2023,HIGHNY-23DEC10-B56.5,8,0.11,0.0,7.0,268.0,1204.0,100.0
2023,HIGHNY-23DEC10-B58.5,50,0.06,1618.0,45.0,3.0,1125.0,100.0
2023,HIGHNY-23DEC10-B60.5,100,0.06999999999999995,2339.0,84.0,3.0,423.0,100.0
2023,HIGHNY-23DEC10-B62.5,100,0.07,2164.0,86.0,3.0,595.0,100.0
2023,HIGHNY-23DEC10-T56,4,0.055,0.0,3.0,1325.0,1347.0,100.0
2023,HIGHNY-23DEC10-T63,42,0.1,536.0,35.0,20.0,1190.0,100.0
2023,HIGHNY-23DEC11-B41.5,4,0.06,0.0,3.0,803.0,1380.0,100.0
2023,HIGHNY-23DEC11-B43.5,4,0.15,0.0,3.0,803.0,1380.0,100.0
2023,HIGHNY-23DEC11-B45.5,7,0.4,3.0,6.0,189.5,1302.0,100.0
2023,HIGHNY-23DEC11-B47.5,25,0.049999999999999996,2255.0,16.0,83.0,856.0,100.0
2023,HIGHNY-23DEC11-T41,4,0.06,0.0,3.0,803.0,1380.0,100.0
2023,HIGHNY-23DEC11-T48,37,0.05999999999999994,1588.0,21.0,53.0,855.0,100.0
2023,HIGHNY-23DEC12-B40.5,19,0.09,10.0,10.0,35.5,1085.0,100.0
2023,HIGHNY-23DEC12-B42.5,84,0.04999999999999999,429.0,65.0,10.0,1024.0,100.0
2023,HIGHNY-23DEC12-B44.5,119,0.49,287.0,72.0,10.5,655.0,100.0
2023,HIGHNY-23DEC12-B46.5,215,0.41,270.0,99.0,7.0,459.0,100.0
2023,HIGHNY-23DEC12-T40,10,0.1,0.0,7.0,265.0,1205.0,100.0
2023,HIGHNY-23DEC12-T47,22,0.15,0.0,17.0,8.0,1175.0,100.0
2023,HIGHNY-23DEC13-B40.5,13,0.11,1.0,11.0,114.0,737.0,100.0
2023,HIGHNY-23DEC13-B42.5,74,0.05,387.0,54.0,11.0,738.0,100.0
2023,HIGHNY-23DEC13-B44.5,98,0.06,503.0,83.0,11.0,738.0,100.0
2023,HIGHNY-23DEC13-B46.5,118,0.06,16.0,91.0,11.0,599.0,100.0
2023,HIGHNY-23DEC13-T40,14,0.11,0.0,12.0,14.0,1332.0,100.0
2023,HIGHNY-23DEC13-T47,57,0.17,221.0,50.0,10.0,714.0,100.0
2023,HIGHNY-23DEC14-B35.5,14,0.11,0.0,11.0,94.0,1207.0,100.0
2023,HIGHNY-23DEC14-B37.5,43,0.05000000000000002,923.0,34.0,11.0,1086.0,100.0
2023,HIGHNY-23DEC14-B39.5,170,0.04000000000000001,724.0,101.0,11.0,706.0,100.0
2023,HIGHNY-23DEC14-B41.5,96,0.050000000000000044,689.0,82.0,11.0,687.0,100.0
2023,HIGHNY-23DEC14-T35,20,0.11499999999999999,0.0,16.0,20.0,1379.0,100.0
2023,HIGHNY-23DEC14-T42,199,0.4,712.0,95.0,11.0,687.0,100.0
2023,HIGHNY-23DEC15-B49.5,13,0.97,0.0,7.0,49.0,1146.0,100.0
2023,HIGHNY-23DEC15-B51.5,86,0.66,2.0,22.0,30.0,1059.0,100.0
2023,HIGHNY-23DEC15-B53.5,118,0.07999999999999999,1330.0,65.0,9.0,1027.0,100.0
2023,HIGHNY-23DEC15-B55.5,113,0.07,1309.0,73.0,7.0,916.0,100.0
2023,HIGHNY-23DEC15-T49,29,0.92,0.0,8.0,41.0,1146.0,100.0
2023,HIGHNY-23DEC15-T56,98,0.07,1294.0,75.0,9.0,966.0,100.0
2023,HIGHNY-23DEC16-B47.5,7,0.98,0.0,2.0,805.0,1380.0,100.0
2023,HIGHNY-23DEC16-B49.5,51,0.06,990.0,46.0,11.0,1095.0,100.0
2023,HIGHNY-23DEC16-B51.5,153,0.58,1140.0,77.0,3.0,1095.0,100.0
2023,HIGHNY-23DEC16-B53.5,148,0.08999999999999997,409.0,93.0,4.0,730.0,100.0
2023,HIGHNY-23DEC16-T47,6,0.5,0.0,1.0,1380.0,1380.0,100.0
2023,HIGHNY-23DEC16-T54,227,0.65,613.0,95.0,3.0,842.0,100.0
2023,HIGHNY-23DEC17-B52.5,123,0.82,23.0,27.0,1.0,866.0,100.0
2023,HIGHNY-23DEC17-B54.5,43,0.79,2.0,26.0,40.5,486.0,100.0
2023,HIGHNY-23DEC17-B56.5,176,0.6799999999999999,206.0,53.0,1.0,902.0,100.0
2023,HIGHNY-23DEC17-B58.5,456,0.75,116.0,95.0,1.0,978.0,100.0
2023,HIGHNY-23DEC17-T52,10,0.59,0.0,5.0,64.0,1009.0,100.0
2023,HIGHNY-23DEC17-T59,446,0.81,2.0,92.0,1.0,318.0,100.0
2023,HIGHNY-23DEC18-B56.5,86,0.5549999999999999,1.0,33.0,49.0,820.0,100.0
2023,HIGHNY-23DEC18-B58.5,88,0.04999999999999999,413.0,61.0,10.0,1379.0,100.0
2023,HIGHNY-23DEC18-B60.5,77,0.04999999999999999,2.0,59.0,10.0,1379.0,100.0
2023,HIGHNY-23DEC18-B62.5,87,0.05000000000000002,651.0,68.0,10.0,1023.0,100.0
2023,HIGHNY-23DEC18-T56,72,0.675,0.0,21.0,1.0,1379.0,100.0
2023,HIGHNY-23DEC18-T63,238,0.61,213.0,70.0,1.0,439.0,100.0
2023,HIGHNY-23DEC19-B39.5,9,0.49,780.0,4.0,405.5,1073.0,100.0
2023,HIGHNY-23DEC19-B41.5,28,0.08000000000000002,1219.0,20.0,10.0,1073.0,100.0
2023,HIGHNY-23DEC19-B43.5,30,0.52,82.0,25.0,20.0,999.0,100.0
2023,HIGHNY-23DEC19-B45.5,44,0.84,261.0,33.0,32.0,373.0,100.0
2023,HIGHNY-23DEC19-T39,8,0.09,484.0,4.0,473.0,1073.0,100.0
2023,HIGHNY-23DEC19-T46,9,0.095,139.0,5.0,292.0,1073.0,100.0
2023,HIGHNY-23DEC20-B42.5,55,0.24,86.0,38.0,15.5,968.0,100.0
2023,HIGHNY-23DEC20-B44.5,101,0.06,2263.0,76.0,11.0,865.0,100.0
2023,HIGHNY-23DEC20-B46.5,106,0.06,1047.0,87.0,8.0,490.0,100.0
2023,HIGHNY-23DEC20-B48.5,60,0.029999999999999985,2169.0,51.0,11.0,490.0,100.0
2023,HIGHNY-23DEC20-T42,49,0.07,312.0,39.0,11.0,1027.0,100.0
2023,HIGHNY-23DEC20-T49,128,0.1,0.0,31.0,22.0,576.0,100.0
2023,HIGHNY-23DEC21-B37.5,44,0.8999999999999999,881.0,28.0,43.0,962.0,100.0
2023,HIGHNY-23DEC21-B39.5,86,0.03,1713.0,65.0,11.0,962.0,100.0
2023,HIGHNY-23DEC21-B41.5,94,0.044999999999999984,1499.0,64.0,11.0,726.0,100.0
2023,HIGHNY-23DEC21-B43.5,87,0.03,882.0,62.0,11.0,779.0,100.0
2023,HIGHNY-23DEC21-T37,25,0.99,0.0,12.0,49.0,1268.0,100.0
2023,HIGHNY-23DEC21-T44,33,0.99,0.0,19.0,49.0,778.0,100.0
2023,HIGHNY-23DEC22-B34.5,31,0.99,0.0,20.0,49.0,1017.0,100.0
2023,HIGHNY-23DEC22-B36.5,91,0.06000000000000001,857.0,73.0,7.0,589.0,100.0
2023,HIGHNY-23DEC22-B38.5,112,0.07999999999999996,735.0,91.0,5.0,462.0,100.0
2023,HIGHNY-23DEC22-B40.5,102,0.06999999999999998,1616.0,81.0,4.0,855.0,100.0
2023,HIGHNY-23DEC22-T34,26,0.99,0.0,17.0,49.0,1081.0,100.0
2023,HIGHNY-23DEC22-T41,64,0.06000000000000001,345.0,46.0,29.5,423.0,100.0
2023,HIGHNY-23DEC23-B42.5,449,0.03,3038.0,85.0,3.0,539.0,100.0
2023,HIGHNY-23DEC23-B44.5,210,0.38,1200.0,77.0,3.0,769.0,100.0
2023,HIGHNY-23DEC23-B46.5,203,0.08000000000000002,1560.0,79.0,3.0,1026.0,100.0
2023,HIGHNY-23DEC23-B48.5,98,0.07999999999999999,1450.0,60.0,3.0,1134.0,100.0
2023,HIGHNY-23DEC23-T42,49,0.385,647.0,23.0,49.0,1056.0,100.0
2023,HIGHNY-23DEC23-T49,62,0.19,0.0,31.0,15.0,1157.0,100.0
2023,HIGHNY-23DEC25-B43.5,8,0.17500000000000002,4.0,6.0,46.0,2047.0,100.0
2023,HIGHNY-23DEC25-B45.5,8,0.495,2.0,6.0,46.5,2047.0,100.0
2023,HIGHNY-23DEC25-B47.5,41,0.39,2.0,31.0,18.0,1087.0,100.0
2023,HIGHNY-23DEC25-B49.5,84,0.17000000000000004,559.0,61.0,10.0,498.0,100.0
2023,HIGHNY-23DEC25-T43,4,0.385,0.0,3.0,428.0,2048.0,100.0
2023,HIGHNY-23DEC25-T50,297,0.15000000000000002,435.0,73.0,3.0,498.0,100.0
2023,HIGHNY-23DEC26-B46.5,151,0.62,106.0,19.0,2.0,1266.0,100.0
2023,HIGHNY-23DEC26-B48.5,136,0.07,2132.0,89.0,3.0,998.0,100.0
2023,HIGHNY-23DEC26-B50.5,122,0.08999999999999997,967.0,96.0,5.5,442.0,100.0
2023,HIGHNY-23DEC26-T46,94,0.01,150.0,22.0,27.0,670.0,100.0
2023,HIGHNY-23DEC26-T51,128,0.09999999999999998,1420.0,103.0,4.0,442.0,100.0
2023,HIGHNY-23DEC27-B48.5,107,0.47000000000000003,635.0,71.0,9.0,858.0,100.0
2023,HIGHNY-23DEC27-B50.5,105,0.09999999999999998,1324.0,69.0,10.0,853.0,100.0
2023,HIGHNY-23DEC27-B52.5,82,0.05500000000000001,751.0,57.0,8.0,470.0,100.0
2023,HIGHNY-23DEC27-T48,8,0.14,8.0,5.0,122.0,1124.0,100.0
2023,HIGHNY-23DEC27-T53,36,0.14500000000000002,533.0,31.0,19.0,764.0,100.0
2023,HIGHNY-23DEC28-B50.5,40,0.45,352.0,20.0,25.5,927.0,100.0
2023,HIGHNY-23DEC28-B52.5,147,0.04999999999999999,1503.0,78.0,4.0,872.0,100.0
2023,HIGHNY-23DEC28-B54.5,88,0.06,580.0,64.0,8.0,830.0,100.0
2023,HIGHNY-23DEC28-T50,16,0.97,5.0,3.0,328.0,1895.0,100.0
2023,HIGHNY-23DEC28-T55,474,0.87,784.0,92.0,1.0,542.0,100.0
2023,HIGHNY-23DEC29-B51.5,100,0.1,1052.0,58.0,6.0,924.0,100.0
2023,HIGHNY-23DEC29-B53.5,110,0.06,924.0,76.0,3.0,1013.0,100.0
2023,HIGHNY-23DEC29-B55.5,239,0.95,1087.0,111.0,3.0,880.0,100.0
2023,HIGHNY-23DEC29-B57.5,115,0.05999999999999997,1784.0,76.0,4.0,828.0,100.0
2023,HIGHNY-23DEC29-T51,10,0.98,1.0,7.0,59.0,1325.0,100.0
2023,HIGHNY-23DEC29-T58,70,0.05,116.0,22.0,18.5,996.0,100.0
2023,HIGHNY-23DEC30-B44.5,198,0.11,398.0,40.0,1.0,1344.0,100.0
2023,HIGHNY-23DEC30-B46.5,519,0.64,1199.0,119.0,1.0,659.0,100.0
2023,HIGHNY-23DEC30-B48.5,542,0.73,941.0,110.0,1.0,838.0,100.0
2023,HIGHNY-23DEC30-B50.5,58,0.04000000000000001,1202.0,43.0,10.0,958.0,100.0
2023,HIGHNY-23DEC30-T44,333,0.45999999999999996,1.0,54.0,1.0,1379.0,100.0
2023,HIGHNY-23DEC30-T51,447,0.65,0.0,68.0,1.0,1342.0,100.0
2023,HIGHNY-23DEC31-B41.5,549,0.57,411.0,107.0,1.0,1146.0,100.0
2023,HIGHNY-23DEC31-B43.5,205,0.44999999999999996,1430.0,140.0,2.0,750.0,100.0
2023,HIGHNY-23DEC31-B45.5,505,0.9,1121.0,331.0,1.0,531.0,100.0
2023,HIGHNY-23DEC31-B47.5,514,0.91,1576.0,344.0,1.0,470.0,100.0
2023,HIGHNY-23DEC31-T41,168,0.595,2.0,34.0,1.0,1319.0,100.0
2023,HIGHNY-23DEC31-T48,1015,0.79,0.0,378.0,1.0,471.0,100.0
2023,HIGHNY-23FEB01-B32.5,21,0.060000000000000005,590.0,15.0,35.0,1268.0,100.0
2023,HIGHNY-23FEB01-B34.5,42,0.135,470.0,34.0,13.5,1268.0,100.0
2023,HIGHNY-23FEB01-B36.5,122,0.22,9451.0,92.0,6.0,908.0,100.0
2023,HIGHNY-23FEB01-B38.5,120,0.48,645.0,87.0,10.0,686.0,100.0
2023,HIGHNY-23FEB01-T32,12,0.09,40.0,9.0,131.0,1336.0,100.0
2023,HIGHNY-23FEB01-T39,92,0.30999999999999994,766.0,71.0,12.0,686.0,100.0
2023,HIGHNY-23FEB02-B36.5,50,0.17,0.0,41.0,4.0,1268.0,100.0
2023,HIGHNY-23FEB02-B38.5,161,0.08,2655.0,105.0,3.0,888.0,100.0
2023,HIGHNY-23FEB02-B40.5,165,0.15999999999999998,1397.0,105.0,3.0,823.0,100.0
2023,HIGHNY-23FEB02-B42.5,132,0.06,2580.0,91.0,5.0,1075.0,100.0
2023,HIGHNY-23FEB02-T36,11,0.07,25.0,9.0,122.0,1328.0,100.0
2023,HIGHNY-23FEB02-T43,97,0.22,1141.0,70.0,7.0,1105.0,100.0
2023,HIGHNY-23FEB03-B33.5,74,0.13,5593.0,54.0,8.0,1118.0,100.0
2023,HIGHNY-23FEB03-B35.5,69,0.21999999999999997,1097.0,53.0,10.0,771.0,100.0
2023,HIGHNY-23FEB03-B37.5,78,0.16499999999999998,1508.0,54.0,8.0,1118.0,100.0
2023,HIGHNY-23FEB03-B39.5,37,0.96,817.0,32.0,9.0,1560.0,100.0
2023,HIGHNY-23FEB03-T33,46,0.08,10041.0,38.0,16.0,620.0,100.0
2023,HIGHNY-23FEB03-T40,27,0.96,437.0,22.0,9.5,1560.0,100.0
2023,HIGHNY-23FEB04-B24.5,191,0.15000000000000002,10382.0,148.0,6.0,722.0,100.0
2023,HIGHNY-23FEB04-B26.5,188,0.06000000000000005,1218.0,148.0,7.0,725.0,100.0
2023,HIGHNY-23FEB04-B28.5,218,0.125,2665.0,152.0,6.0,718.0,100.0
2023,HIGHNY-23FEB04-B30.5,79,0.03,1992.0,73.0,11.0,758.0,100.0
2023,HIGHNY-23FEB04-T24,103,0.039999999999999994,1925.0,93.0,7.0,927.0,100.0
2023,HIGHNY-23FEB04-T31,13,0.03,112.0,10.0,74.0,1444.0,100.0
2023,HIGHNY-23FEB05-B42.5,23,0.09,0.0,22.0,13.5,1495.0,100.0
2023,HIGHNY-23FEB05-B44.5,98,0.04000000000000001,1127.0,76.0,7.0,637.0,100.0
2023,HIGHNY-23FEB05-B46.5,120,0.05000000000000002,8016.0,96.0,4.5,637.0,100.0
2023,HIGHNY-23FEB05-B48.5,153,0.26,374.0,119.0,7.0,664.0,100.0
2023,HIGHNY-23FEB05-T42,19,0.83,9.0,13.0,11.0,2449.0,100.0
2023,HIGHNY-23FEB05-T49,153,0.19,2563.0,117.0,7.0,664.0,100.0
2023,HIGHNY-23FEB06-B45.5,48,0.04000000000000001,93.0,44.0,12.5,1490.0,100.0
2023,HIGHNY-23FEB06-B47.5,99,0.04999999999999999,1130.0,82.0,7.0,1313.0,100.0
2023,HIGHNY-23FEB06-B49.5,147,0.06,3191.0,102.0,6.5,1266.0,100.0
2023,HIGHNY-23FEB06-B51.5,185,0.06,1648.0,126.0,5.0,792.0,100.0
2023,HIGHNY-23FEB06-T45,21,0.15,0.0,16.0,31.0,1559.0,100.0
2023,HIGHNY-23FEB06-T52,204,0.04999999999999999,4641.0,134.0,4.0,848.0,100.0
2023,HIGHNY-23FEB07-B39.5,123,0.039999999999999994,1838.0,78.0,7.0,750.0,100.0
2023,HIGHNY-23FEB07-B41.5,172,0.06,1776.0,122.0,7.0,751.0,100.0
2023,HIGHNY-23FEB07-B43.5,192,0.10999999999999999,1716.0,144.0,7.0,607.0,100.0
2023,HIGHNY-23FEB07-B45.5,101,0.04999999999999999,1356.0,75.0,9.0,606.0,100.0
2023,HIGHNY-23FEB07-T39,78,0.04,225.0,56.0,8.0,750.0,100.0
2023,HIGHNY-23FEB07-T46,81,0.23,290.0,57.0,8.0,685.0,100.0
2023,HIGHNY-23FEB08-B44.5,37,0.35,0.0,30.0,10.0,1503.0,100.0
2023,HIGHNY-23FEB08-B46.5,38,0.35,0.0,31.0,10.0,1501.0,100.0
2023,HIGHNY-23FEB08-B48.5,88,0.06,558.0,76.0,7.0,1268.0,100.0
2023,HIGHNY-23FEB08-B50.5,121,0.06,1052.0,97.0,7.0,972.0,100.0
2023,HIGHNY-23FEB08-T44,21,0.14,0.0,18.0,13.0,1548.0,100.0
2023,HIGHNY-23FEB08-T51,125,0.06000000000000005,1760.0,97.0,7.0,727.0,100.0
2023,HIGHNY-23FEB09-B51.5,165,0.04999999999999999,4967.0,124.0,7.0,799.0,100.0
2023,HIGHNY-23FEB09-B53.5,193,0.06,2679.0,139.0,7.0,789.0,100.0
2023,HIGHNY-23FEB09-B55.5,201,0.07,2133.0,151.0,6.0,728.0,100.0
2023,HIGHNY-23FEB09-B57.5,154,0.075,2964.0,112.0,7.0,734.0,100.0
2023,HIGHNY-23FEB09-T51,107,0.04,1279.0,84.0,7.0,1249.0,100.0
2023,HIGHNY-23FEB09-T58,107,0.13,2212.0,77.0,8.0,734.0,100.0
2023,HIGHNY-23FEB10-B53.5,60,0.045,743.0,53.0,7.0,1558.0,100.0
2023,HIGHNY-23FEB10-B55.5,71,0.050000000000000044,420.0,60.0,7.0,1355.0,100.0
2023,HIGHNY-23FEB10-B57.5,78,0.05500000000000002,664.0,64.0,7.0,1355.0,100.0
2023,HIGHNY-23FEB10-B59.5,68,0.04000000000000001,1232.0,60.0,8.0,1175.0,100.0
2023,HIGHNY-23FEB10-T53,42,0.16999999999999998,1087.0,35.0,12.0,1561.0,100.0
2023,HIGHNY-23FEB10-T60,45,0.74,787.0,36.0,14.0,1176.0,100.0
2023,HIGHNY-23FEB11-B41.5,30,0.93,27.0,24.0,13.5,2044.0,100.0
2023,HIGHNY-23FEB11-B43.5,86,0.16,1984.0,58.0,7.0,1560.0,100.0
2023,HIGHNY-23FEB11-B45.5,184,0.06,2383.0,132.0,6.0,960.0,100.0
2023,HIGHNY-23FEB11-B47.5,173,0.06,1894.0,120.0,7.0,960.0,100.0
2023,HIGHNY-23FEB11-T41,11,0.04,0.0,9.0,108.0,2044.0,100.0
2023,HIGHNY-23FEB11-T48,140,0.04999999999999999,3330.0,102.0,7.0,1085.0,100.0
2023,HIGHNY-23FEB12-B43.5,53,0.04,1318.0,46.0,13.0,1505.0,100.0
2023,HIGHNY-23FEB12-B45.5,97,0.04999999999999999,1078.0,71.0,7.0,1269.0,100.0
2023,HIGHNY-23FEB12-B47.5,147,0.07,1040.0,112.0,7.0,761.0,100.0
2023,HIGHNY-23FEB12-B49.5,146,0.095,1431.0,109.0,7.0,761.0,100.0
2023,HIGHNY-23FEB12-T43,62,0.79,0.0,48.0,14.5,1450.0,100.0
2023,HIGHNY-23FEB12-T50,108,0.049999999999999996,652.0,85.0,8.0,867.0,100.0
2023,HIGHNY-23FEB13-B49.5,18,0.52,114.0,15.0,8.0,1185.0,100.0
2023,HIGHNY-23FEB13-B51.5,46,0.035,2462.0,42.0,11.0,1002.0,100.0
2023,HIGHNY-23FEB13-B53.5,130,0.04999999999999999,1929.0,91.0,7.0,1003.0,100.0
2023,HIGHNY-23FEB13-B55.5,144,0.06,1138.0,112.0,7.0,1000.0,100.0
2023,HIGHNY-23FEB13-T49,28,0.96,0.0,26.0,24.0,2120.0,100.0
2023,HIGHNY-23FEB13-T56,136,0.06,1204.0,106.0,7.0,1125.0,100.0
2023,HIGHNY-23FEB14-B47.5,29,0.33,0.0,25.0,7.0,2437.0,100.0
2023,HIGHNY-23FEB14-B49.5,32,0.04,29.0,30.0,16.0,1266.0,100.0
2023,HIGHNY-23FEB14-B51.5,106,0.05000000000000002,938.0,89.0,7.0,1146.0,100.0
2023,HIGHNY-23FEB14-B53.5,163,0.4,631.0,114.0,7.0,849.0,100.0
2023,HIGHNY-23FEB14-T47,29,0.33,0.0,28.0,7.0,2437.0,100.0
2023,HIGHNY-23FEB14-T54,161,0.15000000000000002,2477.0,122.0,6.5,898.0,100.0
2023,HIGHNY-23FEB15-B54.5,41,0.24,0.0,36.0,8.0,1492.0,100.0
2023,HIGHNY-23FEB15-B56.5,34,0.14,114.0,26.0,10.5,1492.0,100.0
2023,HIGHNY-23FEB15-B58.5,54,0.09,489.0,32.0,7.0,1164.0,100.0
2023,HIGHNY-23FEB15-B60.5,94,0.04999999999999999,482.0,76.0,7.0,1203.0,100.0
2023,HIGHNY-23FEB15-T54,36,0.14,0.0,32.0,12.5,1492.0,100.0
2023,HIGHNY-23FEB15-T61,95,0.050000000000000044,1416.0,80.0,7.0,1203.0,100.0
2023,HIGHNY-23FEB16-B55.5,29,0.2,0.0,25.0,7.0,2545.0,100.0
2023,HIGHNY-23FEB16-B57.5,29,0.18,0.0,25.0,7.0,2545.0,100.0
2023,HIGHNY-23FEB16-B59.5,51,0.04,579.0,47.0,11.0,1510.0,100.0
2023,HIGHNY-23FEB16-B61.5,76,0.04999999999999999,938.0,61.0,8.0,1382.0,100.0
2023,HIGHNY-23FEB16-T55,14,0.09,0.0,13.0,10.0,2545.0,100.0
2023,HIGHNY-23FEB16-T62,80,0.050000000000000044,1354.0,65.0,7.0,1382.0,100.0
2023,HIGHNY-23FEB17-B58.5,134,0.039999999999999994,4384.0,91.0,6.0,1190.0,100.0
2023,HIGHNY-23FEB17-B60.5,179,0.05000000000000002,1883.0,125.0,4.0,715.0,100.0
2023,HIGHNY-23FEB17-B62.5,174,0.06,2437.0,109.0,4.0,962.0,100.0
2023,HIGHNY-23FEB17-B64.5,104,0.04999999999999999,1869.0,76.0,7.0,1168.0,100.0
2023,HIGHNY-23FEB17-T58,13,0.04,1168.0,9.0,11.0,1567.0,100.0
2023,HIGHNY-23FEB17-T65,36,0.245,464.0,32.0,22.5,769.0,100.0
2023,HIGHNY-23FEB18-B39.5,38,0.07500000000000001,472.0,34.0,13.0,1127.0,100.0
2023,HIGHNY-23FEB18-B41.5,158,0.12,1122.0,125.0,6.0,835.0,100.0
2023,HIGHNY-23FEB18-B43.5,146,0.16499999999999998,586.0,115.0,7.0,809.0,100.0
2023,HIGHNY-23FEB18-B45.5,112,0.06,304.0,85.0,7.0,809.0,100.0
2023,HIGHNY-23FEB18-T39,16,0.98,0.0,14.0,17.0,1249.0,100.0
2023,HIGHNY-23FEB18-T46,82,0.12,83.0,75.0,7.0,964.0,100.0
2023,HIGHNY-23FEB19-B45.5,46,0.05,32.0,40.0,9.0,1261.0,100.0
2023,HIGHNY-23FEB19-B47.5,141,0.050000000000000044,4137.0,102.0,7.0,1148.0,100.0
2023,HIGHNY-23FEB19-B49.5,156,0.06,2542.0,114.0,7.0,709.0,100.0
2023,HIGHNY-23FEB19-B51.5,115,0.05000000000000002,1860.0,90.0,7.5,709.0,100.0
2023,HIGHNY-23FEB19-T45,35,0.88,0.0,31.0,22.0,1383.0,100.0
2023,HIGHNY-23FEB19-T52,98,0.10999999999999999,210.0,67.0,9.0,940.0,100.0
2023,HIGHNY-23FEB20-B51.5,28,0.21,0.0,27.0,11.0,1504.0,100.0
2023,HIGHNY-23FEB20-B53.5,35,0.039999999999999994,534.0,31.0,11.0,1273.0,100.0
2023,HIGHNY-23FEB20-B55.5,84,0.04999999999999999,1192.0,78.0,7.0,1212.0,100.0
2023,HIGHNY-23FEB20-B57.5,121,0.06,1044.0,103.0,7.0,1204.0,100.0
2023,HIGHNY-23FEB20-T51,9,0.13,0.0,7.0,67.0,1504.0,100.0
2023,HIGHNY-23FEB20-T58,127,0.05999999999999994,3155.0,99.0,7.0,1061.0,100.0
2023,HIGHNY-23FEB21-B45.5,88,0.04000000000000001,2911.0,73.0,7.0,962.0,100.0
2023,HIGHNY-23FEB21-B47.5,154,0.04999999999999999,8806.0,111.0,7.0,962.0,100.0
2023,HIGHNY-23FEB21-B49.5,197,0.06,3245.0,134.0,5.0,703.0,100.0
2023,HIGHNY-23FEB21-B51.5,159,0.06,3054.0,97.0,7.0,703.0,100.0
2023,HIGHNY-23FEB21-T45,67,0.04,2206.0,50.0,7.0,1464.0,100.0
2023,HIGHNY-23FEB21-T52,128,0.22999999999999998,3702.0,81.0,4.0,1287.0,100.0
2023,HIGHNY-23FEB22-B44.5,148,0.06,949.0,105.0,6.0,842.0,100.0
2023,HIGHNY-23FEB22-B46.5,151,0.05000000000000002,1334.0,104.0,6.0,842.0,100.0
2023,HIGHNY-23FEB22-B48.5,83,0.04,1662.0,68.0,7.0,1267.0,100.0
2023,HIGHNY-23FEB22-B50.5,37,0.77,0.0,32.0,23.0,1370.0,100.0
2023,HIGHNY-23FEB22-T44,137,0.04999999999999999,2282.0,93.0,6.0,842.0,100.0
2023,HIGHNY-23FEB22-T51,36,0.19,0.0,33.0,14.0,1370.0,100.0
2023,HIGHNY-23FEB23-B49.5,85,0.17,223.0,73.0,7.0,1099.0,100.0
2023,HIGHNY-23FEB23-B51.5,74,0.04000000000000001,1372.0,64.0,7.5,1067.0,100.0
2023,HIGHNY-23FEB23-B53.5,83,0.19,397.0,60.0,7.0,1378.0,100.0
2023,HIGHNY-23FEB23-B55.5,77,0.64,64.0,59.0,7.0,1378.0,100.0
2023,HIGHNY-23FEB23-T49,111,0.15000000000000002,1953.0,78.0,7.0,883.0,100.0
2023,HIGHNY-23FEB23-T56,67,0.95,0.0,50.0,7.0,1378.0,100.0
2023,HIGHNY-23FEB24-B44.5,158,0.07999999999999996,3070.0,123.0,4.0,1100.0,100.0
2023,HIGHNY-23FEB24-B46.5,150,0.06,1444.0,114.0,5.5,801.0,100.0
2023,HIGHNY-23FEB24-B48.5,48,0.49,328.0,32.0,8.0,1436.0,100.0
2023,HIGHNY-23FEB24-B50.5,13,0.87,10.0,10.0,17.5,1436.0,100.0
2023,HIGHNY-23FEB24-T44,87,0.09000000000000002,1581.0,63.0,6.0,1558.0,100.0
2023,HIGHNY-23FEB24-T51,13,0.94,10.0,11.0,16.0,1436.0,100.0
2023,HIGHNY-23FEB25-B31.5,183,0.07999999999999999,2997.0,144.0,6.0,881.0,100.0
2023,HIGHNY-23FEB25-B33.5,190,0.08999999999999997,695.0,148.0,6.0,797.0,100.0
2023,HIGHNY-23FEB25-B35.5,186,0.10999999999999999,1125.0,148.0,7.0,731.0,100.0
2023,HIGHNY-23FEB25-B37.5,87,0.04999999999999999,700.0,72.0,9.0,734.0,100.0
2023,HIGHNY-23FEB25-T31,104,0.03,1636.0,88.0,7.0,1001.0,100.0
2023,HIGHNY-23FEB25-T38,53,0.09,390.0,49.0,7.0,1205.0,100.0
2023,HIGHNY-23FEB26-B44.5,90,0.15000000000000002,2432.0,65.0,7.0,1149.0,100.0
2023,HIGHNY-23FEB26-B46.5,156,0.05000000000000002,1763.0,117.0,4.0,1116.0,100.0
2023,HIGHNY-23FEB26-B48.5,195,0.08000000000000002,1716.0,134.0,5.0,1077.0,100.0
2023,HIGHNY-23FEB26-B50.5,226,0.1,15661.0,152.0,5.0,604.0,100.0
2023,HIGHNY-23FEB26-T44,76,0.56,3284.0,48.0,4.0,1188.0,100.0
2023,HIGHNY-23FEB26-T51,159,0.08,2771.0,115.0,7.0,604.0,100.0
2023,HIGHNY-23FEB27-B35.5,52,0.66,0.0,41.0,9.0,1560.0,100.0
2023,HIGHNY-23FEB27-B37.5,88,0.04,1566.0,69.0,7.0,1560.0,100.0
2023,HIGHNY-23FEB27-B39.5,136,0.040000000000000036,1554.0,99.0,7.0,1332.0,100.0
2023,HIGHNY-23FEB27-B41.5,186,0.07,1948.0,127.0,4.0,1262.0,100.0
2023,HIGHNY-23FEB27-T35,63,0.24,0.0,53.0,7.0,1560.0,100.0
2023,HIGHNY-23FEB27-T42,183,0.08999999999999997,3631.0,127.0,4.0,1262.0,100.0
2023,HIGHNY-23FEB28-B35.5,195,0.21999999999999997,25992.0,112.0,6.0,971.0,100.0
2023,HIGHNY-23FEB28-B37.5,256,0.13999999999999996,1086.0,157.0,6.0,611.0,100.0
2023,HIGHNY-23FEB28-B39.5,248,0.12,2217.0,160.0,5.5,779.0,100.0
2023,HIGHNY-23FEB28-B41.5,173,0.060000000000000005,235.0,125.0,7.0,838.0,100.0
2023,HIGHNY-23FEB28-T35,44,0.94,10.0,40.0,14.5,1494.0,100.0
2023,HIGHNY-23FEB28-T42,107,0.03,432.0,78.0,8.0,925.0,100.0
2023,HIGHNY-23JAN01-B50.5,16,0.045,372.0,13.0,51.0,1563.0,100.0
2023,HIGHNY-23JAN01-B52.5,25,0.04999999999999999,1624.0,19.0,35.0,1157.0,100.0
2023,HIGHNY-23JAN01-B54.5,97,0.04999999999999999,2444.0,65.0,5.0,663.0,100.0
2023,HIGHNY-23JAN01-B56.5,96,0.050000000000000044,868.0,68.0,4.0,663.0,100.0
2023,HIGHNY-23JAN01-T50,10,0.08499999999999999,0.0,9.0,50.0,1563.0,100.0
2023,HIGHNY-23JAN01-T57,67,0.04000000000000001,1669.0,52.0,8.0,663.0,100.0
2023,HIGHNY-23JAN02-B50.5,23,0.09,178.0,19.0,12.0,1391.0,100.0
2023,HIGHNY-23JAN02-B52.5,93,0.04000000000000001,1847.0,65.0,8.0,1033.0,100.0
2023,HIGHNY-23JAN02-B54.5,101,0.050000000000000044,2162.0,70.0,6.5,1130.0,100.0
2023,HIGHNY-23JAN02-B56.5,164,0.06,2803.0,105.0,5.0,638.0,100.0
2023,HIGHNY-23JAN02-T50,7,0.09,0.0,5.0,303.0,1559.0,100.0
2023,HIGHNY-23JAN02-T57,126,0.04999999999999999,5304.0,93.0,7.0,627.0,100.0
2023,HIGHNY-23JAN03-B53.5,85,0.03999999999999998,2219.0,72.0,7.0,702.0,100.0
2023,HIGHNY-23JAN03-B55.5,128,0.06,5248.0,105.0,6.0,603.0,100.0
2023,HIGHNY-23JAN03-B57.5,169,0.10999999999999999,1816.0,132.0,7.0,625.0,100.0
2023,HIGHNY-23JAN03-B59.5,107,0.06,3084.0,90.0,13.0,605.0,100.0
2023,HIGHNY-23JAN03-T53,23,0.039999999999999994,627.0,19.0,51.0,1492.0,100.0
2023,HIGHNY-23JAN03-T60,45,0.11000000000000001,1879.0,40.0,22.0,719.0,100.0
2023,HIGHNY-23JAN04-B56.5,3,0.01,0.0,2.0,1343.0,1561.0,100.0
2023,HIGHNY-23JAN04-B58.5,13,0.18,0.0,8.0,61.5,1460.0,100.0
2023,HIGHNY-23JAN04-B60.5,28,0.039999999999999994,1409.0,25.0,13.0,1463.0,100.0
2023,HIGHNY-23JAN04-B62.5,74,0.04999999999999999,2539.0,56.0,8.0,793.0,100.0
2023,HIGHNY-23JAN04-T56,3,0.01,0.0,2.0,1343.0,1561.0,100.0
2023,HIGHNY-23JAN04-T63,69,0.050000000000000044,1777.0,56.0,7.0,1271.0,100.0
2023,HIGHNY-23JAN05-B52.5,215,0.04000000000000001,10814.0,128.0,4.0,770.0,100.0
2023,HIGHNY-23JAN05-B54.5,201,0.05000000000000002,5354.0,129.0,4.0,771.0,100.0
2023,HIGHNY-23JAN05-B56.5,145,0.040000000000000036,3426.0,108.0,6.0,770.0,100.0
2023,HIGHNY-23JAN05-B58.5,118,0.03,4223.0,90.0,8.0,766.0,100.0
2023,HIGHNY-23JAN05-T52,157,0.05000000000000002,8333.0,97.0,4.0,770.0,100.0
2023,HIGHNY-23JAN05-T59,32,0.12000000000000001,6563.0,29.0,15.0,765.0,100.0
2023,HIGHNY-23JAN06-B43.5,41,0.039999999999999994,936.0,33.0,20.0,1529.0,100.0
2023,HIGHNY-23JAN06-B45.5,107,0.04999999999999999,3281.0,69.0,4.0,1272.0,100.0
2023,HIGHNY-23JAN06-B47.5,188,0.050000000000000044,12378.0,128.0,4.0,804.0,100.0
2023,HIGHNY-23JAN06-B49.5,166,0.04999999999999999,9244.0,110.0,4.5,778.0,100.0
2023,HIGHNY-23JAN06-T43,20,0.05,140.0,16.0,43.0,1559.0,100.0
2023,HIGHNY-23JAN06-T50,39,0.039999999999999994,1741.0,35.0,21.0,1156.0,100.0
2023,HIGHNY-23JAN07-B40.5,23,0.05,1542.0,19.0,37.0,1372.0,100.0
2023,HIGHNY-23JAN07-B42.5,68,0.04000000000000001,3441.0,53.0,9.0,1227.0,100.0
2023,HIGHNY-23JAN07-B44.5,129,0.050000000000000044,1809.0,97.0,4.0,883.0,100.0
2023,HIGHNY-23JAN07-B46.5,108,0.050000000000000044,2296.0,79.0,7.0,1034.0,100.0
2023,HIGHNY-23JAN07-T40,7,0.09,0.0,6.0,245.0,1447.0,100.0
2023,HIGHNY-23JAN07-T47,47,0.030000000000000002,1722.0,40.0,14.0,868.0,100.0
2023,HIGHNY-23JAN08-B36.5,22,0.030000000000000002,0.0,21.0,8.0,1495.0,100.0
2023,HIGHNY-23JAN08-B38.5,86,0.04999999999999999,1504.0,62.0,6.0,1265.0,100.0
2023,HIGHNY-23JAN08-B40.5,127,0.050000000000000044,1490.0,97.0,6.0,683.0,100.0
2023,HIGHNY-23JAN08-B42.5,119,0.04999999999999999,3470.0,86.0,7.5,683.0,100.0
2023,HIGHNY-23JAN08-T36,7,0.02,0.0,6.0,64.0,1496.0,100.0
2023,HIGHNY-23JAN08-T43,48,0.04000000000000001,1940.0,37.0,22.0,754.0,100.0
2023,HIGHNY-23JAN09-B40.5,14,0.2,100.0,12.0,24.5,1326.0,100.0
2023,HIGHNY-23JAN09-B42.5,104,0.039999999999999994,4102.0,75.0,4.0,1212.0,100.0
2023,HIGHNY-23JAN09-B44.5,137,0.06,2457.0,97.0,4.0,755.0,100.0
2023,HIGHNY-23JAN09-B46.5,131,0.050000000000000044,2513.0,90.0,5.0,1059.0,100.0
2023,HIGHNY-23JAN09-T40,7,0.060000000000000005,0.0,4.0,308.0,1560.0,100.0
2023,HIGHNY-23JAN09-T47,68,0.04,3696.0,52.0,9.5,1212.0,100.0
2023,HIGHNY-23JAN10-B40.5,156,0.050000000000000044,11794.0,92.0,6.5,720.0,100.0
2023,HIGHNY-23JAN10-B42.5,185,0.04999999999999999,3083.0,112.0,6.0,605.0,100.0
2023,HIGHNY-23JAN10-B44.5,129,0.05000000000000002,4123.0,92.0,6.0,722.0,100.0
2023,HIGHNY-23JAN10-B46.5,56,0.04999999999999999,2163.0,37.0,20.0,838.0,100.0
2023,HIGHNY-23JAN10-T40,10,0.16,128.0,9.0,95.0,971.0,100.0
2023,HIGHNY-23JAN10-T47,25,0.030000000000000002,1363.0,19.0,46.0,1214.0,100.0
2023,HIGHNY-23JAN11-B37.5,27,0.03,833.0,23.0,47.0,1265.0,100.0
2023,HIGHNY-23JAN11-B39.5,122,0.050000000000000044,3287.0,88.0,7.0,793.0,100.0
2023,HIGHNY-23JAN11-B41.5,127,0.05,2895.0,85.0,8.0,793.0,100.0
2023,HIGHNY-23JAN11-B43.5,57,0.039999999999999994,1045.0,48.0,12.0,1141.0,100.0
2023,HIGHNY-23JAN11-T37,10,0.015,360.0,8.0,101.5,1367.0,100.0
2023,HIGHNY-23JAN11-T44,12,0.02,1.0,11.0,88.0,1402.0,100.0
2023,HIGHNY-23JAN12-B48.5,51,0.04,1082.0,42.0,18.5,1025.0,100.0
2023,HIGHNY-23JAN12-B50.5,89,0.039999999999999994,3350.0,67.0,7.0,875.0,100.0
2023,HIGHNY-23JAN12-B52.5,145,0.05999999999999994,6296.0,93.0,8.0,757.0,100.0
2023,HIGHNY-23JAN12-B54.5,172,0.050000000000000044,3274.0,110.0,6.0,699.0,100.0
2023,HIGHNY-23JAN12-T48,21,0.03,159.0,18.0,18.5,1200.0,100.0
2023,HIGHNY-23JAN12-T55,143,0.04,3965.0,94.0,7.0,719.0,100.0
2023,HIGHNY-23JAN13-B52.5,33,0.08,2032.0,26.0,11.5,1560.0,100.0
2023,HIGHNY-23JAN13-B54.5,57,0.04999999999999999,3867.0,40.0,11.0,891.0,100.0
2023,HIGHNY-23JAN13-B56.5,106,0.06,2535.0,77.0,9.0,891.0,100.0
2023,HIGHNY-23JAN13-B58.5,71,0.05000000000000002,1298.0,55.0,10.0,896.0,100.0
2023,HIGHNY-23JAN13-T52,6,0.03,0.0,5.0,351.0,1560.0,100.0
2023,HIGHNY-23JAN13-T59,22,0.485,558.0,19.0,49.0,1211.0,100.0
2023,HIGHNY-23JAN14-B35.5,88,0.04999999999999999,2253.0,63.0,6.0,1313.0,100.0
2023,HIGHNY-23JAN14-B37.5,162,0.06,3268.0,82.0,8.5,1046.0,100.0
2023,HIGHNY-23JAN14-B39.5,151,0.04999999999999999,3440.0,82.0,7.0,1046.0,100.0
2023,HIGHNY-23JAN14-B41.5,55,0.04,2137.0,38.0,5.5,1081.0,100.0
2023,HIGHNY-23JAN14-T35,46,0.2,856.0,37.0,14.0,1304.0,100.0
2023,HIGHNY-23JAN14-T42,48,0.12,1378.0,35.0,14.0,1254.0,100.0
2023,HIGHNY-23JAN15-B37.5,33,0.36000000000000004,1366.0,25.0,22.0,1247.0,100.0
2023,HIGHNY-23JAN15-B39.5,54,0.22500000000000003,811.0,46.0,7.0,1144.0,100.0
2023,HIGHNY-23JAN15-B41.5,79,0.41,2695.0,56.0,8.5,843.0,100.0
2023,HIGHNY-23JAN15-B43.5,28,0.14,1144.0,24.0,49.5,903.0,100.0
2023,HIGHNY-23JAN15-T37,23,0.96,37.0,20.0,41.5,1264.0,100.0
2023,HIGHNY-23JAN15-T44,16,0.05500000000000001,250.0,13.0,86.0,997.0,100.0
2023,HIGHNY-23JAN16-B41.5,28,0.36,271.0,25.0,40.0,1204.0,100.0
2023,HIGHNY-23JAN16-B43.5,54,0.29499999999999993,608.0,40.0,13.5,1144.0,100.0
2023,HIGHNY-23JAN16-B45.5,89,0.35,489.0,67.0,9.0,1105.0,100.0
2023,HIGHNY-23JAN16-B47.5,84,0.48,170.0,62.0,9.0,993.0,100.0
2023,HIGHNY-23JAN16-T41,34,0.94,0.0,21.0,28.0,1266.0,100.0
2023,HIGHNY-23JAN16-T48,71,0.18,692.0,43.0,11.0,992.0,100.0
2023,HIGHNY-23JAN17-B39.5,13,0.29,50.0,11.0,33.0,1435.0,100.0
2023,HIGHNY-23JAN17-B41.5,24,0.5249999999999999,50.0,20.0,40.5,1379.0,100.0
2023,HIGHNY-23JAN17-B43.5,44,0.48,570.0,36.0,12.5,1263.0,100.0
2023,HIGHNY-23JAN17-B45.5,67,0.39,371.0,45.0,8.0,1143.0,100.0
2023,HIGHNY-23JAN17-T39,14,0.9,50.0,9.0,51.0,1506.0,100.0
2023,HIGHNY-23JAN17-T46,96,0.51,1437.0,70.0,5.0,1143.0,100.0
2023,HIGHNY-23JAN18-B46.5,36,0.039999999999999994,443.0,28.0,13.0,1503.0,100.0
2023,HIGHNY-23JAN18-B48.5,69,0.04000000000000001,738.0,55.0,6.0,1016.0,100.0
2023,HIGHNY-23JAN18-B50.5,133,0.04999999999999999,1464.0,93.0,3.0,882.0,100.0
2023,HIGHNY-23JAN18-B52.5,151,0.050000000000000044,1695.0,103.0,3.0,973.0,100.0
2023,HIGHNY-23JAN18-T46,15,0.08,4.0,14.0,48.5,1559.0,100.0
2023,HIGHNY-23JAN18-T53,125,0.04000000000000001,1492.0,101.0,3.0,996.0,100.0
2023,HIGHNY-23JAN19-B40.5,31,0.04,1356.0,21.0,22.0,1559.0,100.0
2023,HIGHNY-23JAN19-B42.5,44,0.04999999999999999,1956.0,30.0,10.0,1122.0,100.0
2023,HIGHNY-23JAN19-B44.5,142,0.050000000000000044,2384.0,100.0,7.0,786.0,100.0
2023,HIGHNY-23JAN19-B46.5,125,0.04000000000000001,3005.0,87.0,7.0,786.0,100.0
2023,HIGHNY-23JAN19-T40,23,0.030000000000000002,797.0,19.0,13.0,1559.0,100.0
2023,HIGHNY-23JAN19-T47,33,0.05,2874.0,28.0,22.0,1274.0,100.0
2023,HIGHNY-23JAN20-B44.5,58,0.04000000000000001,1582.0,42.0,10.5,1449.0,100.0
2023,HIGHNY-23JAN20-B46.5,107,0.04999999999999999,2907.0,65.0,7.0,1324.0,100.0
2023,HIGHNY-23JAN20-B48.5,152,0.050000000000000044,2002.0,97.0,6.0,951.0,100.0
2023,HIGHNY-23JAN20-B50.5,142,0.04000000000000001,5427.0,86.0,3.5,951.0,100.0
2023,HIGHNY-23JAN20-T44,24,0.05500000000000001,1130.0,23.0,18.0,1505.0,100.0
2023,HIGHNY-23JAN20-T51,34,0.045,3099.0,26.0,8.5,1252.0,100.0
2023,HIGHNY-23JAN21-B38.5,20,0.74,663.0,17.0,34.0,1562.0,100.0
2023,HIGHNY-23JAN21-B40.5,88,0.03,12749.0,60.0,6.0,1056.0,100.0
2023,HIGHNY-23JAN21-B42.5,104,0.050000000000000044,1956.0,71.0,11.0,996.0,100.0
2023,HIGHNY-23JAN21-B44.5,97,0.05000000000000002,1516.0,71.0,10.0,834.0,100.0
2023,HIGHNY-23JAN21-T38,19,0.77,200.0,17.0,34.0,1562.0,100.0
2023,HIGHNY-23JAN21-T45,56,0.04,741.0,42.0,16.0,893.0,100.0
2023,HIGHNY-23JAN22-B39.5,18,0.039999999999999994,205.0,14.0,67.5,903.0,100.0
2023,HIGHNY-23JAN22-B41.5,103,0.05999999999999994,2330.0,79.0,10.0,789.0,100.0
2023,HIGHNY-23JAN22-B43.5,117,0.06,1289.0,88.0,8.0,736.0,100.0
2023,HIGHNY-23JAN22-B45.5,92,0.04999999999999999,1608.0,72.0,6.5,898.0,100.0
2023,HIGHNY-23JAN22-T39,10,0.06,0.0,8.0,106.0,1439.0,100.0
2023,HIGHNY-23JAN22-T46,37,0.039999999999999994,856.0,30.0,23.5,1005.0,100.0
2023,HIGHNY-23JAN23-B40.5,130,0.06,1610.0,96.0,8.0,751.0,100.0
2023,HIGHNY-23JAN23-B42.5,63,0.04999999999999999,936.0,47.0,17.0,621.0,100.0
2023,HIGHNY-23JAN23-B44.5,50,0.1,1185.0,36.0,17.5,731.0,100.0
2023,HIGHNY-23JAN23-B46.5,23,0.065,569.0,9.0,8.0,1265.0,100.0
2023,HIGHNY-23JAN23-T40,138,0.05999999999999994,1865.0,95.0,6.0,671.0,100.0
2023,HIGHNY-23JAN23-T47,16,0.1,0.0,5.0,150.0,1265.0,100.0
2023,HIGHNY-23JAN24-B38.5,56,0.44,658.0,33.0,18.0,1363.0,100.0
2023,HIGHNY-23JAN24-B40.5,56,0.04,1554.0,41.0,4.0,1331.0,100.0
2023,HIGHNY-23JAN24-B42.5,94,0.04999999999999999,1519.0,65.0,4.0,1064.0,100.0
2023,HIGHNY-23JAN24-B44.5,162,0.05999999999999994,1813.0,106.0,4.0,793.0,100.0
2023,HIGHNY-23JAN24-T38,40,0.24,1113.0,29.0,18.0,1366.0,100.0
2023,HIGHNY-23JAN24-T45,137,0.04999999999999999,3886.0,101.0,3.0,1040.0,100.0
2023,HIGHNY-23JAN25-B45.5,94,0.04999999999999999,1299.0,61.0,7.0,840.0,100.0
2023,HIGHNY-23JAN25-B47.5,114,0.04000000000000001,2684.0,81.0,13.0,781.0,100.0
2023,HIGHNY-23JAN25-B49.5,146,0.06,2124.0,102.0,9.0,724.0,100.0
2023,HIGHNY-23JAN25-B51.5,151,0.06,2119.0,98.0,7.5,691.0,100.0
2023,HIGHNY-23JAN25-T45,107,0.09999999999999999,4371.0,75.0,11.0,781.0,100.0
2023,HIGHNY-23JAN25-T52,146,0.06,3785.0,95.0,9.0,691.0,100.0
2023,HIGHNY-23JAN26-B49.5,107,0.04999999999999999,2787.0,71.0,4.0,1572.0,100.0
2023,HIGHNY-23JAN26-B51.5,121,0.04999999999999999,3153.0,62.0,5.0,1616.0,100.0
2023,HIGHNY-23JAN26-B53.5,131,0.04999999999999999,3121.0,74.0,4.0,1018.0,100.0
2023,HIGHNY-23JAN26-B55.5,126,0.04999999999999999,4395.0,73.0,4.0,1381.0,100.0
2023,HIGHNY-23JAN26-T49,90,0.04999999999999999,8054.0,52.0,13.0,1407.0,100.0
2023,HIGHNY-23JAN26-T56,141,0.15000000000000002,6599.0,82.0,3.0,1356.0,100.0
2023,HIGHNY-23JAN27-B38.5,23,0.04,488.0,20.0,25.5,1273.0,100.0
2023,HIGHNY-23JAN27-B40.5,99,0.04000000000000001,2822.0,65.0,5.0,1262.0,100.0
2023,HIGHNY-23JAN27-B42.5,151,0.05999999999999994,7399.0,106.0,5.5,901.0,100.0
2023,HIGHNY-23JAN27-B44.5,137,0.04999999999999999,7492.0,99.0,5.0,751.0,100.0
2023,HIGHNY-23JAN27-T38,14,0.135,10.0,12.0,46.0,1273.0,100.0
2023,HIGHNY-23JAN27-T45,32,0.04000000000000001,794.0,27.0,22.0,952.0,100.0
2023,HIGHNY-23JAN28-B43.5,50,0.04,875.0,36.0,13.0,1163.0,100.0
2023,HIGHNY-23JAN28-B45.5,43,0.05,330.0,29.0,19.0,1503.0,100.0
2023,HIGHNY-23JAN28-B47.5,120,0.04999999999999999,1075.0,84.0,4.0,1266.0,100.0
2023,HIGHNY-23JAN28-B49.5,139,0.04999999999999999,1582.0,85.0,4.0,1266.0,100.0
2023,HIGHNY-23JAN28-T43,49,0.7999999999999999,457.0,36.0,14.0,1164.0,100.0
2023,HIGHNY-23JAN28-T50,140,0.04999999999999999,2137.0,84.0,3.5,766.0,100.0
2023,HIGHNY-23JAN29-B48.5,57,0.04000000000000001,511.0,51.0,8.0,1161.0,100.0
2023,HIGHNY-23JAN29-B50.5,91,0.04999999999999999,1195.0,75.0,7.0,1319.0,100.0
2023,HIGHNY-23JAN29-B52.5,215,0.06,2096.0,140.0,3.0,828.0,100.0
2023,HIGHNY-23JAN29-B54.5,177,0.06000000000000001,1203.0,122.0,4.5,609.0,100.0
2023,HIGHNY-23JAN29-T48,25,0.039999999999999994,539.0,23.0,6.0,1559.0,100.0
2023,HIGHNY-23JAN29-T55,133,0.04999999999999999,1949.0,93.0,7.0,920.0,100.0
2023,HIGHNY-23JAN30-B50.5,110,0.04999999999999999,1679.0,75.0,7.0,1179.0,100.0
2023,HIGHNY-23JAN30-B52.5,155,0.04999999999999999,3682.0,100.0,4.0,1141.0,100.0
2023,HIGHNY-23JAN30-B54.5,187,0.04999999999999999,2470.0,117.0,4.0,876.0,100.0
2023,HIGHNY-23JAN30-B56.5,168,0.25,884.0,115.0,3.0,857.0,100.0
2023,HIGHNY-23JAN30-T50,86,0.039999999999999994,2621.0,68.0,8.0,1082.0,100.0
2023,HIGHNY-23JAN30-T57,41,0.06,0.0,30.0,22.0,857.0,100.0
2023,HIGHNY-23JAN31-B41.5,50,0.21000000000000002,2625.0,39.0,17.0,980.0,100.0
2023,HIGHNY-23JAN31-B43.5,61,0.21,522.0,55.0,8.0,1531.0,100.0
2023,HIGHNY-23JAN31-B45.5,120,0.43500000000000005,181.0,86.0,5.5,998.0,100.0
2023,HIGHNY-23JAN31-B47.5,94,0.335,1411.0,74.0,7.0,1116.0,100.0
2023,HIGHNY-23JAN31-T41,38,0.075,2625.0,31.0,54.0,608.0,100.0
2023,HIGHNY-23JAN31-T48,111,0.16,2597.0,82.0,7.0,985.0,100.0
2023,HIGHNY-23JUL01-B79.5,90,0.03,1496.0,80.0,7.0,1087.0,100.0
2023,HIGHNY-23JUL01-B81.5,104,0.06,1067.0,84.0,11.0,639.0,100.0
2023,HIGHNY-23JUL01-B83.5,105,0.06,567.0,90.0,8.0,610.0,100.0
2023,HIGHNY-23JUL01-B85.5,96,0.05000000000000002,416.0,86.0,7.0,589.0,100.0
2023,HIGHNY-23JUL01-T79,11,0.05,0.0,10.0,44.5,1184.0,100.0
2023,HIGHNY-23JUL01-T86,29,0.99,0.0,14.0,55.5,589.0,100.0
2023,HIGHNY-23JUL02-B76.5,19,0.06,355.0,14.0,10.5,1267.0,100.0
2023,HIGHNY-23JUL02-B78.5,49,0.08000000000000002,354.0,31.0,7.0,1147.0,100.0
2023,HIGHNY-23JUL02-B80.5,64,0.06999999999999997,585.0,54.0,6.5,1095.0,100.0
2023,HIGHNY-23JUL02-B82.5,80,0.06999999999999997,948.0,56.0,4.5,1087.0,100.0
2023,HIGHNY-23JUL02-T76,3,0.01,0.0,2.0,1321.5,1344.0,100.0
2023,HIGHNY-23JUL02-T83,83,0.08000000000000004,1542.0,56.0,4.0,1045.0,100.0
2023,HIGHNY-23JUL03-B84.5,92,0.04000000000000001,893.0,77.0,6.0,1087.0,100.0
2023,HIGHNY-23JUL03-B86.5,127,0.04999999999999999,1430.0,97.0,11.0,667.0,100.0
2023,HIGHNY-23JUL03-B88.5,136,0.06,1019.0,102.0,10.0,465.0,100.0
2023,HIGHNY-23JUL03-B90.5,113,0.18,1464.0,89.0,11.0,640.0,100.0
2023,HIGHNY-23JUL03-T84,37,0.03,498.0,30.0,13.0,1087.0,100.0
2023,HIGHNY-23JUL03-T91,77,0.88,951.0,54.0,13.0,640.0,100.0
2023,HIGHNY-23JUL04-B81.5,114,0.06,1063.0,88.0,8.0,609.0,100.0
2023,HIGHNY-23JUL04-B83.5,123,0.06,398.0,98.0,9.5,519.0,100.0
2023,HIGHNY-23JUL04-B85.5,132,0.07,1379.0,107.0,8.0,519.0,100.0
2023,HIGHNY-23JUL04-B87.5,122,0.06,1004.0,101.0,9.0,610.0,100.0
2023,HIGHNY-23JUL04-T81,23,0.975,30.0,13.0,41.0,857.0,100.0
2023,HIGHNY-23JUL04-T88,70,0.96,0.0,56.0,11.0,609.0,100.0
2023,HIGHNY-23JUL05-B86.5,41,0.09,5.0,40.0,18.5,980.0,100.0
2023,HIGHNY-23JUL05-B88.5,80,0.06,291.0,67.0,8.0,943.0,100.0
2023,HIGHNY-23JUL05-B90.5,111,0.06,723.0,92.0,7.0,884.0,100.0
2023,HIGHNY-23JUL05-B92.5,129,0.08000000000000002,1798.0,106.0,5.0,820.0,100.0
2023,HIGHNY-23JUL05-T86,8,0.05,0.0,5.0,326.0,1385.0,100.0
2023,HIGHNY-23JUL05-T93,87,0.36,1194.0,61.0,11.0,655.0,100.0
2023,HIGHNY-23JUL06-B85.5,56,0.06,16.0,49.0,11.0,1147.0,100.0
2023,HIGHNY-23JUL06-B87.5,78,0.06,1065.0,67.0,7.0,886.0,100.0
2023,HIGHNY-23JUL06-B89.5,123,0.07,1322.0,97.0,7.0,712.0,100.0
2023,HIGHNY-23JUL06-B91.5,140,0.08,1363.0,105.0,7.0,823.0,100.0
2023,HIGHNY-23JUL06-T85,14,0.07,0.0,9.0,3.0,1290.0,100.0
2023,HIGHNY-23JUL06-T92,109,0.39,1371.0,76.0,7.5,823.0,100.0
2023,HIGHNY-23JUL07-B82.5,36,0.51,0.0,32.0,23.0,1147.0,100.0
2023,HIGHNY-23JUL07-B84.5,96,0.06999999999999998,820.0,84.0,7.0,1027.0,100.0
2023,HIGHNY-23JUL07-B86.5,110,0.07999999999999996,784.0,91.0,11.0,811.0,100.0
2023,HIGHNY-23JUL07-B88.5,122,0.07,784.0,96.0,7.0,858.0,100.0
2023,HIGHNY-23JUL07-T82,6,0.07,0.0,5.0,39.0,1436.0,100.0
2023,HIGHNY-23JUL07-T89,85,0.47,264.0,59.0,11.0,880.0,100.0
2023,HIGHNY-23JUL08-B82.5,72,0.51,20.0,60.0,7.0,1084.0,100.0
2023,HIGHNY-23JUL08-B84.5,131,0.06,1516.0,111.0,7.0,866.0,100.0
2023,HIGHNY-23JUL08-B86.5,127,0.06,1948.0,110.0,6.0,866.0,100.0
2023,HIGHNY-23JUL08-B88.5,126,0.06,1213.0,106.0,7.0,615.0,100.0
2023,HIGHNY-23JUL08-T82,7,0.05,0.0,6.0,89.5,1266.0,100.0
2023,HIGHNY-23JUL08-T89,77,0.94,150.0,50.0,11.0,615.0,100.0
2023,HIGHNY-23JUL09-B78.5,75,0.065,428.0,54.0,7.0,830.0,100.0
2023,HIGHNY-23JUL09-B80.5,100,0.06,318.0,81.0,9.0,825.0,100.0
2023,HIGHNY-23JUL09-B82.5,95,0.06,159.0,74.0,7.0,753.0,100.0
2023,HIGHNY-23JUL09-B84.5,103,0.06,271.0,83.0,7.0,753.0,100.0
2023,HIGHNY-23JUL09-T78,8,0.05,0.0,5.0,185.0,1334.0,100.0
2023,HIGHNY-23JUL09-T85,72,0.99,0.0,27.0,14.0,778.0,100.0
2023,HIGHNY-23JUL10-B78.5,80,0.06,530.0,78.0,7.0,1073.0,100.0
2023,HIGHNY-23JUL10-B80.5,141,0.06,859.0,127.0,7.0,861.0,100.0
2023,HIGHNY-23JUL10-B82.5,151,0.06,986.0,131.0,7.0,667.0,100.0
2023,HIGHNY-23JUL10-B84.5,192,0.06999999999999999,1601.0,169.0,6.0,547.0,100.0
2023,HIGHNY-23JUL10-T78,66,0.97,39.0,42.0,7.0,1147.0,100.0
2023,HIGHNY-23JUL10-T85,102,0.9299999999999999,2796.0,73.0,10.0,547.0,100.0
2023,HIGHNY-23JUL11-B85.5,13,0.05,0.0,12.0,23.0,1296.0,100.0
2023,HIGHNY-23JUL11-B87.5,142,0.06000000000000001,2164.0,111.0,5.0,856.0,100.0
2023,HIGHNY-23JUL11-B89.5,151,0.07999999999999996,1519.0,114.0,7.0,666.0,100.0
2023,HIGHNY-23JUL11-B91.5,135,0.07,920.0,110.0,5.5,666.0,100.0
2023,HIGHNY-23JUL11-T85,10,0.06,0.0,6.0,280.0,1088.0,100.0
2023,HIGHNY-23JUL11-T92,120,0.06999999999999998,1104.0,97.0,7.0,666.0,100.0
2023,HIGHNY-23JUL12-B88.5,20,0.09,8.0,9.0,29.0,1381.0,100.0
2023,HIGHNY-23JUL12-B90.5,126,0.06,745.0,105.0,7.0,783.0,100.0
2023,HIGHNY-23JUL12-B92.5,109,0.07,379.0,91.0,10.0,810.0,100.0
2023,HIGHNY-23JUL12-B94.5,129,0.060000000000000026,680.0,98.0,7.0,517.0,100.0
2023,HIGHNY-23JUL12-T88,7,0.04,0.0,6.0,286.0,1087.0,100.0
2023,HIGHNY-23JUL12-T95,125,0.06,192.0,107.0,7.0,467.0,100.0
2023,HIGHNY-23JUL13-B85.5,13,0.03,350.0,12.0,51.5,1147.0,100.0
2023,HIGHNY-23JUL13-B87.5,113,0.06,789.0,96.0,8.0,558.0,100.0
2023,HIGHNY-23JUL13-B89.5,98,0.07,309.0,83.0,11.0,557.0,100.0
2023,HIGHNY-23JUL13-B91.5,123,0.07,602.0,103.0,7.0,557.0,100.0
2023,HIGHNY-23JUL13-T85,7,0.03,0.0,6.0,268.5,1147.0,100.0
2023,HIGHNY-23JUL13-T92,111,0.07,250.0,95.0,7.0,556.0,100.0
2023,HIGHNY-23JUL14-B81.5,114,0.06,1151.0,96.0,6.5,1078.0,100.0
2023,HIGHNY-23JUL14-B83.5,112,0.06,451.0,92.0,8.0,628.0,100.0
2023,HIGHNY-23JUL14-B85.5,131,0.06,643.0,110.0,6.0,847.0,100.0
2023,HIGHNY-23JUL14-B87.5,108,0.06,791.0,91.0,7.0,628.0,100.0
2023,HIGHNY-23JUL14-T81,63,0.9299999999999999,662.0,41.0,6.0,800.0,100.0
2023,HIGHNY-23JUL14-T88,59,0.99,2500.0,24.0,9.5,1027.0,100.0
2023,HIGHNY-23JUL15-B82.5,10,0.07,0.0,7.0,15.0,1486.0,100.0
2023,HIGHNY-23JUL15-B84.5,88,0.05000000000000002,656.0,75.0,11.0,1027.0,100.0
2023,HIGHNY-23JUL15-B86.5,95,0.07,534.0,76.0,9.5,844.0,100.0
2023,HIGHNY-23JUL15-B88.5,112,0.07,385.0,94.0,7.0,636.0,100.0
2023,HIGHNY-23JUL15-T82,9,0.07,0.0,5.0,15.0,1436.0,100.0
2023,HIGHNY-23JUL15-T89,89,0.06,661.0,77.0,10.0,636.0,100.0
2023,HIGHNY-23JUL16-B80.5,72,0.06499999999999999,701.0,65.0,15.0,534.0,100.0
2023,HIGHNY-23JUL16-B82.5,51,0.06999999999999997,8.0,43.0,22.0,719.0,100.0
2023,HIGHNY-23JUL16-B84.5,55,0.07,0.0,46.0,13.0,719.0,100.0
2023,HIGHNY-23JUL16-B86.5,42,0.53,0.0,35.0,19.0,719.0,100.0
2023,HIGHNY-23JUL16-T80,76,0.07,1608.0,69.0,11.0,533.0,100.0
2023,HIGHNY-23JUL16-T87,35,0.99,0.0,20.0,20.0,718.0,100.0
2023,HIGHNY-23JUL17-B85.5,87,0.07,950.0,68.0,8.0,435.0,100.0
2023,HIGHNY-23JUL17-B87.5,124,0.07,997.0,102.0,7.0,661.0,100.0
2023,HIGHNY-23JUL17-B89.5,116,0.08000000000000002,819.0,100.0,7.0,661.0,100.0
2023,HIGHNY-23JUL17-B91.5,112,0.07999999999999999,1103.0,91.0,7.0,816.0,100.0
2023,HIGHNY-23JUL17-T85,69,0.19,446.0,52.0,7.0,817.0,100.0
2023,HIGHNY-23JUL17-T92,63,0.99,0.0,34.0,8.5,661.0,100.0
2023,HIGHNY-23JUL18-B84.5,78,0.06,678.0,70.0,11.0,667.0,100.0
2023,HIGHNY-23JUL18-B86.5,84,0.06,260.0,75.0,11.0,667.0,100.0
2023,HIGHNY-23JUL18-B88.5,72,0.07,965.0,66.0,11.0,667.0,100.0
2023,HIGHNY-23JUL18-B90.5,62,0.07,462.0,58.0,11.0,667.0,100.0
2023,HIGHNY-23JUL18-T84,32,0.81,4511.0,25.0,8.0,964.0,100.0
2023,HIGHNY-23JUL18-T91,23,0.99,0.0,12.0,41.0,859.0,100.0
2023,HIGHNY-23JUL19-B82.5,94,0.06999999999999999,3935.0,78.0,9.0,752.0,100.0
2023,HIGHNY-23JUL19-B84.5,81,0.06,533.0,74.0,9.5,810.0,100.0
2023,HIGHNY-23JUL19-B86.5,79,0.060000000000000026,201.0,72.0,10.0,475.0,100.0
2023,HIGHNY-23JUL19-B88.5,81,0.06,0.0,74.0,8.5,486.0,100.0
2023,HIGHNY-23JUL19-T82,101,0.08000000000000002,2057.0,80.0,7.0,664.0,100.0
2023,HIGHNY-23JUL19-T89,21,0.99,0.0,15.0,23.0,1145.0,100.0
2023,HIGHNY-23JUL20-B81.5,67,0.06,12.0,42.0,7.0,1144.0,100.0
2023,HIGHNY-23JUL20-B83.5,96,0.06,740.0,82.0,7.0,1087.0,100.0
2023,HIGHNY-23JUL20-B85.5,92,0.06,353.0,78.0,11.0,1027.0,100.0
2023,HIGHNY-23JUL20-B87.5,105,0.06,518.0,92.0,7.0,612.0,100.0
2023,HIGHNY-23JUL20-T81,10,0.1,0.0,7.0,14.0,1457.0,100.0
2023,HIGHNY-23JUL20-T88,54,0.18,157.0,42.0,11.0,827.0,100.0
2023,HIGHNY-23JUL21-B77.5,81,0.07,1306.0,72.0,7.0,1148.0,100.0
2023,HIGHNY-23JUL21-B79.5,85,0.06,1266.0,71.0,8.0,1027.0,100.0
2023,HIGHNY-23JUL21-B81.5,99,0.05999999999999997,1055.0,80.0,7.0,1003.0,100.0
2023,HIGHNY-23JUL21-B83.5,109,0.49,1454.0,72.0,6.0,584.0,100.0
2023,HIGHNY-23JUL21-T77,47,0.88,10.0,32.0,21.5,1207.0,100.0
2023,HIGHNY-23JUL21-T84,90,0.86,108.0,60.0,4.0,1394.0,100.0
2023,HIGHNY-23JUL22-B80.5,13,0.065,1.0,10.0,21.0,1222.0,100.0
2023,HIGHNY-23JUL22-B82.5,102,0.05000000000000002,1662.0,86.0,7.0,1027.0,100.0
2023,HIGHNY-23JUL22-B84.5,115,0.07,290.0,106.0,7.0,568.0,100.0
2023,HIGHNY-23JUL22-B86.5,126,0.06,340.0,107.0,6.0,568.0,100.0
2023,HIGHNY-23JUL22-T80,38,0.99,0.0,17.0,19.0,1148.0,100.0
2023,HIGHNY-23JUL22-T87,77,0.18,336.0,61.0,8.0,568.0,100.0
2023,HIGHNY-23JUL23-B83.5,79,0.16,198.0,63.0,7.0,1019.0,100.0
2023,HIGHNY-23JUL23-B85.5,100,0.06,1971.0,84.0,7.0,897.0,100.0
2023,HIGHNY-23JUL23-B87.5,121,0.07,445.0,103.0,7.0,808.0,100.0
2023,HIGHNY-23JUL23-B89.5,98,0.06,202.0,84.0,7.5,667.0,100.0
2023,HIGHNY-23JUL23-T83,50,0.99,0.0,19.0,19.0,1147.0,100.0
2023,HIGHNY-23JUL23-T90,20,0.06,4.0,16.0,11.0,1260.0,100.0
2023,HIGHNY-23JUL24-B81.5,10,0.09,1.0,9.0,22.0,1087.0,100.0
2023,HIGHNY-23JUL24-B83.5,91,0.06999999999999998,1946.0,81.0,7.0,695.0,100.0
2023,HIGHNY-23JUL24-B85.5,103,0.06,289.0,91.0,11.0,430.0,100.0
2023,HIGHNY-23JUL24-B87.5,118,0.06,341.0,99.0,8.0,430.0,100.0
2023,HIGHNY-23JUL24-T81,44,0.99,100.0,20.0,15.0,696.0,100.0
2023,HIGHNY-23JUL24-T88,112,0.1,81.0,100.0,7.0,481.0,100.0
2023,HIGHNY-23JUL25-B83.5,98,0.06,1285.0,89.0,7.0,842.0,100.0
2023,HIGHNY-23JUL25-B85.5,108,0.06,579.0,96.0,7.0,769.0,100.0
2023,HIGHNY-23JUL25-B87.5,109,0.06,383.0,97.0,7.0,769.0,100.0
2023,HIGHNY-23JUL25-B89.5,91,0.06000000000000001,509.0,84.0,7.0,769.0,100.0
2023,HIGHNY-23JUL25-T83,52,0.99,0.0,31.0,7.0,1147.0,100.0
2023,HIGHNY-23JUL25-T90,24,0.08,0.0,20.0,5.5,1234.0,100.0
2023,HIGHNY-23JUL26-B82.5,9,0.09,0.0,8.0,75.0,1224.0,100.0
2023,HIGHNY-23JUL26-B84.5,66,0.06000000000000001,345.0,58.0,7.0,1028.0,100.0
2023,HIGHNY-23JUL26-B86.5,135,0.07,1421.0,113.0,7.0,543.0,100.0
2023,HIGHNY-23JUL26-B88.5,151,0.06,515.0,121.0,7.0,543.0,100.0
2023,HIGHNY-23JUL26-T82,23,0.99,0.0,15.0,23.0,1148.0,100.0
2023,HIGHNY-23JUL26-T89,134,0.06,568.0,117.0,7.0,543.0,100.0
2023,HIGHNY-23JUL27-B93.5,129,0.095,1438.0,104.0,7.0,638.0,100.0
2023,HIGHNY-23JUL27-B95.5,124,0.07,593.0,103.0,7.0,837.0,100.0
2023,HIGHNY-23JUL27-B97.5,82,0.06999999999999999,400.0,73.0,9.0,639.0,100.0
2023,HIGHNY-23JUL27-B99.5,93,0.16,1206.0,78.0,6.5,1023.0,100.0
2023,HIGHNY-23JUL27-T100,7,0.09,0.0,5.0,81.0,2103.0,100.0
2023,HIGHNY-23JUL27-T93,126,0.1,2014.0,100.0,5.5,639.0,100.0
2023,HIGHNY-23JUL28-B90.5,92,0.145,2285.0,75.0,7.0,717.0,100.0
2023,HIGHNY-23JUL28-B92.5,130,0.060000000000000026,1394.0,111.0,8.0,808.0,100.0
2023,HIGHNY-23JUL28-B94.5,145,0.06999999999999995,1160.0,119.0,7.0,784.0,100.0
2023,HIGHNY-23JUL28-B96.5,100,0.04999999999999999,1518.0,88.0,6.5,772.0,100.0
2023,HIGHNY-23JUL28-T90,24,0.125,16.0,19.0,16.0,1087.0,100.0
2023,HIGHNY-23JUL28-T97,47,0.49,45.0,31.0,16.0,766.0,100.0
2023,HIGHNY-23JUL29-B89.5,106,0.06999999999999998,1284.0,88.0,8.5,667.0,100.0
2023,HIGHNY-23JUL29-B91.5,97,0.050000000000000044,849.0,79.0,11.0,666.0,100.0
2023,HIGHNY-23JUL29-B93.5,109,0.06,1007.0,92.0,8.5,666.0,100.0
2023,HIGHNY-23JUL29-B95.5,101,0.06,760.0,88.0,10.0,954.0,100.0
2023,HIGHNY-23JUL29-T89,74,0.085,53.0,65.0,7.0,1027.0,100.0
2023,HIGHNY-23JUL29-T96,23,0.07,0.0,17.0,35.0,1046.0,100.0
2023,HIGHNY-23JUL30-B80.5,134,0.06999999999999995,1206.0,106.0,6.0,767.0,100.0
2023,HIGHNY-23JUL30-B82.5,141,0.07,1371.0,101.0,7.0,665.0,100.0
2023,HIGHNY-23JUL30-B84.5,68,0.06000000000000001,737.0,54.0,7.5,781.0,100.0
2023,HIGHNY-23JUL30-B86.5,51,0.22,0.0,43.0,7.0,768.0,100.0
2023,HIGHNY-23JUL30-T80,112,0.18999999999999995,7839.0,79.0,7.0,431.0,100.0
2023,HIGHNY-23JUL30-T87,26,0.03,101.0,18.0,12.0,768.0,100.0
2023,HIGHNY-23JUL31-B78.5,25,0.07500000000000001,0.0,16.0,11.0,1147.0,100.0
2023,HIGHNY-23JUL31-B80.5,82,0.06,1026.0,71.0,7.0,1088.0,100.0
2023,HIGHNY-23JUL31-B82.5,92,0.06,619.0,74.0,8.0,1016.0,100.0
2023,HIGHNY-23JUL31-B84.5,106,0.05500000000000001,217.0,96.0,9.0,804.0,100.0
2023,HIGHNY-23JUL31-T78,33,0.16,0.0,25.0,15.0,1147.0,100.0
2023,HIGHNY-23JUL31-T85,96,0.1,1179.0,81.0,9.0,756.0,100.0
2023,HIGHNY-23JUN01-B79.5,13,0.14500000000000002,13.0,7.0,226.0,1147.0,100.0
2023,HIGHNY-23JUN01-B81.5,48,0.04000000000000001,156.0,36.0,9.0,1056.0,100.0
2023,HIGHNY-23JUN01-B83.5,78,0.04999999999999999,455.0,61.0,5.0,982.0,100.0
2023,HIGHNY-23JUN01-B85.5,65,0.06999999999999995,977.0,45.0,5.0,925.0,100.0
2023,HIGHNY-23JUN01-T79,11,0.06,0.0,4.0,688.0,1216.0,100.0
2023,HIGHNY-23JUN01-T86,82,0.05000000000000002,1256.0,62.0,7.0,890.0,100.0
2023,HIGHNY-23JUN02-B85.5,61,0.03,475.0,53.0,11.0,1086.0,100.0
2023,HIGHNY-23JUN02-B87.5,137,0.05,1039.0,99.0,7.0,511.0,100.0
2023,HIGHNY-23JUN02-B89.5,176,0.05000000000000002,1131.0,129.0,5.0,812.0,100.0
2023,HIGHNY-23JUN02-B91.5,159,0.06999999999999995,2716.0,116.0,6.0,490.0,100.0
2023,HIGHNY-23JUN02-T85,11,0.04,123.0,10.0,35.0,1303.0,100.0
2023,HIGHNY-23JUN02-T92,143,0.07,2456.0,119.0,6.0,511.0,100.0
2023,HIGHNY-23JUN03-B62.5,5,0.02,0.0,3.0,1307.0,1379.0,100.0
2023,HIGHNY-23JUN03-B64.5,109,0.04000000000000001,921.0,93.0,7.0,989.0,100.0
2023,HIGHNY-23JUN03-B66.5,97,0.04999999999999999,1430.0,85.0,7.0,995.0,100.0
2023,HIGHNY-23JUN03-B68.5,175,0.04999999999999999,648.0,149.0,3.0,822.0,100.0
2023,HIGHNY-23JUN03-T62,5,0.02,0.0,3.0,883.0,1379.0,100.0
2023,HIGHNY-23JUN03-T69,157,0.06,1459.0,124.0,7.0,552.0,100.0
2023,HIGHNY-23JUN04-B64.5,23,0.11,12.0,21.0,7.0,1081.0,100.0
2023,HIGHNY-23JUN04-B66.5,70,0.030000000000000006,311.0,67.0,11.0,900.0,100.0
2023,HIGHNY-23JUN04-B68.5,105,0.06,903.0,90.0,8.0,583.0,100.0
2023,HIGHNY-23JUN04-B70.5,115,0.04999999999999999,618.0,103.0,7.0,583.0,100.0
2023,HIGHNY-23JUN04-T64,9,0.07,0.0,8.0,17.5,1366.0,100.0
2023,HIGHNY-23JUN04-T71,78,0.04000000000000001,356.0,68.0,10.5,582.0,100.0
2023,HIGHNY-23JUN05-B72.5,93,0.07,460.0,85.0,7.0,1027.0,100.0
2023,HIGHNY-23JUN05-B74.5,106,0.04000000000000001,757.0,89.0,7.0,743.0,100.0
2023,HIGHNY-23JUN05-B76.5,138,0.04999999999999999,521.0,119.0,7.0,564.0,100.0
2023,HIGHNY-23JUN05-B78.5,104,0.03999999999999998,1213.0,93.0,7.0,899.0,100.0
2023,HIGHNY-23JUN05-T72,22,0.505,0.0,14.0,42.5,1087.0,100.0
2023,HIGHNY-23JUN05-T79,101,0.04000000000000001,335.0,82.0,7.0,1082.0,100.0
2023,HIGHNY-23JUN06-B76.5,105,0.04000000000000001,975.0,85.0,7.0,569.0,100.0
2023,HIGHNY-23JUN06-B78.5,143,0.04999999999999999,905.0,113.0,7.0,812.0,100.0
2023,HIGHNY-23JUN06-B80.5,126,0.04999999999999999,630.0,105.0,7.0,866.0,100.0
2023,HIGHNY-23JUN06-B82.5,85,0.04000000000000001,393.0,71.0,11.0,835.0,100.0
2023,HIGHNY-23JUN06-T76,68,0.030000000000000013,913.0,53.0,5.0,1114.0,100.0
2023,HIGHNY-23JUN06-T83,79,0.89,0.0,52.0,7.5,1142.0,100.0
2023,HIGHNY-23JUN07-B72.5,69,0.07,674.0,57.0,11.0,807.0,100.0
2023,HIGHNY-23JUN07-B74.5,88,0.05000000000000002,1637.0,71.0,7.0,593.0,100.0
2023,HIGHNY-23JUN07-B76.5,115,0.04999999999999999,737.0,103.0,7.0,959.0,100.0
2023,HIGHNY-23JUN07-B78.5,82,0.030000000000000013,954.0,66.0,7.0,959.0,100.0
2023,HIGHNY-23JUN07-T72,69,0.54,340.0,56.0,6.5,823.0,100.0
2023,HIGHNY-23JUN07-T79,72,0.030000000000000006,294.0,69.0,11.0,976.0,100.0
2023,HIGHNY-23JUN08-B67.5,54,0.05,338.0,46.0,10.5,1147.0,100.0
2023,HIGHNY-23JUN08-B69.5,109,0.039999999999999994,1149.0,86.0,7.0,1081.0,100.0
2023,HIGHNY-23JUN08-B71.5,150,0.04999999999999999,1070.0,120.0,7.0,625.0,100.0
2023,HIGHNY-23JUN08-B73.5,151,0.040000000000000036,657.0,118.0,6.0,624.0,100.0
2023,HIGHNY-23JUN08-T67,36,0.030000000000000006,640.0,34.0,12.5,1146.0,100.0
2023,HIGHNY-23JUN08-T74,157,0.04999999999999999,995.0,130.0,5.0,895.0,100.0
2023,HIGHNY-23JUN09-B67.5,56,0.030000000000000013,118.0,53.0,13.0,1121.0,100.0
2023,HIGHNY-23JUN09-B69.5,91,0.039999999999999994,506.0,84.0,7.0,1027.0,100.0
2023,HIGHNY-23JUN09-B71.5,111,0.04999999999999999,327.0,85.0,8.0,719.0,100.0
2023,HIGHNY-23JUN09-B73.5,110,0.04999999999999999,520.0,87.0,7.0,716.0,100.0
2023,HIGHNY-23JUN09-T67,23,0.04,20.0,22.0,7.0,1121.0,100.0
2023,HIGHNY-23JUN09-T74,97,0.039999999999999994,521.0,68.0,7.0,983.0,100.0
2023,HIGHNY-23JUN10-B74.5,43,0.030000000000000006,16.0,40.0,15.0,1265.0,100.0
2023,HIGHNY-23JUN10-B76.5,109,0.04999999999999999,420.0,89.0,7.0,636.0,100.0
2023,HIGHNY-23JUN10-B78.5,152,0.04999999999999999,471.0,140.0,7.0,657.0,100.0
2023,HIGHNY-23JUN10-B80.5,84,0.03999999999999998,1501.0,75.0,6.0,703.0,100.0
2023,HIGHNY-23JUN10-T74,10,0.05,4.0,8.0,120.5,1124.0,100.0
2023,HIGHNY-23JUN10-T81,80,0.03,524.0,72.0,11.0,1214.0,100.0
2023,HIGHNY-23JUN11-B81.5,104,0.04000000000000001,1005.0,94.0,7.0,860.0,100.0
2023,HIGHNY-23JUN11-B83.5,109,0.040000000000000036,164.0,100.0,7.0,862.0,100.0
2023,HIGHNY-23JUN11-B85.5,113,0.040000000000000036,159.0,98.0,6.5,800.0,100.0
2023,HIGHNY-23JUN11-B87.5,96,0.03,326.0,84.0,7.0,928.0,100.0
2023,HIGHNY-23JUN11-T81,40,0.03,85.0,38.0,9.0,1147.0,100.0
2023,HIGHNY-23JUN11-T88,75,0.965,157.0,51.0,8.0,983.0,100.0
2023,HIGHNY-23JUN12-B73.5,83,0.04000000000000001,775.0,70.0,7.0,1064.0,100.0
2023,HIGHNY-23JUN12-B75.5,119,0.040000000000000036,434.0,98.0,7.0,692.0,100.0
2023,HIGHNY-23JUN12-B77.5,114,0.05999999999999997,1203.0,93.0,7.0,553.0,100.0
2023,HIGHNY-23JUN12-B79.5,90,0.04000000000000001,1197.0,76.0,11.0,586.0,100.0
2023,HIGHNY-23JUN12-T73,86,0.03,101.0,70.0,11.0,1048.0,100.0
2023,HIGHNY-23JUN12-T80,97,0.95,405.0,56.0,7.0,586.0,100.0
2023,HIGHNY-23JUN13-B76.5,92,0.060000000000000005,694.0,72.0,11.5,851.0,100.0
2023,HIGHNY-23JUN13-B78.5,103,0.075,844.0,82.0,7.0,479.0,100.0
2023,HIGHNY-23JUN13-B80.5,153,0.04999999999999999,419.0,133.0,7.0,634.0,100.0
2023,HIGHNY-23JUN13-B82.5,66,0.04999999999999999,682.0,56.0,7.5,821.0,100.0
2023,HIGHNY-23JUN13-T76,26,0.29999999999999993,131.0,18.0,12.0,1026.0,100.0
2023,HIGHNY-23JUN13-T83,86,0.04000000000000001,381.0,77.0,11.0,964.0,100.0
2023,HIGHNY-23JUN14-B72.5,81,0.04000000000000001,219.0,66.0,7.0,1058.0,100.0
2023,HIGHNY-23JUN14-B74.5,80,0.040000000000000036,9.0,61.0,7.0,1027.0,100.0
2023,HIGHNY-23JUN14-B76.5,108,0.040000000000000036,231.0,97.0,11.0,586.0,100.0
2023,HIGHNY-23JUN14-B78.5,92,0.04999999999999999,947.0,80.0,7.0,617.0,100.0
2023,HIGHNY-23JUN14-T72,17,0.04,7.0,16.0,7.0,1152.0,100.0
2023,HIGHNY-23JUN14-T79,101,0.06,1862.0,88.0,11.0,837.0,100.0
2023,HIGHNY-23JUN15-B77.5,163,0.04999999999999999,1128.0,140.0,5.0,625.0,100.0
2023,HIGHNY-23JUN15-B79.5,151,0.04999999999999999,954.0,129.0,6.0,625.0,100.0
2023,HIGHNY-23JUN15-B81.5,128,0.03999999999999998,862.0,115.0,6.0,708.0,100.0
2023,HIGHNY-23JUN15-B83.5,95,0.030000000000000006,873.0,79.0,7.0,1103.0,100.0
2023,HIGHNY-23JUN15-T77,140,0.060000000000000005,17377.0,92.0,5.5,823.0,100.0
2023,HIGHNY-23JUN15-T84,78,0.030000000000000006,2.0,49.0,7.0,1340.0,100.0
2023,HIGHNY-23JUN16-B74.5,40,0.030000000000000013,76.0,34.0,19.0,1372.0,100.0
2023,HIGHNY-23JUN16-B76.5,66,0.039999999999999994,886.0,55.0,13.0,939.0,100.0
2023,HIGHNY-23JUN16-B78.5,123,0.05999999999999994,1923.0,87.0,10.0,974.0,100.0
2023,HIGHNY-23JUN16-B80.5,94,0.09999999999999999,1328.0,67.0,9.0,974.0,100.0
2023,HIGHNY-23JUN16-T74,9,0.055,0.0,5.0,399.0,1373.0,100.0
2023,HIGHNY-23JUN16-T81,72,0.14500000000000002,2700.0,49.0,5.0,1021.0,100.0
2023,HIGHNY-23JUN17-B71.5,25,0.11,0.0,24.0,9.5,1087.0,100.0
2023,HIGHNY-23JUN17-B73.5,107,0.13,490.0,91.0,5.0,848.0,100.0
2023,HIGHNY-23JUN17-B75.5,139,0.04000000000000001,644.0,120.0,5.0,847.0,100.0
2023,HIGHNY-23JUN17-B77.5,124,0.04999999999999999,397.0,101.0,6.0,790.0,100.0
2023,HIGHNY-23JUN17-T71,6,0.07500000000000001,0.0,5.0,96.0,1380.0,100.0
2023,HIGHNY-23JUN17-T78,171,0.05000000000000003,1018.0,135.0,6.0,790.0,100.0
2023,HIGHNY-23JUN18-B76.5,30,0.11,4.0,28.0,5.0,1189.0,100.0
2023,HIGHNY-23JUN18-B78.5,118,0.04000000000000001,539.0,100.0,6.5,840.0,100.0
2023,HIGHNY-23JUN18-B80.5,132,0.08499999999999999,556.0,101.0,6.0,609.0,100.0
2023,HIGHNY-23JUN18-B82.5,100,0.04999999999999999,606.0,88.0,7.0,670.0,100.0
2023,HIGHNY-23JUN18-T76,7,0.98,0.0,6.0,21.0,1555.0,100.0
2023,HIGHNY-23JUN18-T83,69,0.96,38.0,48.0,10.5,645.0,100.0
2023,HIGHNY-23JUN19-B78.5,136,0.040000000000000036,627.0,120.0,7.0,1027.0,100.0
2023,HIGHNY-23JUN19-B80.5,142,0.04999999999999999,618.0,118.0,7.0,648.0,100.0
2023,HIGHNY-23JUN19-B82.5,133,0.04000000000000001,604.0,116.0,7.0,648.0,100.0
2023,HIGHNY-23JUN19-B84.5,77,0.57,31.0,58.0,10.0,758.0,100.0
2023,HIGHNY-23JUN19-T78,107,0.03999999999999998,483.0,97.0,7.0,1088.0,100.0
2023,HIGHNY-23JUN19-T85,73,0.99,0.0,25.0,22.0,648.0,100.0
2023,HIGHNY-23JUN20-B73.5,135,0.04000000000000001,876.0,115.0,7.0,1055.0,100.0
2023,HIGHNY-23JUN20-B75.5,118,0.04999999999999999,571.0,98.0,7.0,1027.0,100.0
2023,HIGHNY-23JUN20-B77.5,168,0.04999999999999999,1032.0,140.0,6.5,636.0,100.0
2023,HIGHNY-23JUN20-B79.5,129,0.16,706.0,113.0,7.0,636.0,100.0
2023,HIGHNY-23JUN20-T73,39,0.945,180.0,28.0,5.0,1148.0,100.0
2023,HIGHNY-23JUN20-T80,84,0.99,2025.0,33.0,15.0,635.0,100.0
2023,HIGHNY-23JUN21-B69.5,152,0.04000000000000001,1024.0,130.0,7.0,878.0,100.0
2023,HIGHNY-23JUN21-B71.5,123,0.06,984.0,100.0,7.0,862.0,100.0
2023,HIGHNY-23JUN21-B73.5,144,0.040000000000000036,951.0,122.0,7.0,822.0,100.0
2023,HIGHNY-23JUN21-B75.5,112,0.04,973.0,102.0,9.5,618.0,100.0
2023,HIGHNY-23JUN21-T69,21,0.08,314.0,18.0,11.0,1087.0,100.0
2023,HIGHNY-23JUN21-T76,50,0.30500000000000005,200.0,31.0,21.0,518.0,100.0
2023,HIGHNY-23JUN22-B64.5,97,0.04999999999999999,900.0,83.0,7.0,1027.0,100.0
2023,HIGHNY-23JUN22-B66.5,132,0.050000000000000044,1827.0,101.0,6.0,924.0,100.0
2023,HIGHNY-23JUN22-B68.5,156,0.05000000000000002,2071.0,119.0,6.0,718.0,100.0
2023,HIGHNY-23JUN22-B70.5,161,0.68,2010.0,113.0,7.0,647.0,100.0
2023,HIGHNY-23JUN22-T64,67,0.039999999999999994,319.0,60.0,7.0,741.0,100.0
2023,HIGHNY-23JUN22-T71,91,0.7949999999999999,2184.0,45.0,5.0,663.0,100.0
2023,HIGHNY-23JUN23-B73.5,180,0.09000000000000002,1254.0,134.0,6.0,483.0,100.0
2023,HIGHNY-23JUN23-B75.5,151,0.04999999999999999,1359.0,119.0,7.0,599.0,100.0
2023,HIGHNY-23JUN23-B77.5,120,0.04999999999999999,1215.0,84.0,7.0,608.0,100.0
2023,HIGHNY-23JUN23-B79.5,123,0.04999999999999999,1044.0,99.0,6.0,608.0,100.0
2023,HIGHNY-23JUN23-T73,87,0.9149999999999999,764.0,66.0,6.0,751.0,100.0
2023,HIGHNY-23JUN23-T80,66,0.99,0.0,31.0,11.0,1192.0,100.0
2023,HIGHNY-23JUN24-B77.5,149,0.04000000000000001,1087.0,131.0,7.0,594.0,100.0
2023,HIGHNY-23JUN24-B79.5,139,0.04999999999999993,1041.0,119.0,7.0,645.0,100.0
2023,HIGHNY-23JUN24-B81.5,134,0.04000000000000001,866.0,116.0,7.0,594.0,100.0
2023,HIGHNY-23JUN24-B83.5,110,0.57,9.0,88.0,8.5,764.0,100.0
2023,HIGHNY-23JUN24-T77,52,0.9299999999999999,19.0,37.0,11.0,884.0,100.0
2023,HIGHNY-23JUN24-T84,81,0.97,156.0,44.0,21.5,764.0,100.0
2023,HIGHNY-23JUN25-B81.5,122,0.04,561.0,110.0,7.0,1083.0,100.0
2023,HIGHNY-23JUN25-B83.5,98,0.04999999999999999,606.0,75.0,11.0,1018.0,100.0
2023,HIGHNY-23JUN25-B85.5,139,0.04999999999999999,972.0,120.0,7.0,935.0,100.0
2023,HIGHNY-23JUN25-B87.5,87,0.82,135.0,73.0,11.0,943.0,100.0
2023,HIGHNY-23JUN25-T81,75,0.03999999999999999,8.0,62.0,7.0,1103.0,100.0
2023,HIGHNY-23JUN25-T88,65,0.985,0.0,31.0,11.0,946.0,100.0
2023,HIGHNY-23JUN26-B75.5,25,0.925,0.0,17.0,15.0,1205.0,100.0
2023,HIGHNY-23JUN26-B77.5,97,0.38,1107.0,72.0,5.0,740.0,100.0
2023,HIGHNY-23JUN26-B79.5,76,0.47,405.0,61.0,5.0,740.0,100.0
2023,HIGHNY-23JUN26-B81.5,68,0.04000000000000002,852.0,58.0,8.5,670.0,100.0
2023,HIGHNY-23JUN26-T75,16,0.08,0.0,13.0,11.0,1205.0,100.0
2023,HIGHNY-23JUN26-T82,63,0.315,694.0,46.0,7.0,789.0,100.0
2023,HIGHNY-23JUN27-B75.5,193,0.04000000000000001,6657.0,165.0,4.0,652.0,100.0
2023,HIGHNY-23JUN27-B77.5,168,0.040000000000000036,5666.0,135.0,6.0,483.0,100.0
2023,HIGHNY-23JUN27-B79.5,183,0.04000000000000001,894.0,158.0,6.0,582.0,100.0
2023,HIGHNY-23JUN27-B81.5,130,0.12,2352.0,114.0,7.0,594.0,100.0
2023,HIGHNY-23JUN27-T75,82,0.05,1362.0,60.0,7.0,573.0,100.0
2023,HIGHNY-23JUN27-T82,80,0.96,1030.0,58.0,9.5,582.0,100.0
2023,HIGHNY-23JUN28-B77.5,111,0.030000000000000006,465.0,101.0,7.0,857.0,100.0
2023,HIGHNY-23JUN28-B79.5,102,0.04000000000000001,806.0,91.0,7.0,959.0,100.0
2023,HIGHNY-23JUN28-B81.5,122,0.04999999999999999,1135.0,107.0,11.0,533.0,100.0
2023,HIGHNY-23JUN28-B83.5,131,0.04000000000000001,1134.0,111.0,7.0,534.0,100.0
2023,HIGHNY-23JUN28-T77,12,0.1,0.0,11.0,15.0,1457.0,100.0
2023,HIGHNY-23JUN28-T84,86,0.98,1333.0,40.0,11.0,533.0,100.0
2023,HIGHNY-23JUN29-B80.5,74,0.11,219.0,59.0,7.0,1025.0,100.0
2023,HIGHNY-23JUN29-B82.5,106,0.03999999999999998,1029.0,93.0,7.0,663.0,100.0
2023,HIGHNY-23JUN29-B84.5,110,0.04999999999999999,1122.0,95.0,7.0,663.0,100.0
2023,HIGHNY-23JUN29-B86.5,116,0.04000000000000001,1705.0,90.0,7.0,687.0,100.0
2023,HIGHNY-23JUN29-T80,29,0.09,12.0,27.0,6.0,1025.0,100.0
2023,HIGHNY-23JUN29-T87,58,0.98,1348.0,40.0,8.5,736.0,100.0
2023,HIGHNY-23JUN30-B81.5,88,0.485,218.0,76.0,9.0,1028.0,100.0
2023,HIGHNY-23JUN30-B83.5,117,0.06,139.0,102.0,7.0,666.0,100.0
2023,HIGHNY-23JUN30-B85.5,102,0.06,487.0,80.0,7.0,666.0,100.0
2023,HIGHNY-23JUN30-B87.5,99,0.045,282.0,79.0,10.0,790.0,100.0
2023,HIGHNY-23JUN30-T81,10,0.06999999999999999,0.0,6.0,22.0,1438.0,100.0
2023,HIGHNY-23JUN30-T88,79,0.99,0.0,40.0,12.0,790.0,100.0
2023,HIGHNY-23MAR01-B39.5,120,0.7,451.0,77.0,5.0,1423.0,100.0
2023,HIGHNY-23MAR01-B41.5,164,0.03,1341.0,114.0,4.0,1322.0,100.0
2023,HIGHNY-23MAR01-B43.5,210,0.04999999999999993,1062.0,145.0,6.0,626.0,100.0
2023,HIGHNY-23MAR01-B45.5,222,0.04999999999999999,1283.0,148.0,5.0,650.0,100.0
2023,HIGHNY-23MAR01-T39,102,0.9,5.0,60.0,4.0,1508.0,100.0
2023,HIGHNY-23MAR01-T46,154,0.03999999999999998,630.0,108.0,7.0,651.0,100.0
2023,HIGHNY-23MAR02-B48.5,33,0.05,1400.0,27.0,24.0,1250.0,100.0
2023,HIGHNY-23MAR02-B50.5,41,0.04,872.0,34.0,12.0,1205.0,100.0
2023,HIGHNY-23MAR02-B52.5,108,0.060000000000000005,3897.0,80.0,5.5,1143.0,100.0
2023,HIGHNY-23MAR02-B54.5,204,0.03999999999999998,1548.0,149.0,6.0,846.0,100.0
2023,HIGHNY-23MAR02-T48,29,0.05,600.0,22.0,25.0,1300.0,100.0
2023,HIGHNY-23MAR02-T55,209,0.040000000000000036,2284.0,154.0,4.0,997.0,100.0
2023,HIGHNY-23MAR03-B38.5,42,0.99,0.0,21.0,9.0,1560.0,100.0
2023,HIGHNY-23MAR03-B40.5,53,0.03,366.0,40.0,9.0,1558.0,100.0
2023,HIGHNY-23MAR03-B42.5,109,0.03,1165.0,72.0,7.0,1352.0,100.0
2023,HIGHNY-23MAR03-B44.5,127,0.04999999999999993,1903.0,79.0,7.0,1324.0,100.0
2023,HIGHNY-23MAR03-T38,43,0.99,0.0,26.0,21.5,1560.0,100.0
2023,HIGHNY-23MAR03-T45,123,0.04999999999999999,1653.0,76.0,7.0,1326.0,100.0
2023,HIGHNY-23MAR04-B41.5,63,0.020000000000000004,2277.0,50.0,7.0,1433.0,100.0
2023,HIGHNY-23MAR04-B43.5,246,0.07000000000000002,11033.0,154.0,4.0,943.0,100.0
2023,HIGHNY-23MAR04-B45.5,241,0.06999999999999998,1138.0,154.0,5.0,997.0,100.0
2023,HIGHNY-23MAR04-B47.5,180,0.03,3097.0,129.0,7.0,927.0,100.0
2023,HIGHNY-23MAR04-T41,24,0.03,296.0,15.0,10.0,2042.0,100.0
2023,HIGHNY-23MAR04-T48,140,0.04000000000000001,2035.0,100.0,7.0,927.0,100.0
2023,HIGHNY-23MAR05-B46.5,32,0.98,0.0,18.0,8.0,2347.0,100.0
2023,HIGHNY-23MAR05-B48.5,59,0.03,727.0,43.0,7.0,1473.0,100.0
2023,HIGHNY-23MAR05-B50.5,112,0.03,785.0,77.0,7.0,1123.0,100.0
2023,HIGHNY-23MAR05-B52.5,335,0.06999999999999995,1206.0,155.0,3.0,625.0,100.0
2023,HIGHNY-23MAR05-T46,19,0.27,0.0,10.0,33.5,2347.0,100.0
2023,HIGHNY-23MAR05-T53,319,0.04,816.0,143.0,4.0,625.0,100.0
2023,HIGHNY-23MAR06-B47.5,169,0.01999999999999999,282.0,60.0,7.0,1546.0,100.0
2023,HIGHNY-23MAR06-B49.5,290,0.02999999999999997,1921.0,89.0,7.0,670.0,100.0
2023,HIGHNY-23MAR06-B51.5,330,0.03999999999999998,1703.0,114.0,7.0,643.0,100.0
2023,HIGHNY-23MAR06-B53.5,599,0.02,934.0,112.0,7.0,651.0,100.0
2023,HIGHNY-23MAR06-T47,61,0.96,0.0,30.0,7.5,2186.0,100.0
2023,HIGHNY-23MAR06-T54,261,0.019999999999999997,1843.0,85.0,7.0,643.0,100.0
2023,HIGHNY-23MAR07-B38.5,55,0.99,109.0,19.0,9.0,2336.0,100.0
2023,HIGHNY-23MAR07-B40.5,119,0.03,815.0,62.0,7.0,1556.0,100.0
2023,HIGHNY-23MAR07-B42.5,213,0.02999999999999997,1555.0,68.0,7.0,1457.0,100.0
2023,HIGHNY-23MAR07-B44.5,323,0.040000000000000036,2114.0,110.0,5.0,1144.0,100.0
2023,HIGHNY-23MAR07-T38,54,0.99,0.0,18.0,9.0,2476.0,100.0
2023,HIGHNY-23MAR07-T45,416,0.04999999999999999,1309.0,147.0,3.0,802.0,100.0
2023,HIGHNY-23MAR08-B41.5,547,0.02,0.0,43.0,3.0,1533.0,100.0
2023,HIGHNY-23MAR08-B43.5,717,0.01999999999999999,1091.0,62.0,1.0,1361.0,100.0
2023,HIGHNY-23MAR08-B45.5,749,0.030000000000000027,856.0,80.0,3.0,1203.0,100.0
2023,HIGHNY-23MAR08-B47.5,918,0.030000000000000027,1241.0,98.0,3.0,903.0,100.0
2023,HIGHNY-23MAR08-T41,703,0.01,0.0,48.0,1.0,1312.0,100.0
2023,HIGHNY-23MAR08-T48,860,0.020000000000000004,1989.0,77.0,3.0,904.0,100.0
2023,HIGHNY-23MAR09-B44.5,559,0.010000000000000002,988.0,47.0,1.0,1128.0,100.0
2023,HIGHNY-23MAR09-B46.5,782,0.01999999999999999,544.0,76.0,1.0,1341.0,100.0
2023,HIGHNY-23MAR09-B48.5,735,0.030000000000000027,1263.0,94.0,2.0,1240.0,100.0
2023,HIGHNY-23MAR09-B50.5,797,0.020000000000000018,1302.0,108.0,3.0,844.0,100.0
2023,HIGHNY-23MAR09-T44,563,0.48,0.0,47.0,1.0,2241.0,100.0
2023,HIGHNY-23MAR09-T51,801,0.010000000000000009,1061.0,119.0,3.0,724.0,100.0
2023,HIGHNY-23MAR10-B42.5,323,0.03,392.0,65.0,3.0,1364.0,100.0
2023,HIGHNY-23MAR10-B44.5,351,0.02999999999999997,4087.0,122.0,4.0,1030.0,100.0
2023,HIGHNY-23MAR10-B46.5,368,0.03999999999999998,823.0,101.0,6.0,720.0,100.0
2023,HIGHNY-23MAR10-B48.5,330,0.03,782.0,79.0,7.0,1141.0,100.0
2023,HIGHNY-23MAR10-T42,291,0.019999999999999997,481.0,67.0,3.0,1416.0,100.0
2023,HIGHNY-23MAR10-T49,305,0.29000000000000004,303.0,71.0,1.0,1178.0,100.0
2023,HIGHNY-23MAR11-B39.5,266,0.93,20.0,41.0,1.0,1501.0,100.0
2023,HIGHNY-23MAR11-B41.5,336,0.020000000000000004,1069.0,95.0,5.0,978.0,100.0
2023,HIGHNY-23MAR11-B43.5,391,0.030000000000000027,1414.0,117.0,5.0,857.0,100.0
2023,HIGHNY-23MAR11-B45.5,402,0.03999999999999998,1138.0,135.0,5.0,889.0,100.0
2023,HIGHNY-23MAR11-T39,246,0.91,0.0,42.0,1.0,2218.0,100.0
2023,HIGHNY-23MAR11-T46,327,0.020000000000000018,298.0,85.0,7.0,857.0,100.0
2023,HIGHNY-23MAR12-B44.5,99,0.03,2420.0,76.0,7.0,1073.0,100.0
2023,HIGHNY-23MAR12-B46.5,138,0.05999999999999994,1398.0,102.0,6.5,994.0,100.0
2023,HIGHNY-23MAR12-B48.5,131,0.04000000000000001,1670.0,110.0,6.5,634.0,100.0
2023,HIGHNY-23MAR12-B50.5,87,0.15,298.0,70.0,9.0,841.0,100.0
2023,HIGHNY-23MAR12-T44,43,0.020000000000000004,893.0,34.0,9.5,1405.0,100.0
2023,HIGHNY-23MAR12-T51,33,0.97,0.0,27.0,15.0,1252.0,100.0
2023,HIGHNY-23MAR13-B42.5,115,0.03,851.0,80.0,7.0,1256.0,100.0
2023,HIGHNY-23MAR13-B44.5,161,0.050000000000000044,1253.0,116.0,7.0,742.0,100.0
2023,HIGHNY-23MAR13-B46.5,146,0.04000000000000001,910.0,106.0,7.0,741.0,100.0
2023,HIGHNY-23MAR13-B48.5,55,0.04,33.0,47.0,11.0,1488.0,100.0
2023,HIGHNY-23MAR13-T42,64,0.03,438.0,50.0,10.5,1408.0,100.0
2023,HIGHNY-23MAR13-T49,76,0.975,0.0,58.0,19.0,611.0,100.0
2023,HIGHNY-23MAR14-B32.5,60,0.99,0.0,17.0,20.0,1419.0,100.0
2023,HIGHNY-23MAR14-B34.5,94,0.03,1279.0,43.0,6.0,1310.0,100.0
2023,HIGHNY-23MAR14-B36.5,233,0.05,4086.0,150.0,3.0,1027.0,100.0
2023,HIGHNY-23MAR14-B38.5,264,0.02999999999999997,5998.0,172.0,3.0,685.0,100.0
2023,HIGHNY-23MAR14-T32,63,0.99,0.0,23.0,7.0,1418.0,100.0
2023,HIGHNY-23MAR14-T39,258,0.030000000000000027,8252.0,157.0,3.0,1069.0,100.0
2023,HIGHNY-23MAR15-B41.5,92,0.03,1599.0,69.0,7.0,1203.0,100.0
2023,HIGHNY-23MAR15-B43.5,186,0.04999999999999999,2030.0,136.0,6.0,848.0,100.0
2023,HIGHNY-23MAR15-B45.5,160,0.04999999999999999,1973.0,111.0,7.0,847.0,100.0
2023,HIGHNY-23MAR15-B47.5,118,0.24,223.0,88.0,7.0,872.0,100.0
2023,HIGHNY-23MAR15-T41,90,0.08,588.0,67.0,7.0,1267.0,100.0
2023,HIGHNY-23MAR15-T48,95,0.1,9.0,56.0,8.0,960.0,100.0
2023,HIGHNY-23MAR16-B50.5,37,0.99,8.0,15.0,27.0,1211.0,100.0
2023,HIGHNY-23MAR16-B52.5,98,0.030000000000000006,2449.0,70.0,9.0,1113.0,100.0
2023,HIGHNY-23MAR16-B54.5,144,0.06,673.0,115.0,7.0,1091.0,100.0
2023,HIGHNY-23MAR16-B56.5,193,0.06,442.0,126.0,5.5,1028.0,100.0
2023,HIGHNY-23MAR16-T50,16,0.07,0.0,11.0,15.0,1248.0,100.0
2023,HIGHNY-23MAR16-T57,169,0.09000000000000002,2339.0,121.0,6.0,964.0,100.0
2023,HIGHNY-23MAR17-B53.5,66,0.14,62.0,52.0,7.0,1357.0,100.0
2023,HIGHNY-23MAR17-B55.5,95,0.030000000000000006,740.0,66.0,7.0,1360.0,100.0
2023,HIGHNY-23MAR17-B57.5,137,0.04000000000000001,1424.0,94.0,6.0,1265.0,100.0
2023,HIGHNY-23MAR17-B59.5,193,0.04999999999999996,3189.0,136.0,6.0,684.0,100.0
2023,HIGHNY-23MAR17-T53,32,0.98,0.0,24.0,18.0,1357.0,100.0
2023,HIGHNY-23MAR17-T60,197,0.06000000000000001,2438.0,150.0,6.0,715.0,100.0
2023,HIGHNY-23MAR18-B51.5,121,0.04000000000000001,3343.0,79.0,7.0,904.0,100.0
2023,HIGHNY-23MAR18-B53.5,129,0.03999999999999998,1466.0,86.0,7.0,1369.0,100.0
2023,HIGHNY-23MAR18-B55.5,234,0.06000000000000005,4958.0,143.0,7.0,824.0,100.0
2023,HIGHNY-23MAR18-B57.5,157,0.07,4567.0,108.0,7.0,823.0,100.0
2023,HIGHNY-23MAR18-T51,67,0.019999999999999997,1538.0,50.0,7.0,904.0,100.0
2023,HIGHNY-23MAR18-T58,39,0.83,786.0,30.0,13.5,823.0,100.0
2023,HIGHNY-23MAR19-B40.5,251,0.06,8730.0,162.0,5.0,607.0,100.0
2023,HIGHNY-23MAR19-B42.5,244,0.07000000000000006,3914.0,146.0,5.0,603.0,100.0
2023,HIGHNY-23MAR19-B44.5,133,0.05000000000000002,3676.0,87.0,7.0,1105.0,100.0
2023,HIGHNY-23MAR19-B46.5,51,0.14,2362.0,41.0,13.0,723.0,100.0
2023,HIGHNY-23MAR19-T40,66,0.05,2675.0,48.0,10.5,1055.0,100.0
2023,HIGHNY-23MAR19-T47,22,0.03,1085.0,20.0,8.0,1107.0,100.0
2023,HIGHNY-23MAR20-B46.5,49,0.6,0.0,43.0,8.0,1449.0,100.0
2023,HIGHNY-23MAR20-B48.5,120,0.1,755.0,95.0,7.0,1084.0,100.0
2023,HIGHNY-23MAR20-B50.5,191,0.10999999999999999,1731.0,147.0,6.0,666.0,100.0
2023,HIGHNY-23MAR20-B52.5,171,0.07,867.0,128.0,7.0,693.0,100.0
2023,HIGHNY-23MAR20-T46,43,0.83,0.0,37.0,21.0,1449.0,100.0
2023,HIGHNY-23MAR20-T53,136,0.06,625.0,115.0,7.0,978.0,100.0
2023,HIGHNY-23MAR21-B53.5,35,0.58,0.0,29.0,18.0,1505.0,100.0
2023,HIGHNY-23MAR21-B55.5,39,0.58,0.0,33.0,11.0,1504.0,100.0
2023,HIGHNY-23MAR21-B57.5,57,0.039999999999999994,337.0,52.0,9.5,1410.0,100.0
2023,HIGHNY-23MAR21-B59.5,111,0.06999999999999998,1367.0,98.0,7.0,846.0,100.0
2023,HIGHNY-23MAR21-T53,34,0.83,0.0,26.0,19.0,1505.0,100.0
2023,HIGHNY-23MAR21-T60,110,0.05999999999999994,918.0,97.0,7.0,823.0,100.0
2023,HIGHNY-23MAR22-B52.5,72,0.24,0.0,68.0,7.0,1516.0,100.0
2023,HIGHNY-23MAR22-B54.5,79,0.32,15.0,76.0,7.0,1335.0,100.0
2023,HIGHNY-23MAR22-B56.5,118,0.04000000000000001,1226.0,100.0,7.0,1261.0,100.0
2023,HIGHNY-23MAR22-B58.5,140,0.04999999999999999,2719.0,110.0,7.0,1203.0,100.0
2023,HIGHNY-23MAR22-T52,72,0.14,0.0,68.0,7.0,1516.0,100.0
2023,HIGHNY-23MAR22-T59,154,0.06999999999999995,4465.0,120.0,6.0,1203.0,100.0
2023,HIGHNY-23MAR23-B57.5,108,0.11999999999999997,5430.0,77.0,4.0,960.0,100.0
2023,HIGHNY-23MAR23-B59.5,191,0.18999999999999995,2491.0,148.0,6.0,729.0,100.0
2023,HIGHNY-23MAR23-B61.5,254,0.09,3121.0,184.0,4.5,729.0,100.0
2023,HIGHNY-23MAR23-B63.5,222,0.07,4833.0,164.0,3.5,746.0,100.0
2023,HIGHNY-23MAR23-T57,72,0.06,3245.0,51.0,5.0,1065.0,100.0
2023,HIGHNY-23MAR23-T64,172,0.060000000000000026,3365.0,132.0,4.0,1022.0,100.0
2023,HIGHNY-23MAR24-B54.5,208,0.05,26374.0,126.0,4.5,603.0,100.0
2023,HIGHNY-23MAR24-B56.5,206,0.06999999999999995,1483.0,132.0,5.0,735.0,100.0
2023,HIGHNY-23MAR24-B58.5,178,0.06,3607.0,115.0,4.0,854.0,100.0
2023,HIGHNY-23MAR24-B60.5,60,0.060000000000000005,6547.0,43.0,13.0,1017.0,100.0
2023,HIGHNY-23MAR24-T54,50,0.03,2037.0,39.0,7.0,1560.0,100.0
2023,HIGHNY-23MAR24-T61,27,0.99,500.0,13.0,7.0,1525.0,100.0
2023,HIGHNY-23MAR25-B44.5,58,0.039999999999999994,285.0,39.0,14.0,1559.0,100.0
2023,HIGHNY-23MAR25-B46.5,156,0.07,1331.0,116.0,7.0,726.0,100.0
2023,HIGHNY-23MAR25-B48.5,171,0.08000000000000007,560.0,127.0,7.0,723.0,100.0
2023,HIGHNY-23MAR25-B50.5,146,0.1,1614.0,110.0,7.0,737.0,100.0
2023,HIGHNY-23MAR25-T44,16,0.03,8.0,12.0,9.5,1559.0,100.0
2023,HIGHNY-23MAR25-T51,113,0.14,1307.0,73.0,7.0,890.0,100.0
2023,HIGHNY-23MAR26-B57.5,82,0.04000000000000001,490.0,67.0,7.0,1206.0,100.0
2023,HIGHNY-23MAR26-B59.5,92,0.07499999999999998,833.0,73.0,7.0,665.0,100.0
2023,HIGHNY-23MAR26-B61.5,136,0.09999999999999998,959.0,110.0,7.0,666.0,100.0
2023,HIGHNY-23MAR26-B63.5,122,0.09000000000000002,730.0,95.0,7.0,817.0,100.0
2023,HIGHNY-23MAR26-T57,10,0.04,0.0,7.0,199.0,1212.0,100.0
2023,HIGHNY-23MAR26-T64,105,0.17,658.0,68.0,7.0,818.0,100.0
2023,HIGHNY-23MAR27-B51.5,32,0.98,0.0,31.0,7.0,1560.0,100.0
2023,HIGHNY-23MAR27-B53.5,87,0.04000000000000001,117.0,75.0,7.0,1385.0,100.0
2023,HIGHNY-23MAR27-B55.5,105,0.040000000000000036,254.0,90.0,7.0,1315.0,100.0
2023,HIGHNY-23MAR27-B57.5,147,0.05000000000000002,947.0,119.0,6.0,1204.0,100.0
2023,HIGHNY-23MAR27-T51,6,0.06,0.0,4.0,642.5,1560.0,100.0
2023,HIGHNY-23MAR27-T58,152,0.07000000000000003,1909.0,118.0,4.0,1204.0,100.0
2023,HIGHNY-23MAR28-B46.5,89,0.020000000000000004,9884.0,74.0,7.0,1315.0,100.0
2023,HIGHNY-23MAR28-B48.5,154,0.04999999999999999,2972.0,121.0,7.0,1261.0,100.0
2023,HIGHNY-23MAR28-B50.5,199,0.08000000000000002,1724.0,153.0,5.0,1024.0,100.0
2023,HIGHNY-23MAR28-B52.5,190,0.09999999999999998,1466.0,142.0,6.0,677.0,100.0
2023,HIGHNY-23MAR28-T46,22,0.019999999999999997,8585.0,21.0,14.0,1339.0,100.0
2023,HIGHNY-23MAR28-T53,204,0.09000000000000001,2125.0,151.0,6.0,822.0,100.0
2023,HIGHNY-23MAR29-B49.5,34,0.24,0.0,30.0,8.0,1441.0,100.0
2023,HIGHNY-23MAR29-B51.5,90,0.04,936.0,80.0,7.0,1205.0,100.0
2023,HIGHNY-23MAR29-B53.5,149,0.08000000000000002,1941.0,118.0,7.0,824.0,100.0
2023,HIGHNY-23MAR29-B55.5,154,0.08000000000000002,1450.0,115.0,6.0,865.0,100.0
2023,HIGHNY-23MAR29-T49,7,0.03,0.0,6.0,199.5,2117.0,100.0
2023,HIGHNY-23MAR29-T56,144,0.05000000000000001,1363.0,121.0,7.0,960.0,100.0
2023,HIGHNY-23MAR30-B43.5,126,0.020000000000000004,15803.0,98.0,7.0,990.0,100.0
2023,HIGHNY-23MAR30-B45.5,190,0.08999999999999997,1781.0,139.0,6.0,844.0,100.0
2023,HIGHNY-23MAR30-B47.5,198,0.07,1058.0,152.0,5.0,819.0,100.0
2023,HIGHNY-23MAR30-B49.5,138,0.06,1393.0,111.0,7.0,1020.0,100.0
2023,HIGHNY-23MAR30-T43,21,0.02,2505.0,19.0,60.0,1204.0,100.0
2023,HIGHNY-23MAR30-T50,91,0.039999999999999994,1036.0,75.0,7.0,991.0,100.0
2023,HIGHNY-23MAR31-B50.5,71,0.019999999999999997,4144.0,59.0,7.0,803.0,100.0
2023,HIGHNY-23MAR31-B52.5,201,0.15000000000000002,6303.0,142.0,6.0,602.0,100.0
2023,HIGHNY-23MAR31-B54.5,220,0.09000000000000002,2897.0,159.0,5.0,602.0,100.0
2023,HIGHNY-23MAR31-B56.5,201,0.07,10983.0,152.0,6.0,607.0,100.0
2023,HIGHNY-23MAR31-T50,11,0.019999999999999997,2138.0,9.0,83.0,1343.0,100.0
2023,HIGHNY-23MAR31-T57,114,0.03999999999999998,7958.0,92.0,7.0,683.0,100.0
2023,HIGHNY-23MAY01-B58.5,112,0.04000000000000002,1915.0,76.0,7.0,1511.0,100.0
2023,HIGHNY-23MAY01-B60.5,173,0.07999999999999996,2294.0,134.0,7.0,795.0,100.0
2023,HIGHNY-23MAY01-B62.5,163,0.07999999999999996,723.0,124.0,7.0,793.0,100.0
2023,HIGHNY-23MAY01-B64.5,127,0.14,72.0,102.0,7.0,960.0,100.0
2023,HIGHNY-23MAY01-T58,76,0.039999999999999994,2588.0,66.0,7.0,1514.0,100.0
2023,HIGHNY-23MAY01-T65,37,0.09,0.0,29.0,5.0,1019.0,100.0
2023,HIGHNY-23MAY02-B53.5,146,0.09999999999999998,2061.0,95.0,4.0,1072.0,100.0
2023,HIGHNY-23MAY02-B55.5,202,0.11499999999999999,2239.0,127.0,3.0,856.0,100.0
2023,HIGHNY-23MAY02-B57.5,175,0.05000000000000001,10945.0,111.0,4.0,856.0,100.0
2023,HIGHNY-23MAY02-B59.5,55,0.030000000000000002,1059.0,29.0,7.0,1024.0,100.0
2023,HIGHNY-23MAY02-T53,82,0.04000000000000001,5260.0,64.0,7.0,1217.0,100.0
2023,HIGHNY-23MAY02-T60,35,0.98,450.0,15.0,11.0,1444.0,100.0
2023,HIGHNY-23MAY03-B52.5,86,0.045,479.0,70.0,7.0,1208.0,100.0
2023,HIGHNY-23MAY03-B54.5,122,0.06,1049.0,89.0,7.0,1137.0,100.0
2023,HIGHNY-23MAY03-B56.5,148,0.07000000000000006,324.0,119.0,7.0,825.0,100.0
2023,HIGHNY-23MAY03-B58.5,124,0.06,838.0,97.0,7.0,966.0,100.0
2023,HIGHNY-23MAY03-T52,56,0.04000000000000001,212.0,43.0,15.0,1388.0,100.0
2023,HIGHNY-23MAY03-T59,39,0.09000000000000001,370.0,29.0,11.0,1266.0,100.0
2023,HIGHNY-23MAY04-B55.5,146,0.10999999999999999,508.0,120.0,7.0,805.0,100.0
2023,HIGHNY-23MAY04-B57.5,133,0.07000000000000006,431.0,112.0,7.0,811.0,100.0
2023,HIGHNY-23MAY04-B59.5,79,0.03,1204.0,73.0,7.0,925.0,100.0
2023,HIGHNY-23MAY04-B61.5,90,0.59,0.0,63.0,7.0,1123.0,100.0
2023,HIGHNY-23MAY04-T55,127,0.05999999999999997,2898.0,98.0,7.0,888.0,100.0
2023,HIGHNY-23MAY04-T62,74,0.99,0.0,27.0,6.0,1124.0,100.0
2023,HIGHNY-23MAY05-B57.5,78,0.039999999999999994,667.0,66.0,7.0,1386.0,100.0
2023,HIGHNY-23MAY05-B59.5,106,0.04999999999999999,1410.0,84.0,7.0,1268.0,100.0
2023,HIGHNY-23MAY05-B61.5,145,0.06999999999999998,524.0,100.0,6.5,1183.0,100.0
2023,HIGHNY-23MAY05-B63.5,150,0.07999999999999999,2078.0,110.0,4.5,1189.0,100.0
2023,HIGHNY-23MAY05-T57,34,0.039999999999999994,14.0,32.0,12.5,1527.0,100.0
2023,HIGHNY-23MAY05-T64,97,0.49999999999999994,5180.0,49.0,5.0,882.0,100.0
2023,HIGHNY-23MAY06-B66.5,179,0.02,144.0,33.0,7.0,1401.0,100.0
2023,HIGHNY-23MAY06-B68.5,330,0.05000000000000001,222.0,60.0,7.0,1242.0,100.0
2023,HIGHNY-23MAY06-B70.5,365,0.04999999999999999,1126.0,69.0,7.0,1193.0,100.0
2023,HIGHNY-23MAY06-B72.5,860,0.22000000000000008,723.0,63.0,7.0,720.0,100.0
2023,HIGHNY-23MAY06-T66,36,0.02,0.0,8.0,166.5,1522.0,100.0
2023,HIGHNY-23MAY06-T73,845,0.22,836.0,60.0,7.0,720.0,100.0
2023,HIGHNY-23MAY07-B70.5,420,0.030000000000000006,300.0,24.0,7.0,1263.0,100.0
2023,HIGHNY-23MAY07-B72.5,841,0.04000000000000001,418.0,22.0,6.5,604.0,100.0
2023,HIGHNY-23MAY07-B74.5,1044,0.03999999999999998,2114.0,29.0,6.0,742.0,100.0
2023,HIGHNY-23MAY07-B76.5,1164,0.04999999999999999,933.0,17.0,7.0,736.0,100.0
2023,HIGHNY-23MAY07-T70,738,0.02,0.0,7.0,10.0,1264.0,100.0
2023,HIGHNY-23MAY07-T77,1185,0.03999999999999998,1477.0,15.0,7.0,736.0,100.0
2023,HIGHNY-23MAY08-B71.5,557,0.020000000000000004,122.0,16.0,25.0,1085.0,100.0
2023,HIGHNY-23MAY08-B73.5,570,0.03,407.0,36.0,8.5,1086.0,100.0
2023,HIGHNY-23MAY08-B75.5,1021,0.04000000000000001,3955.0,27.0,7.0,736.0,100.0
2023,HIGHNY-23MAY08-B77.5,1436,0.04999999999999999,896.0,30.0,8.0,431.0,100.0
2023,HIGHNY-23MAY08-T71,552,0.06,0.0,6.0,134.0,1342.0,100.0
2023,HIGHNY-23MAY08-T78,1480,0.04000000000000001,1381.0,28.0,7.0,430.0,100.0
2023,HIGHNY-23MAY09-B62.5,636,0.13,219.0,54.0,1.5,1230.0,100.0
2023,HIGHNY-23MAY09-B64.5,500,0.03999999999999998,429.0,38.0,9.5,1147.0,100.0
2023,HIGHNY-23MAY09-B66.5,1058,0.03999999999999998,1712.0,28.0,3.0,1027.0,100.0
2023,HIGHNY-23MAY09-B68.5,1129,0.03999999999999998,943.0,20.0,3.5,1020.0,100.0
2023,HIGHNY-23MAY09-T62,951,0.07,241.0,6.0,29.0,1208.0,100.0
2023,HIGHNY-23MAY09-T69,1146,0.04000000000000001,1729.0,16.0,5.5,1019.0,100.0
2023,HIGHNY-23MAY10-B68.5,794,0.020000000000000004,584.0,10.0,29.5,1027.0,100.0
2023,HIGHNY-23MAY10-B70.5,1223,0.03,800.0,17.0,3.0,827.0,100.0
2023,HIGHNY-23MAY10-B72.5,1712,0.040000000000000036,541.0,18.0,5.0,430.0,100.0
2023,HIGHNY-23MAY10-B74.5,1692,0.04999999999999999,1028.0,18.0,5.5,431.0,100.0
2023,HIGHNY-23MAY10-T68,844,0.02,0.0,3.0,480.0,1372.0,100.0
2023,HIGHNY-23MAY10-T75,1437,0.03,2191.0,22.0,5.0,663.0,100.0
2023,HIGHNY-23MAY11-B78.5,1073,0.030000000000000002,2460.0,28.0,7.5,907.0,100.0
2023,HIGHNY-23MAY11-B80.5,1388,0.04999999999999999,1295.0,46.0,2.0,635.0,100.0
2023,HIGHNY-23MAY11-B82.5,1254,0.03999999999999998,1028.0,39.0,6.0,635.0,100.0
2023,HIGHNY-23MAY11-B84.5,1273,0.020000000000000018,1205.0,28.0,4.0,797.0,100.0
2023,HIGHNY-23MAY11-T78,477,0.030000000000000002,296.0,41.0,12.0,1026.0,100.0
2023,HIGHNY-23MAY11-T85,1089,0.09999999999999999,1023.0,33.0,6.0,837.0,100.0
2023,HIGHNY-23MAY12-B84.5,851,0.04,1399.0,28.0,4.5,694.0,100.0
2023,HIGHNY-23MAY12-B86.5,1055,0.03999999999999998,1699.0,29.0,4.0,819.0,100.0
2023,HIGHNY-23MAY12-B88.5,1447,0.02999999999999997,1226.0,23.0,3.0,694.0,100.0
2023,HIGHNY-23MAY12-B90.5,1014,0.039999999999999994,890.0,25.0,8.0,822.0,100.0
2023,HIGHNY-23MAY12-T84,497,0.03,450.0,21.0,19.0,1106.0,100.0
2023,HIGHNY-23MAY12-T91,1255,0.26,708.0,21.0,19.0,475.0,100.0
2023,HIGHNY-23MAY13-B79.5,965,0.04000000000000001,2222.0,39.0,5.0,965.0,100.0
2023,HIGHNY-23MAY13-B81.5,1383,0.040000000000000036,625.0,45.0,6.0,539.0,100.0
2023,HIGHNY-23MAY13-B83.5,1366,0.030000000000000013,1656.0,34.0,7.5,539.0,100.0
2023,HIGHNY-23MAY13-B85.5,1346,0.03,1391.0,31.0,9.0,540.0,100.0
2023,HIGHNY-23MAY13-T79,875,0.030000000000000027,641.0,36.0,7.0,886.0,100.0
2023,HIGHNY-23MAY13-T86,919,0.039999999999999994,583.0,30.0,8.0,664.0,100.0
2023,HIGHNY-23MAY14-B69.5,801,0.030000000000000002,320.0,18.0,11.5,1088.0,100.0
2023,HIGHNY-23MAY14-B71.5,865,0.04999999999999999,667.0,17.0,15.0,1027.0,100.0
2023,HIGHNY-23MAY14-B73.5,1276,0.040000000000000036,398.0,28.0,11.0,551.0,100.0
2023,HIGHNY-23MAY14-B75.5,1246,0.03,341.0,30.0,6.5,422.0,100.0
2023,HIGHNY-23MAY14-T69,538,0.05,134.0,16.0,11.5,1352.0,100.0
2023,HIGHNY-23MAY14-T76,1049,0.29,512.0,23.0,11.0,628.0,100.0
2023,HIGHNY-23MAY15-B72.5,870,0.030000000000000006,317.0,24.0,7.5,660.0,100.0
2023,HIGHNY-23MAY15-B74.5,1332,0.039999999999999994,754.0,47.0,6.0,502.0,100.0
2023,HIGHNY-23MAY15-B76.5,1395,0.04999999999999999,706.0,58.0,5.5,431.0,100.0
2023,HIGHNY-23MAY15-B78.5,1395,0.04000000000000001,774.0,56.0,4.5,431.0,100.0
2023,HIGHNY-23MAY15-T72,653,0.06,0.0,10.0,6.0,1368.0,100.0
2023,HIGHNY-23MAY15-T79,1384,0.03,310.0,48.0,7.5,431.0,100.0
2023,HIGHNY-23MAY16-B77.5,816,0.02,2917.0,45.0,7.0,792.0,100.0
2023,HIGHNY-23MAY16-B79.5,792,0.030000000000000013,1091.0,75.0,5.0,644.0,100.0
2023,HIGHNY-23MAY16-B81.5,923,0.03999999999999998,637.0,75.0,5.0,805.0,100.0
2023,HIGHNY-23MAY16-B83.5,833,0.030000000000000027,624.0,59.0,7.0,846.0,100.0
2023,HIGHNY-23MAY16-T77,443,0.02,0.0,5.0,390.0,1366.0,100.0
2023,HIGHNY-23MAY16-T84,849,0.020000000000000004,256.0,33.0,4.0,1079.0,100.0
2023,HIGHNY-23MAY17-B63.5,78,0.04999999999999999,2466.0,60.0,7.0,948.0,100.0
2023,HIGHNY-23MAY17-B65.5,82,0.04999999999999999,1551.0,59.0,7.0,948.0,100.0
2023,HIGHNY-23MAY17-B67.5,84,0.040000000000000036,1467.0,68.0,7.0,951.0,100.0
2023,HIGHNY-23MAY17-B69.5,130,0.06999999999999995,1782.0,97.0,7.0,831.0,100.0
2023,HIGHNY-23MAY17-T63,60,0.039999999999999994,1734.0,47.0,14.0,1201.0,100.0
2023,HIGHNY-23MAY17-T70,110,0.51,2217.0,71.0,7.0,832.0,100.0
2023,HIGHNY-23MAY18-B60.5,175,0.08999999999999997,2055.0,122.0,7.0,633.0,100.0
2023,HIGHNY-23MAY18-B62.5,160,0.06,880.0,118.0,7.0,633.0,100.0
2023,HIGHNY-23MAY18-B64.5,118,0.05000000000000002,672.0,92.0,7.0,633.0,100.0
2023,HIGHNY-23MAY18-B66.5,60,0.04999999999999999,907.0,55.0,12.0,633.0,100.0
2023,HIGHNY-23MAY18-T60,72,0.03,2186.0,62.0,7.0,1144.0,100.0
2023,HIGHNY-23MAY18-T67,7,0.03,2.0,6.0,336.0,1312.0,100.0
2023,HIGHNY-23MAY19-B64.5,44,0.05,169.0,37.0,13.0,956.0,100.0
2023,HIGHNY-23MAY19-B66.5,89,0.06,402.0,66.0,5.5,956.0,100.0
2023,HIGHNY-23MAY19-B68.5,105,0.07000000000000003,1103.0,82.0,3.0,871.0,100.0
2023,HIGHNY-23MAY19-B70.5,84,0.039999999999999994,951.0,73.0,7.0,807.0,100.0
2023,HIGHNY-23MAY19-T64,25,0.030000000000000002,10.0,23.0,19.0,1363.0,100.0
2023,HIGHNY-23MAY19-T71,50,0.06,3127.0,43.0,18.0,668.0,100.0
2023,HIGHNY-23MAY20-B65.5,166,0.07500000000000001,1390.0,138.0,4.0,560.0,100.0
2023,HIGHNY-23MAY20-B67.5,151,0.05000000000000002,2195.0,123.0,7.0,584.0,100.0
2023,HIGHNY-23MAY20-B69.5,90,0.05000000000000002,2116.0,71.0,10.0,739.0,100.0
2023,HIGHNY-23MAY20-B71.5,48,0.030000000000000002,248.0,38.0,15.0,1257.0,100.0
2023,HIGHNY-23MAY20-T65,151,0.07999999999999999,2820.0,126.0,6.0,827.0,100.0
2023,HIGHNY-23MAY20-T72,39,0.165,172.0,20.0,19.0,1257.0,100.0
2023,HIGHNY-23MAY21-B71.5,62,0.29500000000000004,762.0,47.0,11.0,624.0,100.0
2023,HIGHNY-23MAY21-B73.5,74,0.07500000000000001,448.0,58.0,6.0,743.0,100.0
2023,HIGHNY-23MAY21-B75.5,85,0.07,427.0,65.0,7.0,719.0,100.0
2023,HIGHNY-23MAY21-B77.5,68,0.04000000000000001,154.0,47.0,7.0,743.0,100.0
2023,HIGHNY-23MAY21-T71,47,0.6699999999999999,1034.0,31.0,7.0,799.0,100.0
2023,HIGHNY-23MAY21-T78,31,0.98,250.0,24.0,11.0,949.0,100.0
2023,HIGHNY-23MAY22-B69.5,15,0.33999999999999997,1.0,7.0,25.0,1148.0,100.0
2023,HIGHNY-23MAY22-B71.5,27,0.039999999999999994,69.0,20.0,13.0,1087.0,100.0
2023,HIGHNY-23MAY22-B73.5,42,0.06,477.0,30.0,6.5,1014.0,100.0
2023,HIGHNY-23MAY22-B75.5,41,0.07999999999999996,142.0,32.0,16.0,939.0,100.0
2023,HIGHNY-23MAY22-T69,17,0.99,17.0,8.0,41.0,1148.0,100.0
2023,HIGHNY-23MAY22-T76,49,0.49,555.0,38.0,11.5,940.0,100.0
2023,HIGHNY-23MAY23-B66.5,45,0.06,634.0,34.0,14.0,1147.0,100.0
2023,HIGHNY-23MAY23-B68.5,71,0.07,1286.0,51.0,7.0,1087.0,100.0
2023,HIGHNY-23MAY23-B70.5,91,0.07000000000000006,349.0,67.0,6.0,731.0,100.0
2023,HIGHNY-23MAY23-B72.5,82,0.05,494.0,66.0,7.0,731.0,100.0
2023,HIGHNY-23MAY23-T66,27,0.034999999999999996,78.0,21.0,27.0,1147.0,100.0
2023,HIGHNY-23MAY23-T73,50,0.06,208.0,33.0,14.0,731.0,100.0
2023,HIGHNY-23MAY24-B70.5,43,0.04,240.0,40.0,21.5,1088.0,100.0
2023,HIGHNY-23MAY24-B72.5,83,0.04999999999999999,588.0,65.0,7.0,1020.0,100.0
2023,HIGHNY-23MAY24-B74.5,116,0.04999999999999999,274.0,103.0,7.0,967.0,100.0
2023,HIGHNY-23MAY24-B76.5,102,0.06,758.0,80.0,7.0,813.0,100.0
2023,HIGHNY-23MAY24-T70,16,0.07,0.0,15.0,23.0,1312.0,100.0
2023,HIGHNY-23MAY24-T77,111,0.11000000000000001,654.0,92.0,7.0,822.0,100.0
2023,HIGHNY-23MAY25-B64.5,109,0.09000000000000001,432.0,65.0,7.0,1027.0,100.0
2023,HIGHNY-23MAY25-B66.5,131,0.04999999999999999,596.0,90.0,7.0,843.0,100.0
2023,HIGHNY-23MAY25-B68.5,158,0.050000000000000044,630.0,114.0,4.0,604.0,100.0
2023,HIGHNY-23MAY25-B70.5,112,0.03999999999999998,305.0,61.0,11.0,650.0,100.0
2023,HIGHNY-23MAY25-T64,26,0.04,0.0,14.0,27.0,1292.0,100.0
2023,HIGHNY-23MAY25-T71,92,0.16,9.0,54.0,15.0,650.0,100.0
2023,HIGHNY-23MAY26-B69.5,50,0.039999999999999994,644.0,42.0,19.0,1028.0,100.0
2023,HIGHNY-23MAY26-B71.5,142,0.05000000000000002,1703.0,116.0,6.0,488.0,100.0
2023,HIGHNY-23MAY26-B73.5,143,0.07999999999999996,1127.0,117.0,6.0,488.0,100.0
2023,HIGHNY-23MAY26-B75.5,103,0.07,1653.0,80.0,7.0,502.0,100.0
2023,HIGHNY-23MAY26-T69,12,0.035,46.0,11.0,44.0,1147.0,100.0
2023,HIGHNY-23MAY26-T76,68,0.05,50.0,54.0,11.0,823.0,100.0
2023,HIGHNY-23MAY27-B72.5,53,0.039999999999999994,211.0,45.0,13.0,781.0,100.0
2023,HIGHNY-23MAY27-B74.5,65,0.04999999999999999,720.0,50.0,19.0,944.0,100.0
2023,HIGHNY-23MAY27-B76.5,87,0.04000000000000001,451.0,71.0,11.0,904.0,100.0
2023,HIGHNY-23MAY27-B78.5,101,0.04999999999999993,208.0,80.0,7.0,822.0,100.0
2023,HIGHNY-23MAY27-T72,18,0.03,111.0,12.0,19.0,1130.0,100.0
2023,HIGHNY-23MAY27-T79,86,0.04000000000000001,278.0,67.0,7.0,654.0,100.0
2023,HIGHNY-23MAY28-B73.5,58,0.04,543.0,50.0,19.0,472.0,100.0
2023,HIGHNY-23MAY28-B75.5,62,0.039999999999999994,680.0,52.0,11.5,1020.0,100.0
2023,HIGHNY-23MAY28-B77.5,92,0.04999999999999999,695.0,70.0,7.0,760.0,100.0
2023,HIGHNY-23MAY28-B79.5,82,0.04999999999999999,773.0,63.0,10.0,796.0,100.0
2023,HIGHNY-23MAY28-T73,15,0.06,0.0,11.0,38.0,1201.0,100.0
2023,HIGHNY-23MAY28-T80,83,0.32,764.0,61.0,7.0,815.0,100.0
2023,HIGHNY-23MAY29-B76.5,67,0.19,466.0,45.0,16.0,870.0,100.0
2023,HIGHNY-23MAY29-B78.5,107,0.05999999999999994,776.0,85.0,7.0,717.0,100.0
2023,HIGHNY-23MAY29-B80.5,87,0.06,697.0,67.0,11.0,717.0,100.0
2023,HIGHNY-23MAY29-B82.5,58,0.55,180.0,44.0,19.5,939.0,100.0
2023,HIGHNY-23MAY29-T76,65,0.97,269.0,37.0,16.0,1013.0,100.0
2023,HIGHNY-23MAY29-T83,44,0.98,0.0,22.0,23.0,939.0,100.0
2023,HIGHNY-23MAY30-B67.5,48,0.039999999999999994,403.0,42.0,19.0,1015.0,100.0
2023,HIGHNY-23MAY30-B69.5,58,0.44499999999999995,405.0,46.0,9.0,1014.0,100.0
2023,HIGHNY-23MAY30-B71.5,109,0.040000000000000036,369.0,84.0,8.0,484.0,100.0
2023,HIGHNY-23MAY30-B73.5,82,0.06,517.0,59.0,9.0,484.0,100.0
2023,HIGHNY-23MAY30-T67,18,0.05,0.0,16.0,12.0,1318.0,100.0
2023,HIGHNY-23MAY30-T74,39,0.035,4.0,28.0,19.0,1184.0,100.0
2023,HIGHNY-23MAY31-B73.5,83,0.04000000000000001,1226.0,65.0,11.0,1012.0,100.0
2023,HIGHNY-23MAY31-B75.5,102,0.04000000000000002,1051.0,80.0,11.0,575.0,100.0
2023,HIGHNY-23MAY31-B77.5,106,0.05000000000000003,1234.0,83.0,10.0,574.0,100.0
2023,HIGHNY-23MAY31-B79.5,111,0.09000000000000001,990.0,87.0,7.0,575.0,100.0
2023,HIGHNY-23MAY31-T73,93,0.05,789.0,75.0,11.0,898.0,100.0
2023,HIGHNY-23MAY31-T80,63,0.99,0.0,28.0,10.5,455.0,100.0
2023,HIGHNY-23NOV01-B45.5,14,0.955,7.0,12.0,54.5,1379.0,100.0
2023,HIGHNY-23NOV01-B47.5,37,0.83,7.0,22.0,49.0,860.0,100.0
2023,HIGHNY-23NOV01-B49.5,24,0.75,7.0,15.0,49.0,788.0,100.0
2023,HIGHNY-23NOV01-B51.5,12,0.265,0.0,11.0,58.0,1073.0,100.0
2023,HIGHNY-23NOV01-T45,5,0.010000000000000002,0.0,4.0,629.0,1379.0,100.0
2023,HIGHNY-23NOV01-T52,12,0.05,0.0,11.0,49.0,1072.0,100.0
2023,HIGHNY-23NOV02-B45.5,38,0.99,10.0,23.0,32.0,1027.0,100.0
2023,HIGHNY-23NOV02-B47.5,122,0.06999999999999998,1056.0,107.0,7.0,668.0,100.0
2023,HIGHNY-23NOV02-B49.5,120,0.07000000000000006,1186.0,98.0,11.0,562.0,100.0
2023,HIGHNY-23NOV02-B51.5,105,0.07,1036.0,87.0,7.0,110.0,100.0
2023,HIGHNY-23NOV02-T45,37,0.99,10.0,24.0,41.0,1088.0,100.0
2023,HIGHNY-23NOV02-T52,47,0.99,10.0,31.0,38.0,239.0,100.0
2023,HIGHNY-23NOV03-B52.5,29,0.34,10.0,23.0,15.0,1027.0,100.0
2023,HIGHNY-23NOV03-B54.5,78,0.06999999999999995,905.0,58.0,12.5,319.0,100.0
2023,HIGHNY-23NOV03-B56.5,105,0.07,550.0,85.0,10.0,185.0,100.0
2023,HIGHNY-23NOV03-B58.5,74,0.07,867.0,56.0,10.0,315.0,100.0
2023,HIGHNY-23NOV03-T52,18,0.99,10.0,9.0,32.0,1087.0,100.0
2023,HIGHNY-23NOV03-T59,43,0.99,20.0,21.0,49.0,603.0,100.0
2023,HIGHNY-23NOV04-B55.5,39,0.99,10.0,17.0,49.0,1073.0,100.0
2023,HIGHNY-23NOV04-B57.5,111,0.09999999999999998,4217.0,90.0,8.5,363.0,100.0
2023,HIGHNY-23NOV04-B59.5,137,0.08000000000000002,3021.0,116.0,8.0,116.0,100.0
2023,HIGHNY-23NOV04-B61.5,125,0.42,2212.0,98.0,11.0,605.0,100.0
2023,HIGHNY-23NOV04-T55,31,0.99,10.0,13.0,49.0,1185.0,100.0
2023,HIGHNY-23NOV04-T62,54,0.19,11.0,46.0,18.5,431.0,100.0
2023,HIGHNY-23NOV05-B58.5,42,0.99,10.0,16.0,26.0,1140.0,100.0
2023,HIGHNY-23NOV05-B60.5,73,0.06999999999999999,906.0,65.0,7.0,1075.0,100.0
2023,HIGHNY-23NOV05-B62.5,82,0.06,374.0,73.0,7.0,1075.0,100.0
2023,HIGHNY-23NOV05-B64.5,102,0.07,1079.0,83.0,7.0,114.0,100.0
2023,HIGHNY-23NOV05-T58,40,0.99,10.0,22.0,35.0,1202.0,100.0
2023,HIGHNY-23NOV05-T65,60,0.98,10.0,43.0,42.0,481.0,100.0
2023,HIGHNY-23NOV06-B51.5,71,0.07,814.0,65.0,9.0,1145.0,100.0
2023,HIGHNY-23NOV06-B53.5,99,0.060000000000000026,2097.0,86.0,7.0,882.0,100.0
2023,HIGHNY-23NOV06-B55.5,85,0.06,505.0,74.0,7.0,870.0,100.0
2023,HIGHNY-23NOV06-B57.5,98,0.06000000000000001,566.0,83.0,7.0,127.0,100.0
2023,HIGHNY-23NOV06-T51,34,0.99,10.0,27.0,49.0,1206.0,100.0
2023,HIGHNY-23NOV06-T58,46,0.99,10.0,23.0,49.0,71.0,100.0
2023,HIGHNY-23NOV07-B62.5,25,0.3,1251.0,21.0,9.0,1395.0,100.0
2023,HIGHNY-23NOV07-B64.5,91,0.25,2735.0,70.0,6.5,766.0,100.0
2023,HIGHNY-23NOV07-B66.5,150,0.07999999999999999,3593.0,114.0,8.5,765.0,100.0
2023,HIGHNY-23NOV07-B68.5,138,0.07,1423.0,103.0,7.0,451.0,100.0
2023,HIGHNY-23NOV07-T62,3,0.01,0.0,2.0,1324.0,1623.0,100.0
2023,HIGHNY-23NOV07-T69,130,0.08999999999999997,2433.0,99.0,7.0,274.0,100.0
2023,HIGHNY-23NOV08-B46.5,12,0.99,0.0,1.0,1379.0,1379.0,100.0
2023,HIGHNY-23NOV08-B48.5,14,0.99,0.0,1.0,1379.0,1379.0,100.0
2023,HIGHNY-23NOV08-B50.5,30,0.88,2000.0,20.0,28.0,1004.0,100.0
2023,HIGHNY-23NOV08-B52.5,49,0.74,448.0,36.0,21.5,850.0,100.0
2023,HIGHNY-23NOV08-T46,12,0.99,0.0,1.0,1379.0,1379.0,100.0
2023,HIGHNY-23NOV08-T53,60,0.74,482.0,44.0,13.0,864.0,100.0
2023,HIGHNY-23NOV09-B61.5,144,0.08000000000000002,1583.0,117.0,7.0,548.0,100.0
2023,HIGHNY-23NOV09-B63.5,109,0.07,2529.0,93.0,11.0,415.0,100.0
2023,HIGHNY-23NOV09-B65.5,85,0.06,686.0,71.0,5.0,649.0,100.0
2023,HIGHNY-23NOV09-B67.5,75,0.42,218.0,59.0,9.0,650.0,100.0
2023,HIGHNY-23NOV09-T61,151,0.07,1475.0,123.0,4.0,549.0,100.0
2023,HIGHNY-23NOV09-T68,62,0.14,0.0,46.0,7.0,1374.0,100.0
2023,HIGHNY-23NOV10-B50.5,93,0.05000000000000002,15.0,87.0,5.0,740.0,100.0
2023,HIGHNY-23NOV10-B52.5,84,0.06,489.0,69.0,9.0,49.0,100.0
2023,HIGHNY-23NOV10-B54.5,103,0.06999999999999995,861.0,97.0,7.0,739.0,100.0
2023,HIGHNY-23NOV10-B56.5,60,0.37,176.0,53.0,15.0,708.0,100.0
2023,HIGHNY-23NOV10-T50,3,0.01,0.0,2.0,1341.5,1379.0,100.0
2023,HIGHNY-23NOV10-T57,42,0.17,0.0,40.0,15.0,1226.0,100.0
2023,HIGHNY-23NOV11-B47.5,3,0.01,0.0,2.0,1342.0,1420.0,100.0
2023,HIGHNY-23NOV11-B49.5,79,0.06,664.0,76.0,7.0,1207.0,100.0
2023,HIGHNY-23NOV11-B51.5,61,0.07,781.0,57.0,10.0,1147.0,100.0
2023,HIGHNY-23NOV11-B53.5,75,0.04999999999999999,616.0,72.0,7.0,860.0,100.0
2023,HIGHNY-23NOV11-T47,3,0.01,0.0,2.0,1342.0,1363.0,100.0
2023,HIGHNY-23NOV11-T54,26,0.05000000000000002,133.0,21.0,11.0,1061.0,100.0
2023,HIGHNY-23NOV12-B42.5,10,0.08499999999999999,0.0,9.0,54.0,1085.0,100.0
2023,HIGHNY-23NOV12-B44.5,103,0.06,373.0,97.0,9.0,553.0,100.0
2023,HIGHNY-23NOV12-B46.5,97,0.06,514.0,92.0,10.5,471.0,100.0
2023,HIGHNY-23NOV12-B48.5,100,0.06,214.0,97.0,7.0,471.0,100.0
2023,HIGHNY-23NOV12-T42,4,0.034999999999999996,0.0,3.0,1206.0,1458.0,100.0
2023,HIGHNY-23NOV12-T49,6,0.175,0.0,5.0,49.0,2129.0,100.0
2023,HIGHNY-23NOV13-B46.5,88,0.05000000000000002,660.0,81.0,8.0,1023.0,100.0
2023,HIGHNY-23NOV13-B48.5,111,0.06,861.0,95.0,8.0,893.0,100.0
2023,HIGHNY-23NOV13-B50.5,115,0.06,1228.0,106.0,7.0,884.0,100.0
2023,HIGHNY-23NOV13-B52.5,63,0.16,100.0,59.0,11.0,1195.0,100.0
2023,HIGHNY-23NOV13-T46,42,0.09,0.0,40.0,11.0,1146.0,100.0
2023,HIGHNY-23NOV13-T53,59,0.19999999999999998,100.0,55.0,11.0,1195.0,100.0
2023,HIGHNY-23NOV14-B48.5,85,0.06,712.0,77.0,7.0,1188.0,100.0
2023,HIGHNY-23NOV14-B50.5,86,0.06,1424.0,74.0,7.0,1146.0,100.0
2023,HIGHNY-23NOV14-B52.5,111,0.06,780.0,97.0,7.0,411.0,100.0
2023,HIGHNY-23NOV14-B54.5,61,0.29,271.0,46.0,9.0,1159.0,100.0
2023,HIGHNY-23NOV14-T48,4,0.04,0.0,3.0,1326.0,1334.0,100.0
2023,HIGHNY-23NOV14-T55,23,0.21,75.0,20.0,8.0,1287.0,100.0
2023,HIGHNY-23NOV15-B48.5,18,0.98,4.0,15.0,49.0,1146.0,100.0
2023,HIGHNY-23NOV15-B50.5,85,0.06,1878.0,75.0,7.0,1014.0,100.0
2023,HIGHNY-23NOV15-B52.5,89,0.06000000000000005,954.0,74.0,8.0,784.0,100.0
2023,HIGHNY-23NOV15-B54.5,84,0.06,2141.0,70.0,9.5,709.0,100.0
2023,HIGHNY-23NOV15-T48,4,0.030000000000000002,0.0,3.0,1207.0,1446.0,100.0
2023,HIGHNY-23NOV15-T55,48,0.2,0.0,44.0,13.0,494.0,100.0
2023,HIGHNY-23NOV16-B56.5,4,0.02,0.0,3.0,1145.0,1497.0,100.0
2023,HIGHNY-23NOV16-B58.5,88,0.44,1174.0,74.0,7.0,1015.0,100.0
2023,HIGHNY-23NOV16-B60.5,133,0.07,1160.0,119.0,6.0,1085.0,100.0
2023,HIGHNY-23NOV16-B62.5,123,0.07499999999999998,1248.0,110.0,6.0,1025.0,100.0
2023,HIGHNY-23NOV16-T56,3,0.01,0.0,2.0,1341.5,1478.0,100.0
2023,HIGHNY-23NOV16-T63,138,0.06,1447.0,123.0,6.0,1025.0,100.0
2023,HIGHNY-23NOV17-B60.5,9,0.02,1.0,7.0,82.0,1206.0,100.0
2023,HIGHNY-23NOV17-B62.5,106,0.09999999999999999,3305.0,88.0,6.0,1144.0,100.0
2023,HIGHNY-23NOV17-B64.5,136,0.07999999999999999,3500.0,96.0,4.5,968.0,100.0
2023,HIGHNY-23NOV17-B66.5,291,0.7000000000000001,1536.0,116.0,6.0,839.0,100.0
2023,HIGHNY-23NOV17-T60,4,0.04,1.0,3.0,1266.0,1387.0,100.0
2023,HIGHNY-23NOV17-T67,147,0.13,1857.0,84.0,7.0,840.0,100.0
2023,HIGHNY-23NOV18-B50.5,6,0.05,0.0,5.0,499.0,1379.0,100.0
2023,HIGHNY-23NOV18-B52.5,116,0.395,0.0,7.0,43.0,1379.0,100.0
2023,HIGHNY-23NOV18-B54.5,165,0.43,49.0,10.0,121.5,1124.0,100.0
2023,HIGHNY-23NOV18-B56.5,23,0.24,81.0,10.0,121.5,1133.0,100.0
2023,HIGHNY-23NOV18-T50,6,0.05,0.0,5.0,499.0,1379.0,100.0
2023,HIGHNY-23NOV18-T57,420,0.6299999999999999,4.0,24.0,5.0,1379.0,100.0
2023,HIGHNY-23NOV19-B49.5,5,0.05,0.0,4.0,594.0,1495.0,100.0
2023,HIGHNY-23NOV19-B51.5,225,0.27,485.0,37.0,11.0,1069.0,100.0
2023,HIGHNY-23NOV19-B53.5,97,0.08999999999999997,1230.0,46.0,11.0,1086.0,100.0
2023,HIGHNY-23NOV19-B55.5,86,0.09,2517.0,53.0,10.0,1024.0,100.0
2023,HIGHNY-23NOV19-T49,5,0.08,0.0,4.0,612.5,1458.0,100.0
2023,HIGHNY-23NOV19-T56,53,0.89,5.0,16.0,16.5,1304.0,100.0
2023,HIGHNY-23NOV20-B41.5,142,0.6799999999999999,1102.0,69.0,7.0,958.0,100.0
2023,HIGHNY-23NOV20-B43.5,75,0.060000000000000026,1776.0,59.0,7.0,981.0,100.0
2023,HIGHNY-23NOV20-B45.5,275,0.87,424.0,114.0,3.0,851.0,100.0
2023,HIGHNY-23NOV20-B47.5,341,0.68,19.0,115.0,1.0,842.0,100.0
2023,HIGHNY-23NOV20-T41,14,0.08499999999999999,4.0,9.0,93.0,830.0,100.0
2023,HIGHNY-23NOV20-T48,124,0.22,46.0,73.0,2.0,763.0,100.0
2023,HIGHNY-23NOV21-B44.5,86,0.66,1072.0,32.0,9.0,1084.0,100.0
2023,HIGHNY-23NOV21-B46.5,107,0.48,1557.0,78.0,11.0,421.0,100.0
2023,HIGHNY-23NOV21-B48.5,101,0.07,1413.0,81.0,9.0,421.0,100.0
2023,HIGHNY-23NOV21-B50.5,85,0.09999999999999998,1123.0,66.0,20.0,435.0,100.0
2023,HIGHNY-23NOV21-T44,21,0.01,820.0,11.0,3.0,1263.0,100.0
2023,HIGHNY-23NOV21-T51,31,0.16,53.0,24.0,42.5,602.0,100.0
2023,HIGHNY-23NOV22-B54.5,85,0.89,930.0,15.0,7.0,83.0,100.0
2023,HIGHNY-23NOV22-B56.5,77,0.1,1691.0,51.0,6.0,266.0,100.0
2023,HIGHNY-23NOV22-B58.5,332,0.87,589.0,51.0,7.0,939.0,100.0
2023,HIGHNY-23NOV22-B60.5,89,0.08000000000000002,1102.0,65.0,7.0,939.0,100.0
2023,HIGHNY-23NOV22-T54,5,0.08,0.0,4.0,623.5,1430.0,100.0
2023,HIGHNY-23NOV22-T61,28,0.23,0.0,18.0,11.0,939.0,100.0
2023,HIGHNY-23NOV23-B49.5,45,0.06,1244.0,31.0,11.0,1239.0,100.0
2023,HIGHNY-23NOV23-B51.5,89,0.07,1131.0,67.0,7.0,560.0,100.0
2023,HIGHNY-23NOV23-B53.5,90,0.07,959.0,73.0,11.0,560.0,100.0
2023,HIGHNY-23NOV23-B55.5,56,0.06999999999999998,17.0,43.0,7.0,634.0,100.0
2023,HIGHNY-23NOV23-T49,5,0.08,0.0,4.0,524.0,1379.0,100.0
2023,HIGHNY-23NOV23-T56,47,0.23,0.0,31.0,7.0,706.0,100.0
2023,HIGHNY-23NOV24-B43.5,21,0.05,697.0,9.0,11.0,1379.0,100.0
2023,HIGHNY-23NOV24-B45.5,42,0.05000000000000002,224.0,35.0,3.0,1379.0,100.0
2023,HIGHNY-23NOV24-B47.5,54,0.06,219.0,49.0,8.0,1207.0,100.0
2023,HIGHNY-23NOV24-B49.5,56,0.05999999999999997,119.0,51.0,8.0,1147.0,100.0
2023,HIGHNY-23NOV24-T43,3,0.01,0.0,2.0,1341.5,1379.0,100.0
2023,HIGHNY-23NOV24-T50,21,0.24,22.0,18.0,22.0,1171.0,100.0
2023,HIGHNY-23NOV25-B36.5,4,0.02,0.0,3.0,1146.0,1479.0,100.0
2023,HIGHNY-23NOV25-B38.5,61,0.06999999999999998,1048.0,51.0,11.0,864.0,100.0
2023,HIGHNY-23NOV25-B40.5,57,0.07,613.0,49.0,19.0,778.0,100.0
2023,HIGHNY-23NOV25-B42.5,58,0.06,435.0,44.0,11.0,147.0,100.0
2023,HIGHNY-23NOV25-T36,3,0.01,0.0,2.0,1341.5,1417.0,100.0
2023,HIGHNY-23NOV25-T43,49,0.06,142.0,41.0,11.0,907.0,100.0
2023,HIGHNY-23NOV26-B45.5,4,0.034999999999999996,0.0,3.0,1157.0,1310.0,100.0
2023,HIGHNY-23NOV26-B47.5,8,0.15499999999999997,500.0,7.0,143.0,1086.0,100.0
2023,HIGHNY-23NOV26-B49.5,10,0.41000000000000003,0.0,9.0,156.0,1257.0,100.0
2023,HIGHNY-23NOV26-B51.5,33,0.83,5.0,27.0,49.0,926.0,100.0
2023,HIGHNY-23NOV26-T45,4,0.02,0.0,3.0,1206.0,1310.0,100.0
2023,HIGHNY-23NOV26-T52,30,0.735,15.0,27.0,42.0,924.0,100.0
2023,HIGHNY-23NOV27-B47.5,3,0.01,0.0,2.0,1341.5,1379.0,100.0
2023,HIGHNY-23NOV27-B49.5,3,0.01,0.0,2.0,1341.5,1379.0,100.0
2023,HIGHNY-23NOV27-B51.5,3,0.01,0.0,2.0,1341.5,1379.0,100.0
2023,HIGHNY-23NOV27-B53.5,8,0.56,505.0,3.0,809.0,1379.0,100.0
2023,HIGHNY-23NOV27-T47,3,0.01,0.0,2.0,1341.5,1379.0,100.0
2023,HIGHNY-23NOV27-T54,9,0.27,3815.0,7.0,232.0,1096.0,100.0
2023,HIGHNY-23NOV28-B34.5,3,0.01,0.0,2.0,1341.5,1379.0,100.0
2023,HIGHNY-23NOV28-B36.5,41,0.06,844.0,36.0,10.0,947.0,100.0
2023,HIGHNY-23NOV28-B38.5,60,0.26,1086.0,31.0,12.0,1145.0,100.0
2023,HIGHNY-23NOV28-B40.5,95,0.8,668.0,33.0,11.0,879.0,100.0
2023,HIGHNY-23NOV28-T34,4,0.01,5.0,1.0,1379.0,1379.0,100.0
2023,HIGHNY-23NOV28-T41,105,0.29,0.0,12.0,119.0,879.0,100.0
2023,HIGHNY-23NOV29-B36.5,102,0.07999999999999996,1477.0,88.0,7.0,1082.0,100.0
2023,HIGHNY-23NOV29-B38.5,101,0.07,587.0,76.0,11.0,835.0,100.0
2023,HIGHNY-23NOV29-B40.5,113,0.09,1325.0,98.0,11.0,471.0,100.0
2023,HIGHNY-23NOV29-B42.5,64,0.19,0.0,47.0,11.0,496.0,100.0
2023,HIGHNY-23NOV29-T36,552,0.99,105.0,46.0,7.0,1148.0,100.0
2023,HIGHNY-23NOV29-T43,540,0.46,0.0,61.0,11.0,471.0,100.0
2023,HIGHNY-23NOV30-B43.5,3,0.01,0.0,2.0,1342.0,1476.0,100.0
2023,HIGHNY-23NOV30-B45.5,108,0.07,1061.0,91.0,3.0,1148.0,100.0
2023,HIGHNY-23NOV30-B47.5,122,0.08000000000000002,1592.0,98.0,3.0,1088.0,100.0
2023,HIGHNY-23NOV30-B49.5,136,0.08999999999999997,1954.0,111.0,3.0,850.0,100.0
2023,HIGHNY-23NOV30-T43,3,0.01,0.0,2.0,1342.0,1476.0,100.0
2023,HIGHNY-23NOV30-T50,135,0.07,844.0,112.0,3.0,850.0,100.0
2023,HIGHNY-23OCT01-B72.5,28,0.21,0.0,24.0,11.0,1086.0,100.0
2023,HIGHNY-23OCT01-B74.5,98,0.06499999999999999,1309.0,89.0,7.0,766.0,100.0
2023,HIGHNY-23OCT01-B76.5,78,0.06000000000000005,625.0,69.0,9.0,797.0,100.0
2023,HIGHNY-23OCT01-B78.5,102,0.06,285.0,87.0,8.0,498.0,100.0
2023,HIGHNY-23OCT01-T72,7,0.04,0.0,6.0,179.5,1243.0,100.0
2023,HIGHNY-23OCT01-T79,6,0.1,0.0,5.0,6.0,1440.0,100.0
2023,HIGHNY-23OCT02-B72.5,25,0.19,0.0,23.0,15.0,1147.0,100.0
2023,HIGHNY-23OCT02-B74.5,67,0.06000000000000001,1222.0,61.0,11.0,957.0,100.0
2023,HIGHNY-23OCT02-B76.5,104,0.06,250.0,85.0,9.0,824.0,100.0
2023,HIGHNY-23OCT02-B78.5,115,0.06999999999999995,836.0,103.0,9.0,422.0,100.0
2023,HIGHNY-23OCT02-T72,8,0.03,0.0,7.0,19.0,1147.0,100.0
2023,HIGHNY-23OCT02-T79,33,0.89,14.0,26.0,31.5,906.0,100.0
2023,HIGHNY-23OCT03-B78.5,103,0.07000000000000003,1750.0,79.0,7.0,1025.0,100.0
2023,HIGHNY-23OCT03-B80.5,105,0.06,150.0,88.0,7.0,581.0,100.0
2023,HIGHNY-23OCT03-B82.5,133,0.06,470.0,100.0,7.0,323.0,100.0
2023,HIGHNY-23OCT03-B84.5,96,0.19,0.0,85.0,7.0,1011.0,100.0
2023,HIGHNY-23OCT03-T78,7,0.05,0.0,6.0,414.5,1026.0,100.0
2023,HIGHNY-23OCT03-T85,8,0.09,0.0,7.0,23.0,1850.0,100.0
2023,HIGHNY-23OCT04-B80.5,59,0.7,1304.0,42.0,12.0,1026.0,100.0
2023,HIGHNY-23OCT04-B82.5,43,0.69,174.0,35.0,16.0,879.0,100.0
2023,HIGHNY-23OCT04-B84.5,71,0.51,52.0,47.0,9.0,878.0,100.0
2023,HIGHNY-23OCT04-B86.5,17,0.18,50.0,15.0,49.0,1085.0,100.0
2023,HIGHNY-23OCT04-T80,52,0.86,1191.0,36.0,8.5,1123.0,100.0
2023,HIGHNY-23OCT04-T87,29,0.89,13.0,17.0,22.0,1006.0,100.0
2023,HIGHNY-23OCT05-B73.5,119,0.09,999.0,88.0,7.0,1131.0,100.0
2023,HIGHNY-23OCT05-B75.5,111,0.09000000000000002,781.0,84.0,7.0,1027.0,100.0
2023,HIGHNY-23OCT05-B77.5,105,0.08000000000000002,473.0,79.0,11.0,849.0,100.0
2023,HIGHNY-23OCT05-B79.5,59,0.22,216.0,41.0,14.0,883.0,100.0
2023,HIGHNY-23OCT05-T73,86,0.1,1079.0,63.0,10.0,1147.0,100.0
2023,HIGHNY-23OCT05-T80,58,0.96,79.0,41.0,37.0,566.0,100.0
2023,HIGHNY-23OCT06-B67.5,40,0.16,20.0,32.0,12.0,1026.0,100.0
2023,HIGHNY-23OCT06-B69.5,73,0.38,824.0,60.0,11.0,924.0,100.0
2023,HIGHNY-23OCT06-B71.5,83,0.06,500.0,64.0,10.5,397.0,100.0
2023,HIGHNY-23OCT06-B73.5,79,0.06999999999999998,478.0,66.0,8.5,584.0,100.0
2023,HIGHNY-23OCT06-T67,8,0.03,20.0,7.0,352.0,1026.0,100.0
2023,HIGHNY-23OCT06-T74,26,0.97,3.0,22.0,17.5,427.0,100.0
2023,HIGHNY-23OCT07-B64.5,7,0.16,0.0,6.0,175.0,1379.0,100.0
2023,HIGHNY-23OCT07-B66.5,64,0.060000000000000026,1115.0,47.0,7.0,1379.0,100.0
2023,HIGHNY-23OCT07-B68.5,74,0.07,680.0,56.0,11.0,686.0,100.0
2023,HIGHNY-23OCT07-B70.5,72,0.060000000000000026,239.0,57.0,11.0,1026.0,100.0
2023,HIGHNY-23OCT07-T64,7,0.03,0.0,6.0,175.0,1379.0,100.0
2023,HIGHNY-23OCT07-T71,31,0.97,314.0,22.0,49.0,365.0,100.0
2023,HIGHNY-23OCT08-B57.5,18,0.07,201.0,12.0,81.0,890.0,100.0
2023,HIGHNY-23OCT08-B59.5,12,0.44,82.0,10.0,59.5,1132.0,100.0
2023,HIGHNY-23OCT08-B61.5,35,0.99,82.0,13.0,49.0,344.0,100.0
2023,HIGHNY-23OCT08-B63.5,7,0.2,0.0,5.0,6.0,2339.0,100.0
2023,HIGHNY-23OCT08-T57,9,0.04,272.0,7.0,61.0,1415.0,100.0
2023,HIGHNY-23OCT08-T64,7,0.1,160.0,5.0,6.0,2594.0,100.0
2023,HIGHNY-23OCT09-B56.5,23,0.18,0.0,19.0,16.0,1147.0,100.0
2023,HIGHNY-23OCT09-B58.5,37,0.07999999999999999,2039.0,33.0,12.0,524.0,100.0
2023,HIGHNY-23OCT09-B60.5,42,0.29,1164.0,34.0,13.0,837.0,100.0
2023,HIGHNY-23OCT09-B62.5,38,0.2,4.0,31.0,23.0,836.0,100.0
2023,HIGHNY-23OCT09-T56,6,0.035,0.0,5.0,344.0,1152.0,100.0
2023,HIGHNY-23OCT09-T63,8,0.1,0.0,7.0,344.0,1091.0,100.0
2023,HIGHNY-23OCT10-B60.5,19,0.14,98.0,17.0,31.0,1027.0,100.0
2023,HIGHNY-23OCT10-B62.5,138,0.10000000000000003,2235.0,107.0,7.0,762.0,100.0
2023,HIGHNY-23OCT10-B64.5,125,0.08000000000000002,1142.0,96.0,7.5,411.0,100.0
2023,HIGHNY-23OCT10-B66.5,136,0.09999999999999999,2032.0,99.0,7.0,159.0,100.0
2023,HIGHNY-23OCT10-T60,7,0.03,0.0,6.0,175.0,1191.0,100.0
2023,HIGHNY-23OCT10-T67,18,0.09,0.0,16.0,49.0,1462.0,100.0
2023,HIGHNY-23OCT11-B63.5,34,0.14,0.0,31.0,7.0,1146.0,100.0
2023,HIGHNY-23OCT11-B65.5,59,0.43,1.0,50.0,11.0,1086.0,100.0
2023,HIGHNY-23OCT11-B67.5,76,0.07,1093.0,62.0,11.0,1086.0,100.0
2023,HIGHNY-23OCT11-B69.5,106,0.07000000000000006,1556.0,89.0,7.0,614.0,100.0
2023,HIGHNY-23OCT11-T63,10,0.03,300.0,9.0,14.0,1148.0,100.0
2023,HIGHNY-23OCT11-T70,99,0.06000000000000001,579.0,86.0,11.0,421.0,100.0
2023,HIGHNY-23OCT12-B63.5,31,0.14,0.0,25.0,15.0,1147.0,100.0
2023,HIGHNY-23OCT12-B65.5,56,0.43,0.0,45.0,19.0,1088.0,100.0
2023,HIGHNY-23OCT12-B67.5,81,0.06999999999999998,561.0,61.0,12.0,1028.0,100.0
2023,HIGHNY-23OCT12-B69.5,92,0.07000000000000006,507.0,67.0,11.0,800.0,100.0
2023,HIGHNY-23OCT12-T63,5,0.03,0.0,4.0,738.0,1207.0,100.0
2023,HIGHNY-23OCT12-T70,123,0.07999999999999997,1816.0,89.0,8.0,691.0,100.0
2023,HIGHNY-23OCT13-B60.5,19,0.13999999999999999,0.0,18.0,11.0,1027.0,100.0
2023,HIGHNY-23OCT13-B62.5,77,0.06,143.0,67.0,7.0,571.0,100.0
2023,HIGHNY-23OCT13-B64.5,78,0.06999999999999995,556.0,69.0,7.0,838.0,100.0
2023,HIGHNY-23OCT13-B66.5,74,0.060000000000000005,4.0,56.0,11.0,335.0,100.0
2023,HIGHNY-23OCT13-T60,5,0.03,0.0,4.0,716.0,1251.0,100.0
2023,HIGHNY-23OCT13-T67,5,0.039999999999999994,0.0,4.0,734.0,1215.0,100.0
2023,HIGHNY-23OCT14-B52.5,44,0.06,347.0,28.0,11.0,1379.0,100.0
2023,HIGHNY-23OCT14-B54.5,63,0.06999999999999995,348.0,50.0,11.0,1379.0,100.0
2023,HIGHNY-23OCT14-B56.5,81,0.07,594.0,64.0,9.5,755.0,100.0
2023,HIGHNY-23OCT14-B58.5,31,0.15,0.0,25.0,49.0,554.0,100.0
2023,HIGHNY-23OCT14-T52,5,0.03,0.0,4.0,651.5,1379.0,100.0
2023,HIGHNY-23OCT14-T59,5,0.039999999999999994,0.0,4.0,685.0,1312.0,100.0
2023,HIGHNY-23OCT15-B56.5,48,0.04999999999999999,110.0,44.0,15.0,1026.0,100.0
2023,HIGHNY-23OCT15-B58.5,71,0.06,129.0,63.0,7.0,860.0,100.0
2023,HIGHNY-23OCT15-B60.5,89,0.06,194.0,79.0,9.0,880.0,100.0
2023,HIGHNY-23OCT15-B62.5,62,0.05000000000000002,131.0,59.0,7.0,1007.0,100.0
2023,HIGHNY-23OCT15-T56,5,0.03,0.0,4.0,745.0,1192.0,100.0
2023,HIGHNY-23OCT15-T63,6,0.06,0.0,5.0,344.0,1196.0,100.0
2023,HIGHNY-23OCT16-B55.5,8,0.14,0.0,7.0,11.0,1304.0,100.0
2023,HIGHNY-23OCT16-B57.5,42,0.08000000000000002,1131.0,32.0,13.5,1147.0,100.0
2023,HIGHNY-23OCT16-B59.5,88,0.07,2043.0,73.0,11.0,1087.0,100.0
2023,HIGHNY-23OCT16-B61.5,94,0.06,1473.0,75.0,11.0,1023.0,100.0
2023,HIGHNY-23OCT16-T55,4,0.02,0.0,3.0,1207.0,1338.0,100.0
2023,HIGHNY-23OCT16-T62,90,0.06,771.0,73.0,7.0,1027.0,100.0
2023,HIGHNY-23OCT17-B57.5,51,0.14,0.0,45.0,10.0,1087.0,100.0
2023,HIGHNY-23OCT17-B59.5,93,0.06,665.0,81.0,6.0,1028.0,100.0
2023,HIGHNY-23OCT17-B61.5,117,0.07999999999999996,1321.0,94.0,6.0,776.0,100.0
2023,HIGHNY-23OCT17-B63.5,118,0.06,1476.0,95.0,6.0,1027.0,100.0
2023,HIGHNY-23OCT17-T57,15,0.03,0.0,12.0,7.0,1316.0,100.0
2023,HIGHNY-23OCT17-T64,86,0.91,414.0,59.0,10.0,172.0,100.0
2023,HIGHNY-23OCT18-B59.5,14,0.14,0.0,11.0,15.0,1207.0,100.0
2023,HIGHNY-23OCT18-B61.5,108,0.09999999999999998,2522.0,83.0,7.0,1026.0,100.0
2023,HIGHNY-23OCT18-B63.5,102,0.07,938.0,72.0,11.0,855.0,100.0
2023,HIGHNY-23OCT18-B65.5,129,0.07,1133.0,94.0,7.0,201.0,100.0
2023,HIGHNY-23OCT18-T59,5,0.03,0.0,4.0,708.0,1267.0,100.0
2023,HIGHNY-23OCT18-T66,8,0.09,0.0,7.0,208.0,1167.0,100.0
2023,HIGHNY-23OCT19-B63.5,97,0.10999999999999999,2472.0,75.0,8.0,849.0,100.0
2023,HIGHNY-23OCT19-B65.5,100,0.08000000000000002,1449.0,74.0,11.0,239.0,100.0
2023,HIGHNY-23OCT19-B67.5,86,0.060000000000000026,363.0,74.0,7.0,1028.0,100.0
2023,HIGHNY-23OCT19-B69.5,54,0.19,0.0,46.0,11.0,1028.0,100.0
2023,HIGHNY-23OCT19-T63,5,0.03,0.0,4.0,684.5,1312.0,100.0
2023,HIGHNY-23OCT19-T70,7,0.09,0.0,6.0,195.5,1252.0,100.0
2023,HIGHNY-23OCT20-B61.5,56,0.05000000000000002,1116.0,42.0,12.0,1027.0,100.0
2023,HIGHNY-23OCT20-B63.5,82,0.07,987.0,74.0,9.5,604.0,100.0
2023,HIGHNY-23OCT20-B65.5,71,0.07000000000000006,1333.0,63.0,11.0,882.0,100.0
2023,HIGHNY-23OCT20-B67.5,28,0.16,150.0,26.0,15.5,888.0,100.0
2023,HIGHNY-23OCT20-T61,7,0.03,0.0,6.0,229.5,1325.0,100.0
2023,HIGHNY-23OCT20-T68,4,0.09,0.0,3.0,344.0,2340.0,100.0
2023,HIGHNY-23OCT21-B59.5,44,0.1,552.0,38.0,10.0,1379.0,100.0
2023,HIGHNY-23OCT21-B61.5,97,0.07000000000000006,1916.0,82.0,11.0,666.0,100.0
2023,HIGHNY-23OCT21-B63.5,113,0.07,869.0,98.0,8.0,692.0,100.0
2023,HIGHNY-23OCT21-B65.5,62,0.15,489.0,49.0,11.0,1360.0,100.0
2023,HIGHNY-23OCT21-T59,5,0.03,0.0,4.0,651.5,1379.0,100.0
2023,HIGHNY-23OCT21-T66,4,0.09,0.0,3.0,344.0,2339.0,100.0
2023,HIGHNY-23OCT22-B53.5,65,0.06,1201.0,54.0,11.0,1295.0,100.0
2023,HIGHNY-23OCT22-B55.5,56,0.06,1115.0,47.0,11.0,1297.0,100.0
2023,HIGHNY-23OCT22-B57.5,65,0.13,1172.0,49.0,15.0,495.0,100.0
2023,HIGHNY-23OCT22-B59.5,54,0.99,4.0,35.0,35.0,595.0,100.0
2023,HIGHNY-23OCT22-T53,7,0.01,346.0,5.0,344.0,1373.0,100.0
2023,HIGHNY-23OCT22-T60,11,0.09,4.0,10.0,49.0,959.0,100.0
2023,HIGHNY-23OCT23-B54.5,38,0.16,0.0,33.0,17.0,1087.0,100.0
2023,HIGHNY-23OCT23-B56.5,61,0.39,88.0,50.0,22.5,1026.0,100.0
2023,HIGHNY-23OCT23-B58.5,82,0.08000000000000002,1195.0,69.0,11.0,667.0,100.0
2023,HIGHNY-23OCT23-B60.5,90,0.08000000000000002,1366.0,72.0,11.0,410.0,100.0
2023,HIGHNY-23OCT23-T54,9,0.03,0.0,8.0,109.0,1147.0,100.0
2023,HIGHNY-23OCT23-T61,91,0.5,921.0,73.0,11.0,335.0,100.0
2023,HIGHNY-23OCT24-B61.5,68,0.05000000000000002,5.0,63.0,11.0,1026.0,100.0
2023,HIGHNY-23OCT24-B63.5,94,0.06,649.0,86.0,11.0,668.0,100.0
2023,HIGHNY-23OCT24-B65.5,97,0.06,721.0,91.0,10.0,748.0,100.0
2023,HIGHNY-23OCT24-B67.5,27,0.18,0.0,25.0,42.0,1023.0,100.0
2023,HIGHNY-23OCT24-T61,5,0.03,0.0,4.0,716.0,1251.0,100.0
2023,HIGHNY-23OCT24-T68,12,0.08,0.0,11.0,49.0,1591.0,100.0
2023,HIGHNY-23OCT25-B65.5,44,0.14,0.0,40.0,13.5,1088.0,100.0
2023,HIGHNY-23OCT25-B67.5,76,0.35,514.0,66.0,9.5,978.0,100.0
2023,HIGHNY-23OCT25-B69.5,92,0.07000000000000002,2032.0,71.0,13.0,968.0,100.0
2023,HIGHNY-23OCT25-B71.5,106,0.06999999999999995,785.0,81.0,9.0,115.0,100.0
2023,HIGHNY-23OCT25-T65,5,0.03,0.0,4.0,716.0,1251.0,100.0
2023,HIGHNY-23OCT25-T72,129,0.07999999999999996,1200.0,104.0,10.5,426.0,100.0
2023,HIGHNY-23OCT26-B70.5,61,0.14,0.0,44.0,11.0,1148.0,100.0
2023,HIGHNY-23OCT26-B72.5,73,0.36,1246.0,56.0,7.0,1072.0,100.0
2023,HIGHNY-23OCT26-B74.5,106,0.07500000000000001,2502.0,75.0,6.0,1025.0,100.0
2023,HIGHNY-23OCT26-B76.5,115,0.06,152.0,79.0,7.0,283.0,100.0
2023,HIGHNY-23OCT26-T70,7,0.03,0.0,6.0,213.0,1254.0,100.0
2023,HIGHNY-23OCT26-T77,147,0.07000000000000003,2256.0,104.0,7.0,463.0,100.0
2023,HIGHNY-23OCT27-B71.5,42,0.14,510.0,31.0,27.0,967.0,100.0
2023,HIGHNY-23OCT27-B73.5,89,0.37,725.0,70.0,15.5,571.0,100.0
2023,HIGHNY-23OCT27-B75.5,96,0.07000000000000003,2062.0,79.0,11.0,431.0,100.0
2023,HIGHNY-23OCT27-B77.5,94,0.07000000000000006,1195.0,73.0,11.0,523.0,100.0
2023,HIGHNY-23OCT27-T71,8,0.03,21.0,5.0,120.0,1479.0,100.0
2023,HIGHNY-23OCT27-T78,81,0.08000000000000002,1727.0,61.0,11.0,595.0,100.0
2023,HIGHNY-23OCT28-B74.5,55,0.16,10.0,45.0,17.0,1088.0,100.0
2023,HIGHNY-23OCT28-B76.5,62,0.33,770.0,54.0,9.5,973.0,100.0
2023,HIGHNY-23OCT28-B78.5,74,0.07,629.0,70.0,10.5,564.0,100.0
2023,HIGHNY-23OCT28-B80.5,102,0.06999999999999995,181.0,88.0,8.0,821.0,100.0
2023,HIGHNY-23OCT28-T74,5,0.025,10.0,2.0,1342.0,1537.0,100.0
2023,HIGHNY-23OCT28-T81,68,0.94,595.0,49.0,27.0,452.0,100.0
2023,HIGHNY-23OCT29-B52.5,30,0.16,10.0,19.0,16.0,1379.0,100.0
2023,HIGHNY-23OCT29-B54.5,53,0.4,10.0,34.0,16.5,1379.0,100.0
2023,HIGHNY-23OCT29-B56.5,77,0.29,2548.0,55.0,11.0,872.0,100.0
2023,HIGHNY-23OCT29-B58.5,59,0.08,931.0,47.0,7.0,889.0,100.0
2023,HIGHNY-23OCT29-T52,7,0.03,10.0,4.0,621.0,1379.0,100.0
2023,HIGHNY-23OCT29-T59,77,0.10999999999999999,3728.0,51.0,11.0,410.0,100.0
2023,HIGHNY-23OCT30-B56.5,221,0.17,10.0,63.0,3.0,1147.0,100.0
2023,HIGHNY-23OCT30-B58.5,228,0.36,573.0,84.0,6.0,849.0,100.0
2023,HIGHNY-23OCT30-B60.5,104,0.07999999999999999,636.0,75.0,10.0,330.0,100.0
2023,HIGHNY-23OCT30-B62.5,188,0.10000000000000003,677.0,85.0,7.0,164.0,100.0
2023,HIGHNY-23OCT30-T56,5,0.025,10.0,2.0,1342.0,1356.0,100.0
2023,HIGHNY-23OCT30-T63,109,0.07999999999999999,1842.0,72.0,9.0,257.0,100.0
2023,HIGHNY-23OCT31-B47.5,26,0.06000000000000001,570.0,21.0,38.0,963.0,100.0
2023,HIGHNY-23OCT31-B49.5,56,0.06999999999999995,730.0,46.0,11.0,638.0,100.0
2023,HIGHNY-23OCT31-B51.5,60,0.060000000000000026,450.0,46.0,14.5,355.0,100.0
2023,HIGHNY-23OCT31-B53.5,55,0.09999999999999998,340.0,49.0,15.0,470.0,100.0
2023,HIGHNY-23OCT31-T47,8,0.9299999999999999,10.0,4.0,653.0,1380.0,100.0
2023,HIGHNY-23OCT31-T54,23,0.11,10.0,19.0,7.0,691.0,100.0
2023,HIGHNY-23SEP01-B73.5,50,0.045,220.0,44.0,7.5,1028.0,100.0
2023,HIGHNY-23SEP01-B75.5,85,0.06499999999999997,383.0,71.0,8.0,487.0,100.0
2023,HIGHNY-23SEP01-B77.5,99,0.07,584.0,88.0,7.0,595.0,100.0
2023,HIGHNY-23SEP01-B79.5,39,0.04999999999999999,358.0,35.0,23.0,716.0,100.0
2023,HIGHNY-23SEP01-T73,6,0.04,10.0,5.0,410.0,1087.0,100.0
2023,HIGHNY-23SEP01-T80,9,0.030000000000000006,10.0,7.0,274.0,915.0,100.0
2023,HIGHNY-23SEP02-B76.5,44,0.05000000000000002,2.0,41.0,11.0,1086.0,100.0
2023,HIGHNY-23SEP02-B78.5,79,0.06,284.0,72.0,7.0,743.0,100.0
2023,HIGHNY-23SEP02-B80.5,98,0.04999999999999999,166.0,79.0,10.0,805.0,100.0
2023,HIGHNY-23SEP02-B82.5,78,0.06,261.0,67.0,7.0,733.0,100.0
2023,HIGHNY-23SEP02-T76,7,0.03,0.0,6.0,397.0,1257.0,100.0
2023,HIGHNY-23SEP02-T83,9,0.05,14.0,8.0,209.5,950.0,100.0
2023,HIGHNY-23SEP03-B85.5,17,0.05,0.0,16.0,31.0,2018.0,100.0
2023,HIGHNY-23SEP03-B87.5,97,0.05000000000000002,132.0,84.0,7.0,735.0,100.0
2023,HIGHNY-23SEP03-B89.5,99,0.06,240.0,90.0,5.0,735.0,100.0
2023,HIGHNY-23SEP03-B91.5,91,0.060000000000000026,655.0,76.0,7.5,587.0,100.0
2023,HIGHNY-23SEP03-T85,9,0.04,0.0,8.0,95.5,2018.0,100.0
2023,HIGHNY-23SEP03-T92,30,0.18,128.0,24.0,21.5,713.0,100.0
2023,HIGHNY-23SEP04-B88.5,149,0.05999999999999997,1269.0,120.0,7.0,768.0,100.0
2023,HIGHNY-23SEP04-B90.5,127,0.06,622.0,110.0,7.0,768.0,100.0
2023,HIGHNY-23SEP04-B92.5,125,0.06,1048.0,111.0,7.0,768.0,100.0
2023,HIGHNY-23SEP04-B94.5,85,0.05000000000000002,572.0,79.0,7.0,1024.0,100.0
2023,HIGHNY-23SEP04-T88,23,0.84,29.0,17.0,15.0,1149.0,100.0
2023,HIGHNY-23SEP04-T95,10,0.025,1.0,9.0,26.0,1024.0,100.0
2023,HIGHNY-23SEP05-B87.5,10,0.14,4.0,8.0,154.0,1117.0,100.0
2023,HIGHNY-23SEP05-B89.5,83,0.06,929.0,78.0,7.0,1011.0,100.0
2023,HIGHNY-23SEP05-B91.5,74,0.04999999999999999,431.0,66.0,11.0,509.0,100.0
2023,HIGHNY-23SEP05-B93.5,125,0.06,1442.0,112.0,7.0,599.0,100.0
2023,HIGHNY-23SEP05-T87,7,0.03,10.0,6.0,524.5,801.0,100.0
2023,HIGHNY-23SEP05-T94,90,0.05000000000000001,928.0,78.0,7.0,906.0,100.0
2023,HIGHNY-23SEP06-B88.5,19,0.1,0.0,18.0,46.0,1195.0,100.0
2023,HIGHNY-23SEP06-B90.5,88,0.04999999999999999,1081.0,83.0,8.0,999.0,100.0
2023,HIGHNY-23SEP06-B92.5,117,0.06,287.0,106.0,7.0,446.0,100.0
2023,HIGHNY-23SEP06-B94.5,129,0.06,683.0,115.0,7.0,670.0,100.0
2023,HIGHNY-23SEP06-T88,9,0.03,10.0,7.0,237.0,1147.0,100.0
2023,HIGHNY-23SEP06-T95,289,0.96,911.0,73.0,7.0,218.0,100.0
2023,HIGHNY-23SEP07-B88.5,93,0.19,0.0,8.0,73.5,1878.0,100.0
2023,HIGHNY-23SEP07-B90.5,60,0.07,1270.0,54.0,7.0,1094.0,100.0
2023,HIGHNY-23SEP07-B92.5,98,0.05000000000000002,592.0,80.0,7.0,787.0,100.0
2023,HIGHNY-23SEP07-B94.5,143,0.06499999999999997,710.0,122.0,7.0,787.0,100.0
2023,HIGHNY-23SEP07-T88,6,0.03,0.0,5.0,76.0,1878.0,100.0
2023,HIGHNY-23SEP07-T95,112,0.06,2842.0,97.0,7.0,968.0,100.0
2023,HIGHNY-23SEP08-B83.5,30,0.05500000000000001,5.0,29.0,7.0,1146.0,100.0
2023,HIGHNY-23SEP08-B85.5,75,0.05000000000000002,4122.0,67.0,7.0,953.0,100.0
2023,HIGHNY-23SEP08-B87.5,103,0.06,4961.0,84.0,7.0,1086.0,100.0
2023,HIGHNY-23SEP08-B89.5,129,0.07,575.0,100.0,7.0,896.0,100.0
2023,HIGHNY-23SEP08-T83,5,0.04,0.0,4.0,657.0,1371.0,100.0
2023,HIGHNY-23SEP08-T90,52,0.53,585.0,37.0,11.0,823.0,100.0
2023,HIGHNY-23SEP09-B80.5,34,0.07,179.0,29.0,6.0,1072.0,100.0
2023,HIGHNY-23SEP09-B82.5,36,0.06,296.0,32.0,11.0,1169.0,100.0
2023,HIGHNY-23SEP09-B84.5,49,0.08000000000000002,318.0,43.0,8.0,1071.0,100.0
2023,HIGHNY-23SEP09-B86.5,46,0.1,86.0,38.0,23.0,1071.0,100.0
2023,HIGHNY-23SEP09-T80,15,0.03,86.0,13.0,49.0,1235.0,100.0
2023,HIGHNY-23SEP09-T87,24,0.98,87.0,12.0,42.0,804.0,100.0
2023,HIGHNY-23SEP10-B77.5,92,0.07,539.0,81.0,7.0,735.0,100.0
2023,HIGHNY-23SEP10-B79.5,82,0.06,173.0,76.0,11.0,575.0,100.0
2023,HIGHNY-23SEP10-B81.5,62,0.05000000000000002,397.0,58.0,11.0,495.0,100.0
2023,HIGHNY-23SEP10-B83.5,22,0.05500000000000001,285.0,21.0,19.0,899.0,100.0
2023,HIGHNY-23SEP10-T77,68,0.06,182.0,59.0,11.0,736.0,100.0
2023,HIGHNY-23SEP10-T84,7,0.03,10.0,6.0,183.0,1266.0,100.0
2023,HIGHNY-23SEP11-B77.5,83,0.06,227.0,81.0,7.0,1057.0,100.0
2023,HIGHNY-23SEP11-B79.5,96,0.04999999999999999,2491.0,85.0,7.0,1026.0,100.0
2023,HIGHNY-23SEP11-B81.5,112,0.060000000000000026,359.0,103.0,7.0,652.0,100.0
2023,HIGHNY-23SEP11-B83.5,42,0.115,355.0,35.0,11.0,805.0,100.0
2023,HIGHNY-23SEP11-T77,6,0.039999999999999994,0.0,5.0,172.0,1248.0,100.0
2023,HIGHNY-23SEP11-T84,11,0.07500000000000001,4.0,8.0,141.0,1307.0,100.0
2023,HIGHNY-23SEP12-B78.5,87,0.06,1248.0,75.0,9.0,910.0,100.0
2023,HIGHNY-23SEP12-B80.5,116,0.06,1270.0,96.0,7.0,1028.0,100.0
2023,HIGHNY-23SEP12-B82.5,119,0.04999999999999999,442.0,94.0,10.5,784.0,100.0
2023,HIGHNY-23SEP12-B84.5,101,0.05000000000000002,1959.0,88.0,10.5,666.0,100.0
2023,HIGHNY-23SEP12-T78,9,0.04,10.0,7.0,119.0,1146.0,100.0
2023,HIGHNY-23SEP12-T85,10,0.035,0.0,8.0,140.5,1146.0,100.0
2023,HIGHNY-23SEP13-B70.5,27,0.11000000000000001,250.0,26.0,9.0,1380.0,100.0
2023,HIGHNY-23SEP13-B72.5,72,0.06,366.0,70.0,7.0,1288.0,100.0
2023,HIGHNY-23SEP13-B74.5,108,0.050000000000000044,516.0,98.0,10.0,1148.0,100.0
2023,HIGHNY-23SEP13-B76.5,130,0.07999999999999996,1943.0,112.0,7.0,876.0,100.0
2023,HIGHNY-23SEP13-T70,6,0.03,0.0,5.0,257.0,1886.0,100.0
2023,HIGHNY-23SEP13-T77,92,0.095,967.0,73.0,8.0,879.0,100.0
2023,HIGHNY-23SEP14-B70.5,18,0.15500000000000003,0.0,16.0,21.0,1147.0,100.0
2023,HIGHNY-23SEP14-B72.5,71,0.06,646.0,68.0,10.0,622.0,100.0
2023,HIGHNY-23SEP14-B74.5,100,0.06,485.0,89.0,10.0,835.0,100.0
2023,HIGHNY-23SEP14-B76.5,107,0.06999999999999995,676.0,93.0,7.0,816.0,100.0
2023,HIGHNY-23SEP14-T70,6,0.015,0.0,5.0,136.0,2218.0,100.0
2023,HIGHNY-23SEP14-T77,83,0.03,661.0,68.0,7.0,822.0,100.0
2023,HIGHNY-23SEP15-B69.5,90,0.07,554.0,77.0,8.0,885.0,100.0
2023,HIGHNY-23SEP15-B71.5,73,0.06,31.0,63.0,11.0,718.0,100.0
2023,HIGHNY-23SEP15-B73.5,70,0.07,847.0,58.0,11.0,1021.0,100.0
2023,HIGHNY-23SEP15-B75.5,32,0.1,581.0,28.0,7.0,1103.0,100.0
2023,HIGHNY-23SEP15-T69,19,0.715,20.0,15.0,25.0,1027.0,100.0
2023,HIGHNY-23SEP15-T76,10,0.08,0.0,9.0,7.0,1352.0,100.0
2023,HIGHNY-23SEP16-B72.5,75,0.06,984.0,69.0,9.0,1177.0,100.0
2023,HIGHNY-23SEP16-B74.5,101,0.07,585.0,89.0,7.0,359.0,100.0
2023,HIGHNY-23SEP16-B76.5,95,0.06,257.0,86.0,8.0,1023.0,100.0
2023,HIGHNY-23SEP16-B78.5,60,0.06000000000000001,91.0,58.0,8.0,1346.0,100.0
2023,HIGHNY-23SEP16-T72,14,0.019999999999999997,144.0,10.0,124.5,1297.0,100.0
2023,HIGHNY-23SEP16-T79,9,0.04,0.0,6.0,251.0,1630.0,100.0
2023,HIGHNY-23SEP17-B73.5,9,0.1,0.0,7.0,16.0,1304.0,100.0
2023,HIGHNY-23SEP17-B75.5,67,0.06,422.0,58.0,10.0,1027.0,100.0
2023,HIGHNY-23SEP17-B77.5,68,0.06,14.0,62.0,11.0,721.0,100.0
2023,HIGHNY-23SEP17-B79.5,51,0.04999999999999999,531.0,44.0,17.0,721.0,100.0
2023,HIGHNY-23SEP17-T73,3,0.01,0.0,2.0,1345.0,1544.0,100.0
2023,HIGHNY-23SEP17-T80,6,0.065,0.0,5.0,369.0,1584.0,100.0
2023,HIGHNY-23SEP18-B68.5,59,0.07,206.0,50.0,11.0,837.0,100.0
2023,HIGHNY-23SEP18-B70.5,41,0.07,264.0,40.0,10.0,847.0,100.0
2023,HIGHNY-23SEP18-B72.5,26,0.39,99.0,18.0,28.5,907.0,100.0
2023,HIGHNY-23SEP18-B74.5,6,0.03,0.0,3.0,918.0,1191.0,100.0
2023,HIGHNY-23SEP18-T68,63,0.06,271.0,55.0,7.0,954.0,100.0
2023,HIGHNY-23SEP18-T75,8,0.08,0.0,5.0,353.0,918.0,100.0
2023,HIGHNY-23SEP19-B70.5,73,0.07,1511.0,66.0,11.0,1021.0,100.0
2023,HIGHNY-23SEP19-B72.5,67,0.06,238.0,56.0,15.0,520.0,100.0
2023,HIGHNY-23SEP19-B74.5,57,0.06,322.0,50.0,15.0,701.0,100.0
2023,HIGHNY-23SEP19-B76.5,33,0.19,27.0,27.0,23.0,701.0,100.0
2023,HIGHNY-23SEP19-T70,15,0.03,10.0,10.0,82.5,1087.0,100.0
2023,HIGHNY-23SEP19-T77,9,0.06999999999999999,0.0,6.0,400.0,1086.0,100.0
2023,HIGHNY-23SEP20-B70.5,46,0.26,503.0,37.0,18.0,1028.0,100.0
2023,HIGHNY-23SEP20-B72.5,82,0.06999999999999998,2076.0,66.0,11.0,667.0,100.0
2023,HIGHNY-23SEP20-B74.5,107,0.065,412.0,91.0,11.0,708.0,100.0
2023,HIGHNY-23SEP20-B76.5,86,0.06,485.0,65.0,11.0,708.0,100.0
2023,HIGHNY-23SEP20-T70,8,0.019999999999999997,5.0,7.0,232.0,1147.0,100.0
2023,HIGHNY-23SEP20-T77,29,0.97,10.0,20.0,8.0,1214.0,100.0
2023,HIGHNY-23SEP21-B69.5,62,0.06,682.0,56.0,12.0,1027.0,100.0
2023,HIGHNY-23SEP21-B71.5,83,0.07,524.0,75.0,11.0,577.0,100.0
2023,HIGHNY-23SEP21-B73.5,60,0.06,740.0,54.0,16.5,577.0,100.0
2023,HIGHNY-23SEP21-B75.5,33,0.05000000000000002,109.0,30.0,12.0,607.0,100.0
2023,HIGHNY-23SEP21-T69,19,0.98,0.0,16.0,34.0,1104.0,100.0
2023,HIGHNY-23SEP21-T76,32,0.36,5.0,27.0,31.0,1055.0,100.0
2023,HIGHNY-23SEP22-B67.5,37,0.12,4.0,30.0,8.0,1087.0,100.0
2023,HIGHNY-23SEP22-B69.5,79,0.06,1515.0,67.0,11.0,690.0,100.0
2023,HIGHNY-23SEP22-B71.5,77,0.06999999999999995,42.0,65.0,9.0,689.0,100.0
2023,HIGHNY-23SEP22-B73.5,82,0.06,792.0,69.0,11.0,844.0,100.0
2023,HIGHNY-23SEP22-T67,9,0.03,5.0,8.0,226.0,1207.0,100.0
2023,HIGHNY-23SEP22-T74,10,0.05,2.0,9.0,39.0,1101.0,100.0
2023,HIGHNY-23SEP23-B56.5,27,0.2,10.0,25.0,11.0,1379.0,100.0
2023,HIGHNY-23SEP23-B58.5,66,0.06999999999999999,680.0,62.0,7.0,1379.0,100.0
2023,HIGHNY-23SEP23-B60.5,61,0.07,471.0,57.0,11.0,1379.0,100.0
2023,HIGHNY-23SEP23-B62.5,74,0.06,689.0,64.0,11.0,629.0,100.0
2023,HIGHNY-23SEP23-T56,9,0.03,10.0,8.0,74.0,1379.0,100.0
2023,HIGHNY-23SEP23-T63,64,0.9299999999999999,334.0,59.0,31.0,569.0,100.0
2023,HIGHNY-23SEP24-B61.5,38,0.06,565.0,33.0,21.0,1304.0,100.0
2023,HIGHNY-23SEP24-B63.5,58,0.06,1268.0,54.0,15.5,490.0,100.0
2023,HIGHNY-23SEP24-B65.5,78,0.07000000000000002,325.0,68.0,11.5,581.0,100.0
2023,HIGHNY-23SEP24-B67.5,54,0.9299999999999999,267.0,46.0,22.0,676.0,100.0
2023,HIGHNY-23SEP24-T61,8,0.04,0.0,6.0,50.5,1380.0,100.0
2023,HIGHNY-23SEP24-T68,10,0.09000000000000001,100.0,8.0,123.5,1243.0,100.0
2023,HIGHNY-23SEP25-B59.5,39,0.06000000000000002,462.0,35.0,11.0,1380.0,100.0
2023,HIGHNY-23SEP25-B61.5,64,0.06000000000000005,6644.0,58.0,7.0,532.0,100.0
2023,HIGHNY-23SEP25-B63.5,54,0.06,11675.0,49.0,11.0,422.0,100.0
2023,HIGHNY-23SEP25-B65.5,52,0.15500000000000003,765.0,48.0,19.0,425.0,100.0
2023,HIGHNY-23SEP25-T59,11,0.03,21.0,10.0,45.0,1380.0,100.0
2023,HIGHNY-23SEP25-T66,28,0.23,755.0,24.0,57.5,425.0,100.0
2023,HIGHNY-23SEP26-B58.5,63,0.06,922.0,57.0,11.0,1046.0,100.0
2023,HIGHNY-23SEP26-B60.5,84,0.06,95.0,68.0,11.0,179.0,100.0
2023,HIGHNY-23SEP26-B62.5,75,0.07,1002.0,69.0,11.0,635.0,100.0
2023,HIGHNY-23SEP26-B64.5,17,0.16,203.0,16.0,24.0,915.0,100.0
2023,HIGHNY-23SEP26-T58,9,0.04,0.0,8.0,96.5,1380.0,100.0
2023,HIGHNY-23SEP26-T65,9,0.1,10.0,8.0,138.5,1105.0,100.0
2023,HIGHNY-23SEP27-B60.5,11,0.23,0.0,10.0,62.0,1095.0,100.0
2023,HIGHNY-23SEP27-B62.5,54,0.05000000000000002,4.0,51.0,11.0,1027.0,100.0
2023,HIGHNY-23SEP27-B64.5,86,0.06,369.0,76.0,10.5,969.0,100.0
2023,HIGHNY-23SEP27-B66.5,107,0.07,378.0,92.0,11.0,448.0,100.0
2023,HIGHNY-23SEP27-T60,8,0.035,0.0,7.0,56.0,1148.0,100.0
2023,HIGHNY-23SEP27-T67,97,0.06,17.0,82.0,11.0,191.0,100.0
2023,HIGHNY-23SEP28-B62.5,89,0.07,484.0,80.0,9.5,886.0,100.0
2023,HIGHNY-23SEP28-B64.5,95,0.06,109.0,88.0,7.0,720.0,100.0
2023,HIGHNY-23SEP28-B66.5,58,0.05500000000000001,409.0,57.0,12.0,819.0,100.0
2023,HIGHNY-23SEP28-B68.5,27,0.18,8.0,26.0,49.0,1721.0,100.0
2023,HIGHNY-23SEP28-T62,36,0.96,152.0,25.0,21.0,986.0,100.0
2023,HIGHNY-23SEP28-T69,46,0.99,11.0,28.0,41.5,555.0,100.0
2023,HIGHNY-23SEP29-B61.5,72,0.06,3097.0,63.0,7.0,467.0,100.0
2023,HIGHNY-23SEP29-B63.5,80,0.43,112.0,53.0,11.0,830.0,100.0
2023,HIGHNY-23SEP29-B65.5,108,0.07500000000000001,62.0,74.0,7.0,900.0,100.0
2023,HIGHNY-23SEP29-B67.5,10,0.19,0.0,9.0,8.0,1441.0,100.0
2023,HIGHNY-23SEP29-T61,51,0.09,211.0,44.0,11.0,639.0,100.0
2023,HIGHNY-23SEP29-T68,6,0.1,10.0,5.0,6.0,2674.0,100.0
2023,HIGHNY-23SEP30-B62.5,91,0.09999999999999999,580.0,82.0,11.0,933.0,100.0
2023,HIGHNY-23SEP30-B64.5,83,0.06,332.0,70.0,11.0,846.0,100.0
2023,HIGHNY-23SEP30-B66.5,108,0.06,629.0,96.0,7.5,431.0,100.0
2023,HIGHNY-23SEP30-B68.5,16,0.2,156.0,9.0,82.0,1159.0,100.0
2023,HIGHNY-23SEP30-T62,58,0.10999999999999999,271.0,40.0,11.0,1026.0,100.0
2023,HIGHNY-23SEP30-T69,7,0.1,0.0,2.0,1342.5,2684.0,100.0
2024,HIGHNY-24APR01-B48.5,13,0.09,0.0,12.0,13.5,1439.0,100.0
2024,HIGHNY-24APR01-B50.5,38,0.9199999999999999,378.0,27.0,26.0,1058.0,100.0
2024,HIGHNY-24APR01-B52.5,101,0.06000000000000001,3275.0,88.0,9.0,894.0,100.0
2024,HIGHNY-24APR01-B54.5,159,0.07,967.0,138.0,8.0,725.0,100.0
2024,HIGHNY-24APR01-T48,3,0.01,0.0,2.0,1370.0,1439.0,100.0
2024,HIGHNY-24APR01-T55,130,0.07,1230.0,108.0,8.5,725.0,100.0
2024,HIGHNY-24APR02-B45.5,42,0.13,332.0,36.0,11.0,768.0,100.0
2024,HIGHNY-24APR02-B47.5,28,0.12000000000000001,2216.0,23.0,47.0,728.0,100.0
2024,HIGHNY-24APR02-B49.5,94,0.06500000000000002,8004.0,78.0,11.0,447.0,100.0
2024,HIGHNY-24APR02-B51.5,108,0.06499999999999997,1047.0,91.0,11.0,448.0,100.0
2024,HIGHNY-24APR02-T45,8,0.065,19.0,6.0,105.5,2118.0,100.0
2024,HIGHNY-24APR02-T52,105,0.07,1834.0,87.0,11.0,625.0,100.0
2024,HIGHNY-24APR03-B44.5,128,0.18,2888.0,115.0,9.0,443.0,100.0
2024,HIGHNY-24APR03-B46.5,179,0.08000000000000004,1110.0,140.0,7.5,421.0,100.0
2024,HIGHNY-24APR03-B48.5,130,0.06,772.0,111.0,10.0,443.0,100.0
2024,HIGHNY-24APR03-B50.5,47,0.06,207.0,44.0,11.0,460.0,100.0
2024,HIGHNY-24APR03-T44,12,0.025,649.0,11.0,165.0,885.0,100.0
2024,HIGHNY-24APR03-T51,10,0.425,0.0,9.0,165.0,904.0,100.0
2024,HIGHNY-24APR04-B47.5,114,0.07,3303.0,94.0,10.0,897.0,100.0
2024,HIGHNY-24APR04-B49.5,117,0.06,5147.0,96.0,7.0,738.0,100.0
2024,HIGHNY-24APR04-B51.5,125,0.07,4813.0,105.0,8.0,633.0,100.0
2024,HIGHNY-24APR04-B53.5,84,0.2,962.0,65.0,10.0,540.0,100.0
2024,HIGHNY-24APR04-T47,28,0.14,1110.0,22.0,25.0,890.0,100.0
2024,HIGHNY-24APR04-T54,86,0.38,200.0,67.0,13.0,633.0,100.0
2024,HIGHNY-24APR05-B47.5,96,0.06000000000000001,1994.0,69.0,7.0,615.0,100.0
2024,HIGHNY-24APR05-B49.5,372,0.61,2375.0,131.0,3.0,531.0,100.0
2024,HIGHNY-24APR05-B51.5,290,0.71,1099.0,105.0,3.0,530.0,100.0
2024,HIGHNY-24APR05-B53.5,232,0.31,1049.0,83.0,2.0,578.0,100.0
2024,HIGHNY-24APR05-T47,23,0.060000000000000005,126.0,18.0,25.5,1139.0,100.0
2024,HIGHNY-24APR05-T54,166,0.08,416.0,70.0,4.0,639.0,100.0
2024,HIGHNY-24APR06-B49.5,55,0.06,757.0,49.0,8.0,940.0,100.0
2024,HIGHNY-24APR06-B51.5,191,0.07,4983.0,155.0,2.0,940.0,100.0
2024,HIGHNY-24APR06-B53.5,220,0.07500000000000004,1040.0,187.0,3.0,598.0,100.0
2024,HIGHNY-24APR06-B55.5,268,0.30000000000000004,2137.0,156.0,3.0,636.0,100.0
2024,HIGHNY-24APR06-T49,13,0.13,105.0,12.0,30.5,1212.0,100.0
2024,HIGHNY-24APR06-T56,19,0.06000000000000001,602.0,16.0,37.5,1124.0,100.0
2024,HIGHNY-24APR07-B51.5,210,0.18,100.0,38.0,11.0,1146.0,100.0
2024,HIGHNY-24APR07-B53.5,160,0.3,37.0,63.0,6.0,1133.0,100.0
2024,HIGHNY-24APR07-B55.5,145,0.07,1080.0,83.0,4.0,1035.0,100.0
2024,HIGHNY-24APR07-B57.5,140,0.07000000000000006,2045.0,79.0,4.0,512.0,100.0
2024,HIGHNY-24APR07-T51,156,0.59,20.0,20.0,49.0,1134.0,100.0
2024,HIGHNY-24APR07-T58,143,0.21,2093.0,44.0,11.0,864.0,100.0
2024,HIGHNY-24APR08-B60.5,398,0.14,13.0,103.0,1.0,1086.0,100.0
2024,HIGHNY-24APR08-B62.5,100,0.060000000000000026,2603.0,78.0,9.0,843.0,100.0
2024,HIGHNY-24APR08-B64.5,252,0.67,14416.0,107.0,5.0,613.0,100.0
2024,HIGHNY-24APR08-B66.5,230,0.6399999999999999,1983.0,115.0,5.0,488.0,100.0
2024,HIGHNY-24APR08-T60,384,0.08499999999999999,0.0,93.0,1.0,1146.0,100.0
2024,HIGHNY-24APR08-T67,137,0.26,1483.0,72.0,12.0,488.0,100.0
2024,HIGHNY-24APR09-B68.5,30,0.22,120.0,27.0,13.0,786.0,100.0
2024,HIGHNY-24APR09-B70.5,321,0.19,28.0,79.0,2.0,1087.0,100.0
2024,HIGHNY-24APR09-B72.5,85,0.06,451.0,74.0,9.0,578.0,100.0
2024,HIGHNY-24APR09-B74.5,118,0.06,279.0,91.0,7.0,992.0,100.0
2024,HIGHNY-24APR09-T68,23,0.13,29.0,18.0,30.5,1147.0,100.0
2024,HIGHNY-24APR09-T75,109,0.06000000000000005,2155.0,85.0,6.0,517.0,100.0
2024,HIGHNY-24APR10-B56.5,108,0.08,264.0,52.0,3.5,1368.0,100.0
2024,HIGHNY-24APR10-B58.5,158,0.12,1543.0,102.0,3.5,1368.0,100.0
2024,HIGHNY-24APR10-B60.5,258,0.2,1789.0,115.0,3.0,828.0,100.0
2024,HIGHNY-24APR10-B62.5,309,0.08000000000000002,1435.0,146.0,3.0,828.0,100.0
2024,HIGHNY-24APR10-T56,133,0.08,205.0,46.0,3.0,1379.0,100.0
2024,HIGHNY-24APR10-T63,309,0.14,2968.0,142.0,3.0,475.0,100.0
2024,HIGHNY-24APR11-B60.5,360,0.21,113.0,104.0,3.0,636.0,100.0
2024,HIGHNY-24APR11-B62.5,143,0.07,826.0,117.0,8.0,546.0,100.0
2024,HIGHNY-24APR11-B64.5,518,0.91,1109.0,174.0,3.0,540.0,100.0
2024,HIGHNY-24APR11-B66.5,491,0.92,2226.0,159.0,3.0,548.0,100.0
2024,HIGHNY-24APR11-T60,208,0.11,218.0,47.0,3.0,823.0,100.0
2024,HIGHNY-24APR11-T67,146,0.21,1015.0,77.0,9.0,745.0,100.0
2024,HIGHNY-24APR12-B62.5,199,0.6300000000000001,1559.0,103.0,7.0,578.0,100.0
2024,HIGHNY-24APR12-B64.5,287,0.8500000000000001,669.0,127.0,3.0,604.0,100.0
2024,HIGHNY-24APR12-B66.5,92,0.07,1804.0,79.0,4.0,603.0,100.0
2024,HIGHNY-24APR12-B68.5,68,0.07999999999999999,582.0,61.0,3.0,603.0,100.0
2024,HIGHNY-24APR12-T62,27,0.1,84.0,25.0,37.0,786.0,100.0
2024,HIGHNY-24APR12-T69,260,0.28,2.0,23.0,7.0,603.0,100.0
2024,HIGHNY-24APR13-B52.5,73,0.13,8324.0,40.0,2.0,556.0,100.0
2024,HIGHNY-24APR13-B54.5,211,0.61,3172.0,36.0,10.0,603.0,100.0
2024,HIGHNY-24APR13-B56.5,393,0.5499999999999999,295.0,111.0,5.0,556.0,100.0
2024,HIGHNY-24APR13-B58.5,165,0.09000000000000001,1147.0,112.0,11.0,596.0,100.0
2024,HIGHNY-24APR13-T52,86,0.09000000000000001,0.0,26.0,1.0,1379.0,100.0
2024,HIGHNY-24APR13-T59,286,0.38,643.0,190.0,2.0,596.0,100.0
2024,HIGHNY-24APR14-B65.5,439,0.21,111.0,35.0,1.0,547.0,100.0
2024,HIGHNY-24APR14-B67.5,391,0.19,166.0,51.0,2.0,547.0,100.0
2024,HIGHNY-24APR14-B69.5,185,0.09,1948.0,98.0,3.0,547.0,100.0
2024,HIGHNY-24APR14-B71.5,214,0.11999999999999997,1485.0,103.0,3.0,547.0,100.0
2024,HIGHNY-24APR14-T65,12,0.12,957.0,11.0,202.0,660.0,100.0
2024,HIGHNY-24APR14-T72,222,0.29,3016.0,113.0,3.0,465.0,100.0
2024,HIGHNY-24APR15-B68.5,125,0.12,0.0,61.0,3.0,1208.0,100.0
2024,HIGHNY-24APR15-B70.5,147,0.19999999999999998,8.0,63.0,3.0,1208.0,100.0
2024,HIGHNY-24APR15-B72.5,91,0.18,9.0,54.0,3.0,1208.0,100.0
2024,HIGHNY-24APR15-B74.5,380,0.73,84.0,48.0,3.0,1196.0,100.0
2024,HIGHNY-24APR15-T68,59,0.08,0.0,29.0,8.0,1267.0,100.0
2024,HIGHNY-24APR15-T75,59,0.07999999999999996,1624.0,50.0,8.0,511.0,100.0
2024,HIGHNY-24APR16-B66.5,555,0.21,28.0,62.0,1.0,1086.0,100.0
2024,HIGHNY-24APR16-B68.5,533,0.51,129.0,46.0,1.0,1004.0,100.0
2024,HIGHNY-24APR16-B70.5,264,0.72,1911.0,121.0,3.0,481.0,100.0
2024,HIGHNY-24APR16-B72.5,358,0.77,2171.0,147.0,3.0,629.0,100.0
2024,HIGHNY-24APR16-T66,119,0.11,0.0,20.0,4.0,1146.0,100.0
2024,HIGHNY-24APR16-T73,400,0.6599999999999999,2681.0,131.0,4.0,421.0,100.0
2024,HIGHNY-24APR17-B57.5,332,0.19999999999999998,109.0,134.0,1.0,952.0,100.0
2024,HIGHNY-24APR17-B59.5,95,0.06,1148.0,81.0,6.0,1162.0,100.0
2024,HIGHNY-24APR17-B61.5,368,0.7,531.0,178.0,3.0,436.0,100.0
2024,HIGHNY-24APR17-B63.5,416,0.71,664.0,170.0,1.0,807.0,100.0
2024,HIGHNY-24APR17-T57,80,0.11,27.0,37.0,3.0,1266.0,100.0
2024,HIGHNY-24APR17-T64,381,0.74,1469.0,198.0,1.0,756.0,100.0
2024,HIGHNY-24APR18-B49.5,218,0.19999999999999996,1691.0,124.0,6.0,585.0,100.0
2024,HIGHNY-24APR18-B51.5,253,0.10999999999999999,864.0,136.0,7.0,585.0,100.0
2024,HIGHNY-24APR18-B53.5,162,0.09000000000000001,2509.0,111.0,6.0,586.0,100.0
2024,HIGHNY-24APR18-B55.5,101,0.14,1028.0,79.0,5.0,586.0,100.0
2024,HIGHNY-24APR18-T49,47,0.095,9400.0,37.0,18.0,897.0,100.0
2024,HIGHNY-24APR18-T56,826,0.37,25.0,251.0,1.0,586.0,100.0
2024,HIGHNY-24APR19-B54.5,233,0.18000000000000002,338.0,91.0,1.0,1173.0,100.0
2024,HIGHNY-24APR19-B56.5,114,0.07,1773.0,91.0,3.0,429.0,100.0
2024,HIGHNY-24APR19-B58.5,165,0.08,839.0,101.0,3.0,997.0,100.0
2024,HIGHNY-24APR19-B60.5,367,0.74,473.0,172.0,1.0,531.0,100.0
2024,HIGHNY-24APR19-T54,11,0.09,24.0,9.0,123.0,1040.0,100.0
2024,HIGHNY-24APR19-T61,267,0.38,708.0,103.0,3.0,844.0,100.0
2024,HIGHNY-24APR20-B64.5,107,0.06,1009.0,86.0,6.5,710.0,100.0
2024,HIGHNY-24APR20-B66.5,203,0.06,3056.0,122.0,4.5,832.0,100.0
2024,HIGHNY-24APR20-B68.5,151,0.06999999999999998,4096.0,110.0,5.5,844.0,100.0
2024,HIGHNY-24APR20-B70.5,338,0.54,1510.0,202.0,2.0,663.0,100.0
2024,HIGHNY-24APR20-T64,173,0.07,0.0,49.0,1.0,1086.0,100.0
2024,HIGHNY-24APR20-T71,369,0.31,270.0,212.0,2.0,663.0,100.0
2024,HIGHNY-24APR21-B56.5,134,0.06,1296.0,108.0,4.5,516.0,100.0
2024,HIGHNY-24APR21-B58.5,285,0.6000000000000001,993.0,199.0,1.0,625.0,100.0
2024,HIGHNY-24APR21-B60.5,100,0.06,2312.0,73.0,7.0,516.0,100.0
2024,HIGHNY-24APR21-B62.5,77,0.18,2014.0,56.0,7.0,878.0,100.0
2024,HIGHNY-24APR21-T56,88,0.07,755.0,74.0,5.0,887.0,100.0
2024,HIGHNY-24APR21-T63,105,0.39999999999999997,1622.0,68.0,4.0,635.0,100.0
2024,HIGHNY-24APR22-B58.5,157,0.17,625.0,93.0,1.0,1047.0,100.0
2024,HIGHNY-24APR22-B60.5,188,0.06999999999999995,2505.0,144.0,3.0,767.0,100.0
2024,HIGHNY-24APR22-B62.5,234,0.31999999999999995,2719.0,180.0,2.0,487.0,100.0
2024,HIGHNY-24APR22-B64.5,231,0.16500000000000004,1586.0,161.0,3.0,676.0,100.0
2024,HIGHNY-24APR22-T58,111,0.1,0.0,23.0,3.0,1148.0,100.0
2024,HIGHNY-24APR22-T65,362,0.17,1958.0,128.0,3.0,770.0,100.0
2024,HIGHNY-24APR23-B59.5,391,0.15,306.0,44.0,7.0,1045.0,100.0
2024,HIGHNY-24APR23-B61.5,94,0.05000000000000002,1584.0,83.0,7.0,1057.0,100.0
2024,HIGHNY-24APR23-B63.5,247,0.67,845.0,167.0,3.0,615.0,100.0
2024,HIGHNY-24APR23-B65.5,320,0.7,1518.0,189.0,1.0,614.0,100.0
2024,HIGHNY-24APR23-T59,68,0.11,935.0,15.0,22.0,775.0,100.0
2024,HIGHNY-24APR23-T66,230,0.13,824.0,75.0,2.0,614.0,100.0
2024,HIGHNY-24APR24-B61.5,286,0.2,0.0,34.0,3.0,1206.0,100.0
2024,HIGHNY-24APR24-B63.5,225,0.14,0.0,30.0,5.5,1146.0,100.0
2024,HIGHNY-24APR24-B65.5,67,0.11,90.0,63.0,6.0,1146.0,100.0
2024,HIGHNY-24APR24-B67.5,156,0.18,527.0,92.0,3.0,1086.0,100.0
2024,HIGHNY-24APR24-T61,253,0.11,46.0,30.0,1.0,761.0,100.0
2024,HIGHNY-24APR24-T68,99,0.07,1440.0,86.0,4.5,1086.0,100.0
2024,HIGHNY-24APR25-B53.5,327,0.14,135.0,174.0,1.0,712.0,100.0
2024,HIGHNY-24APR25-B55.5,215,0.43000000000000005,879.0,145.0,2.0,712.0,100.0
2024,HIGHNY-24APR25-B57.5,163,0.06,7722.0,134.0,3.0,968.0,100.0
2024,HIGHNY-24APR25-B59.5,137,0.07,705.0,116.0,3.0,688.0,100.0
2024,HIGHNY-24APR25-T53,159,0.11,93.0,35.0,1.0,713.0,100.0
2024,HIGHNY-24APR25-T60,126,0.07,1443.0,104.0,3.0,688.0,100.0
2024,HIGHNY-24APR26-B56.5,204,0.19,937.0,52.0,1.0,973.0,100.0
2024,HIGHNY-24APR26-B58.5,46,0.04999999999999999,6321.0,32.0,17.0,959.0,100.0
2024,HIGHNY-24APR26-B60.5,52,0.06,1017.0,38.0,11.0,1086.0,100.0
2024,HIGHNY-24APR26-B62.5,63,0.07,1525.0,43.0,10.0,758.0,100.0
2024,HIGHNY-24APR26-T56,17,0.10500000000000001,0.0,7.0,225.0,1146.0,100.0
2024,HIGHNY-24APR26-T63,64,0.06,1628.0,45.0,11.0,1010.0,100.0
2024,HIGHNY-24APR27-B57.5,80,0.185,187.0,17.0,26.0,1148.0,100.0
2024,HIGHNY-24APR27-B59.5,98,0.06000000000000001,10712.0,82.0,3.0,639.0,100.0
2024,HIGHNY-24APR27-B61.5,129,0.06999999999999995,3658.0,108.0,3.0,686.0,100.0
2024,HIGHNY-24APR27-B63.5,123,0.15,1070.0,103.0,3.0,833.0,100.0
2024,HIGHNY-24APR27-T57,16,0.09,11.0,13.0,133.0,629.0,100.0
2024,HIGHNY-24APR27-T64,139,0.09000000000000001,1735.0,111.0,3.0,686.0,100.0
2024,HIGHNY-24APR28-B72.5,74,0.09,823.0,59.0,6.0,925.0,100.0
2024,HIGHNY-24APR28-B74.5,118,0.05000000000000002,795.0,102.0,4.0,963.0,100.0
2024,HIGHNY-24APR28-B76.5,126,0.06,406.0,109.0,3.0,906.0,100.0
2024,HIGHNY-24APR28-B78.5,142,0.06,630.0,114.0,4.0,648.0,100.0
2024,HIGHNY-24APR28-T72,34,0.11,299.0,11.0,113.0,1027.0,100.0
2024,HIGHNY-24APR28-T79,165,0.18,113.0,63.0,4.0,750.0,100.0
2024,HIGHNY-24APR29-B81.5,354,0.16,2778.0,170.0,1.0,1020.0,100.0
2024,HIGHNY-24APR29-B83.5,420,0.16000000000000003,1216.0,178.0,1.0,546.0,100.0
2024,HIGHNY-24APR29-B85.5,293,0.28,1611.0,64.0,3.0,1069.0,100.0
2024,HIGHNY-24APR29-B87.5,167,0.33999999999999997,920.0,77.0,7.0,556.0,100.0
2024,HIGHNY-24APR29-T81,82,0.04999999999999999,1701.0,62.0,4.0,1114.0,100.0
2024,HIGHNY-24APR29-T88,103,0.2,1523.0,80.0,6.0,662.0,100.0
2024,HIGHNY-24APR30-B67.5,264,0.5800000000000001,2383.0,102.0,3.0,463.0,100.0
2024,HIGHNY-24APR30-B69.5,110,0.07999999999999997,998.0,90.0,3.0,596.0,100.0
2024,HIGHNY-24APR30-B71.5,62,0.06,1099.0,47.0,6.0,1214.0,100.0
2024,HIGHNY-24APR30-B73.5,248,0.22,314.0,72.0,2.5,738.0,100.0
2024,HIGHNY-24APR30-T67,137,0.06999999999999995,2226.0,110.0,4.0,449.0,100.0
2024,HIGHNY-24APR30-T74,35,0.04,296.0,29.0,9.0,837.0,100.0
2024,HIGHNY-24AUG01-B89.5,44,0.065,131.0,34.0,3.5,1228.0,100.0
2024,HIGHNY-24AUG01-B91.5,147,0.05000000000000002,1700.0,108.0,4.0,629.0,100.0
2024,HIGHNY-24AUG01-B93.5,222,0.04999999999999999,5397.0,135.0,4.0,666.0,100.0
2024,HIGHNY-24AUG01-B95.5,231,0.08000000000000002,6043.0,156.0,3.0,584.0,100.0
2024,HIGHNY-24AUG01-T89,23,0.02,517.0,20.0,25.0,845.0,100.0
2024,HIGHNY-24AUG01-T96,91,0.07,2797.0,70.0,13.0,740.0,100.0
2024,HIGHNY-24AUG02-B86.5,402,0.12000000000000001,50.0,43.0,3.0,1206.0,100.0
2024,HIGHNY-24AUG02-B88.5,118,0.06000000000000001,300.0,90.0,4.0,1206.0,100.0
2024,HIGHNY-24AUG02-B90.5,139,0.04999999999999999,2464.0,96.0,3.0,494.0,100.0
2024,HIGHNY-24AUG02-B92.5,188,0.04999999999999999,2783.0,117.0,6.0,491.0,100.0
2024,HIGHNY-24AUG02-T86,38,0.175,50.0,11.0,18.0,1354.0,100.0
2024,HIGHNY-24AUG02-T93,197,0.05000000000000002,4008.0,131.0,4.0,558.0,100.0
2024,HIGHNY-24AUG03-B84.5,832,0.15,517.0,22.0,9.0,694.0,100.0
2024,HIGHNY-24AUG03-B86.5,300,0.24,578.0,77.0,6.0,1147.0,100.0
2024,HIGHNY-24AUG03-B88.5,206,0.08,1445.0,112.0,3.0,982.0,100.0
2024,HIGHNY-24AUG03-B90.5,235,0.07000000000000006,17642.0,141.0,3.0,593.0,100.0
2024,HIGHNY-24AUG03-T84,17,0.04,1452.0,12.0,159.5,588.0,100.0
2024,HIGHNY-24AUG03-T91,259,0.06,4698.0,143.0,3.0,566.0,100.0
2024,HIGHNY-24AUG04-B78.5,187,0.18,351.0,17.0,11.0,1026.0,100.0
2024,HIGHNY-24AUG04-B80.5,239,0.33,1145.0,62.0,6.5,904.0,100.0
2024,HIGHNY-24AUG04-B82.5,224,0.07999999999999996,2659.0,135.0,3.0,568.0,100.0
2024,HIGHNY-24AUG04-B84.5,373,0.19000000000000003,2605.0,125.0,3.0,454.0,100.0
2024,HIGHNY-24AUG04-T78,9,0.03,50.0,7.0,27.0,1343.0,100.0
2024,HIGHNY-24AUG04-T85,208,0.10999999999999999,1919.0,109.0,3.0,916.0,100.0
2024,HIGHNY-24AUG05-B88.5,303,0.1,1214.0,86.0,3.5,1026.0,100.0
2024,HIGHNY-24AUG05-B90.5,315,0.14,2214.0,119.0,4.0,535.0,100.0
2024,HIGHNY-24AUG05-B92.5,228,0.060000000000000026,1555.0,111.0,4.0,847.0,100.0
2024,HIGHNY-24AUG05-B94.5,213,0.06999999999999999,1407.0,82.0,5.0,881.0,100.0
2024,HIGHNY-24AUG05-T88,24,0.035,144.0,22.0,27.0,594.0,100.0
2024,HIGHNY-24AUG05-T95,126,0.04,680.0,54.0,3.0,881.0,100.0
2024,HIGHNY-24AUG06-B79.5,672,0.09000000000000001,656.0,33.0,6.0,1299.0,100.0
2024,HIGHNY-24AUG06-B81.5,208,0.03,1904.0,79.0,6.0,675.0,100.0
2024,HIGHNY-24AUG06-B83.5,299,0.05000000000000002,1548.0,129.0,3.0,1206.0,100.0
2024,HIGHNY-24AUG06-B85.5,234,0.020000000000000018,901.0,98.0,6.0,1158.0,100.0
2024,HIGHNY-24AUG06-T79,122,0.03,1650.0,14.0,42.0,1305.0,100.0
2024,HIGHNY-24AUG06-T86,162,0.05000000000000003,5083.0,114.0,4.0,961.0,100.0
2024,HIGHNY-24AUG07-B68.5,540,0.11,2437.0,24.0,6.5,816.0,100.0
2024,HIGHNY-24AUG07-B70.5,248,0.16,2926.0,82.0,5.0,727.0,100.0
2024,HIGHNY-24AUG07-B72.5,282,0.07,4192.0,160.0,4.0,460.0,100.0
2024,HIGHNY-24AUG07-B74.5,390,0.04999999999999999,5665.0,183.0,4.0,623.0,100.0
2024,HIGHNY-24AUG07-T68,325,0.1,7100.0,32.0,6.0,815.0,100.0
2024,HIGHNY-24AUG07-T75,386,0.04000000000000001,5783.0,126.0,4.5,469.0,100.0
2024,HIGHNY-24AUG08-B70.5,176,0.09000000000000001,3963.0,129.0,4.0,541.0,100.0
2024,HIGHNY-24AUG08-B72.5,281,0.06,5149.0,189.0,3.0,541.0,100.0
2024,HIGHNY-24AUG08-B74.5,295,0.06,6659.0,186.0,3.0,539.0,100.0
2024,HIGHNY-24AUG08-B76.5,122,0.06,1517.0,102.0,4.5,541.0,100.0
2024,HIGHNY-24AUG08-T70,278,0.06999999999999999,640.0,62.0,10.5,539.0,100.0
2024,HIGHNY-24AUG08-T77,27,0.05,53.0,23.0,19.0,681.0,100.0
2024,HIGHNY-24AUG09-B78.5,169,0.08,1097.0,66.0,7.0,1099.0,100.0
2024,HIGHNY-24AUG09-B80.5,262,0.32999999999999996,1585.0,120.0,6.0,593.0,100.0
2024,HIGHNY-24AUG09-B82.5,277,0.19,1144.0,102.0,5.0,659.0,100.0
2024,HIGHNY-24AUG09-B84.5,90,0.09,825.0,54.0,11.0,659.0,100.0
2024,HIGHNY-24AUG09-T78,33,0.07,86.0,16.0,42.5,1238.0,100.0
2024,HIGHNY-24AUG09-T85,25,0.049999999999999996,66.0,19.0,48.0,659.0,100.0
2024,HIGHNY-24AUG10-B83.5,327,0.18999999999999997,2683.0,99.0,3.0,665.0,100.0
2024,HIGHNY-24AUG10-B85.5,184,0.04999999999999999,1963.0,129.0,6.0,638.0,100.0
2024,HIGHNY-24AUG10-B87.5,195,0.04999999999999999,2825.0,122.0,5.0,638.0,100.0
2024,HIGHNY-24AUG10-B89.5,416,0.12,824.0,88.0,6.0,637.0,100.0
2024,HIGHNY-24AUG10-T83,267,0.07,319.0,68.0,6.5,1137.0,100.0
2024,HIGHNY-24AUG10-T90,300,0.06,57.0,61.0,3.0,637.0,100.0
2024,HIGHNY-24AUG11-B79.5,168,0.06,1283.0,125.0,5.0,571.0,100.0
2024,HIGHNY-24AUG11-B81.5,172,0.07000000000000003,2265.0,139.0,6.0,661.0,100.0
2024,HIGHNY-24AUG11-B83.5,135,0.03999999999999998,1809.0,102.0,6.5,462.0,100.0
2024,HIGHNY-24AUG11-B85.5,81,0.13,335.0,73.0,7.0,518.0,100.0
2024,HIGHNY-24AUG11-T79,58,0.09,281.0,37.0,17.0,862.0,100.0
2024,HIGHNY-24AUG11-T86,22,0.060000000000000005,50.0,17.0,9.0,1225.0,100.0
2024,HIGHNY-24AUG12-B77.5,69,0.06,892.0,63.0,9.0,897.0,100.0
2024,HIGHNY-24AUG12-B79.5,170,0.04000000000000001,4540.0,120.0,7.0,667.0,100.0
2024,HIGHNY-24AUG12-B81.5,177,0.06,3079.0,114.0,6.0,449.0,100.0
2024,HIGHNY-24AUG12-B83.5,93,0.06,744.0,63.0,10.0,841.0,100.0
2024,HIGHNY-24AUG12-T77,10,0.03,50.0,9.0,148.0,1333.0,100.0
2024,HIGHNY-24AUG12-T84,23,0.060000000000000005,51.0,19.0,12.0,841.0,100.0
2024,HIGHNY-24AUG13-B77.5,104,0.06,552.0,83.0,8.0,1022.0,100.0
2024,HIGHNY-24AUG13-B79.5,366,0.06999999999999995,4582.0,127.0,3.0,611.0,100.0
2024,HIGHNY-24AUG13-B81.5,276,0.06,3118.0,142.0,4.0,470.0,100.0
2024,HIGHNY-24AUG13-B83.5,264,0.09999999999999999,1210.0,107.0,6.0,656.0,100.0
2024,HIGHNY-24AUG13-T77,18,0.04,50.0,15.0,10.0,1123.0,100.0
2024,HIGHNY-24AUG13-T84,156,0.060000000000000005,59.0,37.0,5.0,656.0,100.0
2024,HIGHNY-24AUG14-B81.5,105,0.09,296.0,83.0,5.0,1086.0,100.0
2024,HIGHNY-24AUG14-B83.5,178,0.06,1667.0,121.0,3.0,740.0,100.0
2024,HIGHNY-24AUG14-B85.5,215,0.06,3380.0,131.0,4.0,565.0,100.0
2024,HIGHNY-24AUG14-B87.5,336,0.47000000000000003,2182.0,111.0,4.0,602.0,100.0
2024,HIGHNY-24AUG14-T81,10,0.024999999999999998,704.0,8.0,421.0,729.0,100.0
2024,HIGHNY-24AUG14-T88,97,0.060000000000000005,603.0,41.0,5.0,1252.0,100.0
2024,HIGHNY-24AUG15-B83.5,113,0.07,193.0,82.0,8.0,828.0,100.0
2024,HIGHNY-24AUG15-B85.5,219,0.07,2866.0,167.0,3.0,580.0,100.0
2024,HIGHNY-24AUG15-B87.5,221,0.07999999999999996,4859.0,159.0,3.0,580.0,100.0
2024,HIGHNY-24AUG15-B89.5,121,0.060000000000000005,1107.0,99.0,5.0,580.0,100.0
2024,HIGHNY-24AUG15-T83,10,0.04,63.0,9.0,108.0,828.0,100.0
2024,HIGHNY-24AUG15-T90,43,0.08,116.0,17.0,32.0,837.0,100.0
2024,HIGHNY-24AUG16-B84.5,99,0.09999999999999999,1298.0,81.0,10.0,1026.0,100.0
2024,HIGHNY-24AUG16-B86.5,169,0.06,2478.0,146.0,3.5,547.0,100.0
2024,HIGHNY-24AUG16-B88.5,153,0.06,3269.0,123.0,6.0,629.0,100.0
2024,HIGHNY-24AUG16-B90.5,108,0.05,51.0,98.0,7.5,629.0,100.0
2024,HIGHNY-24AUG16-T84,29,0.05,136.0,25.0,30.0,1026.0,100.0
2024,HIGHNY-24AUG16-T91,104,0.1,50.0,24.0,34.0,785.0,100.0
2024,HIGHNY-24AUG17-B79.5,160,0.05000000000000002,1567.0,131.0,7.0,641.0,100.0
2024,HIGHNY-24AUG17-B81.5,141,0.06,2760.0,117.0,8.0,640.0,100.0
2024,HIGHNY-24AUG17-B83.5,121,0.04999999999999999,1445.0,93.0,7.0,640.0,100.0
2024,HIGHNY-24AUG17-B85.5,46,0.115,51.0,18.0,11.0,640.0,100.0
2024,HIGHNY-24AUG17-T79,86,0.09,1323.0,63.0,7.0,1026.0,100.0
2024,HIGHNY-24AUG17-T86,22,0.11,50.0,7.0,470.0,711.0,100.0
2024,HIGHNY-24AUG18-B75.5,96,0.06,900.0,76.0,4.0,991.0,100.0
2024,HIGHNY-24AUG18-B77.5,177,0.06,5025.0,128.0,3.0,1049.0,100.0
2024,HIGHNY-24AUG18-B79.5,223,0.06999999999999999,3424.0,139.0,3.0,697.0,100.0
2024,HIGHNY-24AUG18-B81.5,131,0.060000000000000005,792.0,94.0,5.0,561.0,100.0
2024,HIGHNY-24AUG18-T75,10,0.035,61.0,8.0,227.5,1206.0,100.0
2024,HIGHNY-24AUG18-T82,27,0.09,677.0,21.0,15.0,726.0,100.0
2024,HIGHNY-24AUG19-B79.5,97,0.12,525.0,56.0,6.0,1023.0,100.0
2024,HIGHNY-24AUG19-B81.5,205,0.29,2623.0,145.0,6.0,421.0,100.0
2024,HIGHNY-24AUG19-B83.5,219,0.25,3129.0,159.0,5.0,435.0,100.0
2024,HIGHNY-24AUG19-B85.5,145,0.07999999999999999,3068.0,119.0,6.0,480.0,100.0
2024,HIGHNY-24AUG19-T79,11,0.04,50.0,9.0,46.0,1154.0,100.0
2024,HIGHNY-24AUG19-T86,85,0.09,550.0,49.0,11.0,772.0,100.0
2024,HIGHNY-24AUG20-B70.5,187,0.08999999999999997,3307.0,123.0,3.0,834.0,100.0
2024,HIGHNY-24AUG20-B72.5,212,0.05500000000000001,3690.0,168.0,3.0,442.0,100.0
2024,HIGHNY-24AUG20-B74.5,197,0.06,4533.0,150.0,3.0,570.0,100.0
2024,HIGHNY-24AUG20-B76.5,168,0.06,2829.0,125.0,3.0,850.0,100.0
2024,HIGHNY-24AUG20-T70,66,0.045000000000000005,1063.0,48.0,11.0,1058.0,100.0
2024,HIGHNY-24AUG20-T77,84,0.09,795.0,64.0,4.5,1356.0,100.0
2024,HIGHNY-24AUG21-B69.5,126,0.06,2268.0,94.0,7.0,618.0,100.0
2024,HIGHNY-24AUG21-B71.5,234,0.06,6951.0,161.0,3.0,553.0,100.0
2024,HIGHNY-24AUG21-B73.5,208,0.06,5114.0,155.0,4.0,428.0,100.0
2024,HIGHNY-24AUG21-B75.5,147,0.09,2150.0,102.0,5.0,777.0,100.0
2024,HIGHNY-24AUG21-T69,8,0.03,50.0,6.0,33.5,1323.0,100.0
2024,HIGHNY-24AUG21-T76,44,0.07,310.0,26.0,15.5,846.0,100.0
2024,HIGHNY-24AUG22-B72.5,147,0.13,97.0,72.0,6.0,1240.0,100.0
2024,HIGHNY-24AUG22-B74.5,177,0.06,22066.0,133.0,7.0,806.0,100.0
2024,HIGHNY-24AUG22-B76.5,185,0.06000000000000005,3762.0,145.0,5.0,616.0,100.0
2024,HIGHNY-24AUG22-B78.5,224,0.06,2796.0,131.0,7.0,651.0,100.0
2024,HIGHNY-24AUG22-T72,10,0.024999999999999998,50.0,8.0,161.0,1195.0,100.0
2024,HIGHNY-24AUG22-T79,64,0.07,192.0,48.0,11.0,748.0,100.0
2024,HIGHNY-24AUG23-B77.5,71,0.06,817.0,58.0,9.0,1038.0,100.0
2024,HIGHNY-24AUG23-B79.5,159,0.06,2689.0,123.0,6.0,599.0,100.0
2024,HIGHNY-24AUG23-B81.5,178,0.06000000000000005,2404.0,138.0,5.0,591.0,100.0
2024,HIGHNY-24AUG23-B83.5,126,0.03,1925.0,106.0,5.0,599.0,100.0
2024,HIGHNY-24AUG23-T77,9,0.04,52.0,6.0,45.5,2019.0,100.0
2024,HIGHNY-24AUG23-T84,18,0.02,53.0,16.0,76.0,632.0,100.0
2024,HIGHNY-24AUG24-B81.5,156,0.06,1220.0,130.0,3.0,935.0,100.0
2024,HIGHNY-24AUG24-B83.5,176,0.05999999999999994,3898.0,141.0,4.0,628.0,100.0
2024,HIGHNY-24AUG24-B85.5,162,0.049999999999999996,3085.0,134.0,5.0,629.0,100.0
2024,HIGHNY-24AUG24-B87.5,16,0.025,101.0,14.0,144.5,629.0,100.0
2024,HIGHNY-24AUG24-T81,21,0.03,617.0,19.0,27.0,1014.0,100.0
2024,HIGHNY-24AUG24-T88,4,0.05,50.0,3.0,149.0,2543.0,100.0
2024,HIGHNY-24AUG25-B81.5,51,0.09,77.0,43.0,11.0,1086.0,100.0
2024,HIGHNY-24AUG25-B83.5,123,0.06,2054.0,99.0,4.0,597.0,100.0
2024,HIGHNY-24AUG25-B85.5,240,0.22000000000000003,3562.0,104.0,6.5,512.0,100.0
2024,HIGHNY-24AUG25-B87.5,123,0.060000000000000026,2123.0,97.0,7.0,617.0,100.0
2024,HIGHNY-24AUG25-T81,9,0.04,51.0,8.0,31.5,1315.0,100.0
2024,HIGHNY-24AUG25-T88,31,0.03,197.0,27.0,30.0,866.0,100.0
2024,HIGHNY-24AUG26-B81.5,111,0.06000000000000001,18935.0,92.0,3.0,605.0,100.0
2024,HIGHNY-24AUG26-B83.5,169,0.06,26835.0,129.0,4.0,596.0,100.0
2024,HIGHNY-24AUG26-B85.5,185,0.07,6256.0,139.0,5.0,476.0,100.0
2024,HIGHNY-24AUG26-B87.5,93,0.07999999999999999,9015.0,75.0,7.0,477.0,100.0
2024,HIGHNY-24AUG26-T81,23,0.04,21517.0,18.0,31.0,653.0,100.0
2024,HIGHNY-24AUG26-T88,32,0.07,4259.0,26.0,37.0,591.0,100.0
2024,HIGHNY-24AUG27-B81.5,100,0.09,133.0,69.0,5.0,1108.0,100.0
2024,HIGHNY-24AUG27-B83.5,146,0.07,2779.0,120.0,7.0,777.0,100.0
2024,HIGHNY-24AUG27-B85.5,140,0.07,5167.0,113.0,6.0,655.0,100.0
2024,HIGHNY-24AUG27-B87.5,121,0.10999999999999999,1899.0,99.0,7.0,655.0,100.0
2024,HIGHNY-24AUG27-T81,36,0.745,50.0,5.0,513.0,1147.0,100.0
2024,HIGHNY-24AUG27-T88,14,0.09000000000000001,51.0,12.0,103.0,655.0,100.0
2024,HIGHNY-24AUG28-B91.5,205,0.09999999999999998,2579.0,166.0,3.0,503.0,100.0
2024,HIGHNY-24AUG28-B93.5,220,0.08999999999999997,7482.0,162.0,3.0,589.0,100.0
2024,HIGHNY-24AUG28-B95.5,139,0.1,1136.0,117.0,3.0,849.0,100.0
2024,HIGHNY-24AUG28-B97.5,79,0.12000000000000001,51.0,69.0,7.0,853.0,100.0
2024,HIGHNY-24AUG28-T91,116,0.09,677.0,102.0,7.0,790.0,100.0
2024,HIGHNY-24AUG28-T98,24,0.1,50.0,22.0,14.5,1069.0,100.0
2024,HIGHNY-24AUG29-B73.5,48,0.17,572.0,36.0,5.0,2039.0,100.0
2024,HIGHNY-24AUG29-B75.5,114,0.12,5049.0,95.0,4.0,866.0,100.0
2024,HIGHNY-24AUG29-B77.5,187,0.08000000000000002,9890.0,140.0,3.0,840.0,100.0
2024,HIGHNY-24AUG29-B79.5,178,0.07999999999999996,25693.0,138.0,3.0,953.0,100.0
2024,HIGHNY-24AUG29-T73,12,0.025,82.0,9.0,44.0,2039.0,100.0
2024,HIGHNY-24AUG29-T80,146,0.060000000000000005,25120.0,119.0,4.0,926.0,100.0
2024,HIGHNY-24AUG30-B71.5,214,0.07,2676.0,160.0,3.0,918.0,100.0
2024,HIGHNY-24AUG30-B73.5,255,0.07999999999999996,6022.0,187.0,3.0,446.0,100.0
2024,HIGHNY-24AUG30-B75.5,171,0.13,1843.0,144.0,4.0,593.0,100.0
2024,HIGHNY-24AUG30-B77.5,90,0.22999999999999998,1307.0,69.0,11.0,424.0,100.0
2024,HIGHNY-24AUG30-T71,190,0.09999999999999999,3578.0,139.0,3.0,944.0,100.0
2024,HIGHNY-24AUG30-T78,21,0.03,52.0,18.0,33.5,744.0,100.0
2024,HIGHNY-24AUG31-B76.5,137,0.16999999999999998,477.0,104.0,5.0,647.0,100.0
2024,HIGHNY-24AUG31-B78.5,155,0.07,4146.0,126.0,6.5,565.0,100.0
2024,HIGHNY-24AUG31-B80.5,153,0.07999999999999996,2532.0,125.0,7.0,573.0,100.0
2024,HIGHNY-24AUG31-B82.5,89,0.09,510.0,77.0,7.0,573.0,100.0
2024,HIGHNY-24AUG31-T76,11,0.04,72.0,10.0,41.5,1026.0,100.0
2024,HIGHNY-24AUG31-T83,11,0.05,59.0,10.0,45.5,1196.0,100.0
2024,HIGHNY-24FEB01-B45.5,88,0.08999999999999997,1562.0,68.0,9.0,561.0,100.0
2024,HIGHNY-24FEB01-B47.5,111,0.07,1795.0,93.0,5.0,561.0,100.0
2024,HIGHNY-24FEB01-B49.5,75,0.07,872.0,69.0,5.0,1260.0,100.0
2024,HIGHNY-24FEB01-B51.5,114,0.87,453.0,47.0,11.0,556.0,100.0
2024,HIGHNY-24FEB01-T45,41,0.86,507.0,26.0,24.0,938.0,100.0
2024,HIGHNY-24FEB01-T52,104,0.23,24.0,45.0,7.0,1261.0,100.0
2024,HIGHNY-24FEB02-B41.5,65,0.9,473.0,28.0,11.0,1198.0,100.0
2024,HIGHNY-24FEB02-B43.5,110,0.06,9032.0,88.0,5.5,933.0,100.0
2024,HIGHNY-24FEB02-B45.5,99,0.06000000000000005,1286.0,86.0,7.0,743.0,100.0
2024,HIGHNY-24FEB02-B47.5,96,0.06,397.0,63.0,7.0,742.0,100.0
2024,HIGHNY-24FEB02-T41,26,0.08,1.0,13.0,10.0,1379.0,100.0
2024,HIGHNY-24FEB02-T48,148,0.25,0.0,67.0,12.0,615.0,100.0
2024,HIGHNY-24FEB03-B38.5,32,0.09999999999999999,75.0,24.0,7.5,1086.0,100.0
2024,HIGHNY-24FEB03-B40.5,98,0.08999999999999997,2907.0,79.0,5.0,1076.0,100.0
2024,HIGHNY-24FEB03-B42.5,124,0.07,1706.0,100.0,7.5,580.0,100.0
2024,HIGHNY-24FEB03-B44.5,96,0.07999999999999999,1515.0,69.0,11.0,623.0,100.0
2024,HIGHNY-24FEB03-T38,21,0.08,0.0,17.0,19.0,1147.0,100.0
2024,HIGHNY-24FEB03-T45,88,0.26,1.0,46.0,10.0,659.0,100.0
2024,HIGHNY-24FEB04-B40.5,8,0.08499999999999999,0.0,7.0,25.0,1304.0,100.0
2024,HIGHNY-24FEB04-B42.5,48,0.06,1138.0,40.0,9.5,1019.0,100.0
2024,HIGHNY-24FEB04-B44.5,82,0.07,763.0,74.0,9.0,1026.0,100.0
2024,HIGHNY-24FEB04-B46.5,92,0.06999999999999995,904.0,76.0,11.0,574.0,100.0
2024,HIGHNY-24FEB04-T40,6,0.06,1.0,5.0,134.0,1334.0,100.0
2024,HIGHNY-24FEB04-T47,42,0.26,10.0,30.0,19.0,752.0,100.0
2024,HIGHNY-24FEB05-B40.5,13,0.06,0.0,12.0,83.5,1087.0,100.0
2024,HIGHNY-24FEB05-B42.5,86,0.07,1856.0,66.0,4.5,1008.0,100.0
2024,HIGHNY-24FEB05-B44.5,94,0.07999999999999999,1933.0,72.0,7.0,719.0,100.0
2024,HIGHNY-24FEB05-B46.5,84,0.07,886.0,69.0,8.0,719.0,100.0
2024,HIGHNY-24FEB05-T40,5,0.03,0.0,4.0,706.0,1270.0,100.0
2024,HIGHNY-24FEB05-T47,17,0.24,1.0,11.0,49.0,1232.0,100.0
2024,HIGHNY-24FEB06-B37.5,9,0.1,0.0,8.0,63.5,1304.0,100.0
2024,HIGHNY-24FEB06-B39.5,76,0.06,592.0,62.0,11.0,1086.0,100.0
2024,HIGHNY-24FEB06-B41.5,78,0.06,1078.0,69.0,11.0,623.0,100.0
2024,HIGHNY-24FEB06-B43.5,76,0.06,907.0,61.0,11.0,623.0,100.0
2024,HIGHNY-24FEB06-T37,8,0.08,0.0,6.0,88.0,1344.0,100.0
2024,HIGHNY-24FEB06-T44,15,0.1,1.0,12.0,93.5,1169.0,100.0
2024,HIGHNY-24FEB07-B42.5,30,0.19,444.0,20.0,23.5,691.0,100.0
2024,HIGHNY-24FEB07-B44.5,82,0.08999999999999997,1980.0,63.0,10.0,790.0,100.0
2024,HIGHNY-24FEB07-B46.5,98,0.08000000000000002,2001.0,80.0,11.0,727.0,100.0
2024,HIGHNY-24FEB07-B48.5,70,0.405,325.0,51.0,15.0,572.0,100.0
2024,HIGHNY-24FEB07-T42,6,0.06,1.0,5.0,227.0,1173.0,100.0
2024,HIGHNY-24FEB07-T49,33,0.23,63.0,17.0,41.0,1304.0,100.0
2024,HIGHNY-24FEB08-B44.5,26,0.13,0.0,18.0,22.0,1266.0,100.0
2024,HIGHNY-24FEB08-B46.5,62,0.06999999999999999,550.0,53.0,11.0,1206.0,100.0
2024,HIGHNY-24FEB08-B48.5,94,0.06000000000000005,693.0,80.0,7.5,1146.0,100.0
2024,HIGHNY-24FEB08-B50.5,109,0.06,587.0,92.0,7.0,852.0,100.0
2024,HIGHNY-24FEB08-T44,8,0.09,1.0,6.0,120.0,1266.0,100.0
2024,HIGHNY-24FEB08-T51,81,0.07,1188.0,63.0,8.0,1086.0,100.0
2024,HIGHNY-24FEB09-B49.5,7,0.1,1.0,6.0,199.5,1146.0,100.0
2024,HIGHNY-24FEB09-B51.5,100,0.075,1708.0,84.0,7.0,1019.0,100.0
2024,HIGHNY-24FEB09-B53.5,131,0.08000000000000002,1585.0,107.0,7.0,749.0,100.0
2024,HIGHNY-24FEB09-B55.5,132,0.07,1405.0,97.0,7.0,853.0,100.0
2024,HIGHNY-24FEB09-T49,5,0.09,1.0,4.0,670.5,1341.0,100.0
2024,HIGHNY-24FEB09-T56,77,0.06,865.0,65.0,7.0,855.0,100.0
2024,HIGHNY-24FEB10-B54.5,30,0.13,1.0,26.0,6.5,1147.0,100.0
2024,HIGHNY-24FEB10-B56.5,101,0.06,394.0,77.0,8.0,1087.0,100.0
2024,HIGHNY-24FEB10-B58.5,178,0.07999999999999996,12378.0,132.0,7.0,543.0,100.0
2024,HIGHNY-24FEB10-B60.5,144,0.09000000000000002,2556.0,116.0,8.0,542.0,100.0
2024,HIGHNY-24FEB10-T54,11,0.09,1.0,7.0,79.0,1224.0,100.0
2024,HIGHNY-24FEB10-T61,118,0.08000000000000007,1624.0,89.0,10.0,567.0,100.0
2024,HIGHNY-24FEB11-B46.5,44,0.09,6.0,42.0,11.0,1379.0,100.0
2024,HIGHNY-24FEB11-B48.5,43,0.09,9.0,41.0,11.0,1379.0,100.0
2024,HIGHNY-24FEB11-B50.5,81,0.13,549.0,67.0,11.0,1076.0,100.0
2024,HIGHNY-24FEB11-B52.5,104,0.06999999999999995,3462.0,89.0,9.0,1257.0,100.0
2024,HIGHNY-24FEB11-T46,27,0.08,0.0,26.0,11.5,1379.0,100.0
2024,HIGHNY-24FEB11-T53,99,0.06,5388.0,87.0,8.0,786.0,100.0
2024,HIGHNY-24FEB12-B45.5,68,0.09,234.0,55.0,7.0,1027.0,100.0
2024,HIGHNY-24FEB12-B47.5,137,0.07,1466.0,110.0,7.0,702.0,100.0
2024,HIGHNY-24FEB12-B49.5,133,0.06,1629.0,107.0,7.0,716.0,100.0
2024,HIGHNY-24FEB12-B51.5,87,0.06,1178.0,68.0,8.5,528.0,100.0
2024,HIGHNY-24FEB12-T45,54,0.08,0.0,44.0,4.5,1087.0,100.0
2024,HIGHNY-24FEB12-T52,93,0.06,1474.0,78.0,7.0,716.0,100.0
2024,HIGHNY-24FEB13-B32.5,6,0.135,0.0,5.0,579.0,1379.0,100.0
2024,HIGHNY-24FEB13-B34.5,6,0.18,0.0,5.0,579.0,1379.0,100.0
2024,HIGHNY-24FEB13-B36.5,21,0.35,431.0,20.0,56.0,874.0,100.0
2024,HIGHNY-24FEB13-B38.5,27,0.39,901.0,23.0,35.0,872.0,100.0
2024,HIGHNY-24FEB13-T32,5,0.07,0.0,4.0,651.5,1379.0,100.0
2024,HIGHNY-24FEB13-T39,33,0.48000000000000004,1410.0,27.0,25.0,886.0,100.0
2024,HIGHNY-24FEB14-B31.5,50,0.11,55.0,41.0,6.0,1379.0,100.0
2024,HIGHNY-24FEB14-B33.5,71,0.14,945.0,54.0,3.0,1080.0,100.0
2024,HIGHNY-24FEB14-B35.5,64,0.06,2725.0,59.0,10.0,1080.0,100.0
2024,HIGHNY-24FEB14-B37.5,91,0.06,797.0,81.0,11.0,654.0,100.0
2024,HIGHNY-24FEB14-T31,19,0.06,0.0,16.0,9.0,1379.0,100.0
2024,HIGHNY-24FEB14-T38,100,0.06,992.0,88.0,9.5,522.0,100.0
2024,HIGHNY-24FEB15-B36.5,58,0.795,159.0,44.0,7.5,1087.0,100.0
2024,HIGHNY-24FEB15-B38.5,152,0.09000000000000002,3286.0,126.0,7.0,559.0,100.0
2024,HIGHNY-24FEB15-B40.5,140,0.08000000000000002,2600.0,117.0,9.0,530.0,100.0
2024,HIGHNY-24FEB15-B42.5,101,0.06999999999999995,1164.0,77.0,12.0,587.0,100.0
2024,HIGHNY-24FEB15-T36,59,0.3,9.0,54.0,8.0,1087.0,100.0
2024,HIGHNY-24FEB15-T43,45,0.17,62.0,41.0,6.0,1276.0,100.0
2024,HIGHNY-24FEB16-B39.5,27,0.74,11.0,22.0,13.5,1087.0,100.0
2024,HIGHNY-24FEB16-B41.5,86,0.07,2091.0,72.0,11.0,506.0,100.0
2024,HIGHNY-24FEB16-B43.5,80,0.06,743.0,67.0,11.0,617.0,100.0
2024,HIGHNY-24FEB16-B45.5,59,0.06,880.0,49.0,11.0,767.0,100.0
2024,HIGHNY-24FEB16-T39,6,0.07,1.0,5.0,134.0,1296.0,100.0
2024,HIGHNY-24FEB16-T46,16,0.22499999999999998,0.0,14.0,17.0,706.0,100.0
2024,HIGHNY-24FEB17-B34.5,24,0.31,209.0,22.0,19.5,845.0,100.0
2024,HIGHNY-24FEB17-B36.5,122,0.07,746.0,107.0,8.0,716.0,100.0
2024,HIGHNY-24FEB17-B38.5,112,0.06,476.0,98.0,8.0,716.0,100.0
2024,HIGHNY-24FEB17-B40.5,98,0.06,427.0,91.0,8.0,716.0,100.0
2024,HIGHNY-24FEB17-T34,4,0.04,0.0,3.0,1087.0,1596.0,100.0
2024,HIGHNY-24FEB17-T41,92,0.17,1.0,87.0,5.0,716.0,100.0
2024,HIGHNY-24FEB18-B35.5,27,0.12,1.0,23.0,11.0,1087.0,100.0
2024,HIGHNY-24FEB18-B37.5,76,0.06000000000000001,1274.0,60.0,9.5,967.0,100.0
2024,HIGHNY-24FEB18-B39.5,127,0.07,692.0,98.0,7.0,591.0,100.0
2024,HIGHNY-24FEB18-B41.5,126,0.07,837.0,96.0,7.5,342.0,100.0
2024,HIGHNY-24FEB18-T35,5,0.07,1.0,4.0,640.0,1402.0,100.0
2024,HIGHNY-24FEB18-T42,85,0.06000000000000001,149.0,66.0,11.0,406.0,100.0
2024,HIGHNY-24FEB19-B37.5,47,0.03,630.0,43.0,7.0,986.0,100.0
2024,HIGHNY-24FEB19-B39.5,130,0.060000000000000026,1397.0,104.0,6.0,850.0,100.0
2024,HIGHNY-24FEB19-B41.5,148,0.06000000000000004,977.0,121.0,7.0,855.0,100.0
2024,HIGHNY-24FEB19-B43.5,89,0.06999999999999999,899.0,74.0,7.0,898.0,100.0
2024,HIGHNY-24FEB19-T37,10,0.065,1.0,8.0,94.0,1147.0,100.0
2024,HIGHNY-24FEB19-T44,62,0.24,277.0,53.0,11.0,898.0,100.0
2024,HIGHNY-24FEB20-B34.5,17,0.11,180.0,13.0,40.0,1146.0,100.0
2024,HIGHNY-24FEB20-B36.5,84,0.06,2214.0,71.0,10.0,440.0,100.0
2024,HIGHNY-24FEB20-B38.5,120,0.07999999999999996,1966.0,100.0,7.0,513.0,100.0
2024,HIGHNY-24FEB20-B40.5,103,0.06,1214.0,89.0,10.0,844.0,100.0
2024,HIGHNY-24FEB20-T34,12,0.06,0.0,10.0,78.0,1206.0,100.0
2024,HIGHNY-24FEB20-T41,47,0.26,829.0,40.0,17.5,580.0,100.0
2024,HIGHNY-24FEB21-B38.5,74,0.4,222.0,64.0,9.0,884.0,100.0
2024,HIGHNY-24FEB21-B40.5,119,0.06,1288.0,100.0,6.0,966.0,100.0
2024,HIGHNY-24FEB21-B42.5,121,0.07,896.0,100.0,8.5,721.0,100.0
2024,HIGHNY-24FEB21-B44.5,106,0.06,1269.0,80.0,9.0,550.0,100.0
2024,HIGHNY-24FEB21-T38,9,0.049999999999999996,0.0,8.0,230.0,1206.0,100.0
2024,HIGHNY-24FEB21-T45,41,0.24,1.0,31.0,15.0,576.0,100.0
2024,HIGHNY-24FEB22-B40.5,31,0.11,1.0,24.0,9.0,1348.0,100.0
2024,HIGHNY-24FEB22-B42.5,96,0.19999999999999998,1211.0,78.0,3.5,1080.0,100.0
2024,HIGHNY-24FEB22-B44.5,135,0.06000000000000005,1383.0,109.0,7.0,596.0,100.0
2024,HIGHNY-24FEB22-B46.5,130,0.07,1184.0,103.0,8.0,594.0,100.0
2024,HIGHNY-24FEB22-T40,15,0.06,1.0,14.0,30.5,1348.0,100.0
2024,HIGHNY-24FEB22-T47,105,0.16,369.0,82.0,7.5,618.0,100.0
2024,HIGHNY-24FEB23-B45.5,83,0.020000000000000018,2857.0,54.0,7.5,1072.0,100.0
2024,HIGHNY-24FEB23-B47.5,130,0.06999999999999998,2896.0,91.0,8.0,514.0,100.0
2024,HIGHNY-24FEB23-B49.5,158,0.06999999999999995,2651.0,113.0,9.0,421.0,100.0
2024,HIGHNY-24FEB23-B51.5,123,0.08,2178.0,93.0,7.0,582.0,100.0
2024,HIGHNY-24FEB23-T45,82,0.165,1634.0,60.0,11.0,1072.0,100.0
2024,HIGHNY-24FEB23-T52,67,0.21,1.0,52.0,8.5,591.0,100.0
2024,HIGHNY-24FEB24-B36.5,42,0.09,18.0,30.0,15.0,1379.0,100.0
2024,HIGHNY-24FEB24-B38.5,80,0.21,108.0,55.0,7.0,1379.0,100.0
2024,HIGHNY-24FEB24-B40.5,95,0.07,4613.0,77.0,11.0,557.0,100.0
2024,HIGHNY-24FEB24-B42.5,130,0.07,2402.0,102.0,7.0,657.0,100.0
2024,HIGHNY-24FEB24-T36,19,0.06,18.0,17.0,26.0,1379.0,100.0
2024,HIGHNY-24FEB24-T43,131,0.06,2908.0,106.0,9.5,1026.0,100.0
2024,HIGHNY-24FEB25-B36.5,4,0.065,0.0,3.0,1026.0,1657.0,100.0
2024,HIGHNY-24FEB25-B38.5,68,0.06,989.0,62.0,11.5,906.0,100.0
2024,HIGHNY-24FEB25-B40.5,67,0.06999999999999995,1351.0,55.0,11.0,571.0,100.0
2024,HIGHNY-24FEB25-B42.5,59,0.06,1223.0,55.0,11.0,570.0,100.0
2024,HIGHNY-24FEB25-T36,4,0.04,0.0,3.0,1087.0,1596.0,100.0
2024,HIGHNY-24FEB25-T43,61,0.23,1.0,50.0,10.5,719.0,100.0
2024,HIGHNY-24FEB26-B49.5,17,0.06,0.0,14.0,6.0,1305.0,100.0
2024,HIGHNY-24FEB26-B51.5,102,0.06,511.0,86.0,5.0,1027.0,100.0
2024,HIGHNY-24FEB26-B53.5,147,0.06000000000000005,862.0,117.0,6.0,859.0,100.0
2024,HIGHNY-24FEB26-B55.5,140,0.07999999999999996,1973.0,112.0,5.0,829.0,100.0
2024,HIGHNY-24FEB26-T49,11,0.04,1.0,10.0,88.0,1170.0,100.0
2024,HIGHNY-24FEB26-T56,65,0.06000000000000001,1211.0,54.0,14.0,829.0,100.0
2024,HIGHNY-24FEB27-B52.5,35,0.11,23.0,29.0,21.0,967.0,100.0
2024,HIGHNY-24FEB27-B54.5,108,0.06,784.0,85.0,6.0,532.0,100.0
2024,HIGHNY-24FEB27-B56.5,96,0.06,1151.0,80.0,11.0,533.0,100.0
2024,HIGHNY-24FEB27-B58.5,105,0.08,1369.0,89.0,10.0,811.0,100.0
2024,HIGHNY-24FEB27-T52,16,0.06,0.0,11.0,10.0,1194.0,100.0
2024,HIGHNY-24FEB27-T59,97,0.06,1394.0,80.0,10.5,704.0,100.0
2024,HIGHNY-24FEB28-B57.5,78,0.05000000000000002,1306.0,70.0,11.0,884.0,100.0
2024,HIGHNY-24FEB28-B59.5,113,0.06,2377.0,102.0,8.5,464.0,100.0
2024,HIGHNY-24FEB28-B61.5,104,0.06,701.0,92.0,11.0,411.0,100.0
2024,HIGHNY-24FEB28-B63.5,89,0.22999999999999998,131.0,79.0,7.0,622.0,100.0
2024,HIGHNY-24FEB28-T57,13,0.03,139.0,10.0,33.5,1419.0,100.0
2024,HIGHNY-24FEB28-T64,68,0.22,6.0,60.0,7.0,654.0,100.0
2024,HIGHNY-24FEB29-B35.5,64,0.08,0.0,40.0,7.5,1379.0,100.0
2024,HIGHNY-24FEB29-B37.5,55,0.07,96.0,45.0,7.0,1379.0,100.0
2024,HIGHNY-24FEB29-B39.5,64,0.415,6545.0,51.0,25.0,913.0,100.0
2024,HIGHNY-24FEB29-B41.5,117,0.06,7249.0,86.0,7.0,697.0,100.0
2024,HIGHNY-24FEB29-T35,43,0.05,0.0,31.0,6.0,1379.0,100.0
2024,HIGHNY-24FEB29-T42,123,0.07999999999999996,4591.0,87.0,6.0,718.0,100.0
2024,HIGHNY-24JAN01-B42.5,489,0.89,7.0,298.0,1.0,1146.0,100.0
2024,HIGHNY-24JAN01-B44.5,586,0.87,155.0,357.0,1.0,1043.0,100.0
2024,HIGHNY-24JAN01-B46.5,666,0.86,9.0,393.0,1.0,511.0,100.0
2024,HIGHNY-24JAN01-B48.5,27,0.19,351.0,22.0,25.5,1288.0,100.0
2024,HIGHNY-24JAN01-T42,407,0.89,35.0,264.0,1.0,1206.0,100.0
2024,HIGHNY-24JAN01-T49,6,0.095,0.0,4.0,644.5,1288.0,100.0
2024,HIGHNY-24JAN02-B42.5,439,0.7100000000000001,544.0,272.0,1.0,480.0,100.0
2024,HIGHNY-24JAN02-B44.5,375,0.72,1166.0,237.0,1.0,470.0,100.0
2024,HIGHNY-24JAN02-B46.5,42,0.99,142.0,14.0,34.0,816.0,100.0
2024,HIGHNY-24JAN02-B48.5,58,0.18,0.0,24.0,1.0,1308.0,100.0
2024,HIGHNY-24JAN02-T42,308,0.74,724.0,205.0,1.0,949.0,100.0
2024,HIGHNY-24JAN02-T49,53,0.13,0.0,22.0,1.0,1308.0,100.0
2024,HIGHNY-24JAN03-B42.5,627,0.77,4.0,318.0,1.0,903.0,100.0
2024,HIGHNY-24JAN03-B44.5,220,0.09000000000000002,1755.0,138.0,1.0,782.0,100.0
2024,HIGHNY-24JAN03-B46.5,262,0.845,2659.0,164.0,1.0,905.0,100.0
2024,HIGHNY-24JAN03-B48.5,802,0.935,756.0,407.0,1.0,439.0,100.0
2024,HIGHNY-24JAN03-T42,629,0.78,0.0,323.0,1.0,1078.0,100.0
2024,HIGHNY-24JAN03-T49,1140,0.81,0.0,596.0,1.0,439.0,100.0
2024,HIGHNY-24JAN04-B41.5,212,0.405,1511.0,126.0,1.0,768.0,100.0
2024,HIGHNY-24JAN04-B43.5,110,0.06,973.0,79.0,10.0,726.0,100.0
2024,HIGHNY-24JAN04-B45.5,102,0.04999999999999999,790.0,74.0,10.5,788.0,100.0
2024,HIGHNY-24JAN04-B47.5,67,0.04000000000000001,961.0,49.0,9.0,851.0,100.0
2024,HIGHNY-24JAN04-T41,524,0.65,0.0,276.0,1.0,1206.0,100.0
2024,HIGHNY-24JAN04-T48,575,0.63,0.0,291.0,1.0,1042.0,100.0
2024,HIGHNY-24JAN05-B33.5,78,0.265,0.0,46.0,1.0,1086.0,100.0
2024,HIGHNY-24JAN05-B35.5,134,0.59,335.0,79.0,1.0,993.0,100.0
2024,HIGHNY-24JAN05-B37.5,180,0.62,1152.0,120.0,3.0,518.0,100.0
2024,HIGHNY-24JAN05-B39.5,210,0.69,1591.0,123.0,1.0,436.0,100.0
2024,HIGHNY-24JAN05-T33,75,0.65,0.0,43.0,1.0,1146.0,100.0
2024,HIGHNY-24JAN05-T40,538,0.79,498.0,294.0,1.0,421.0,100.0
2024,HIGHNY-24JAN06-B35.5,418,0.83,459.0,164.0,1.0,801.0,100.0
2024,HIGHNY-24JAN06-B37.5,264,0.54,1123.0,126.0,3.0,715.0,100.0
2024,HIGHNY-24JAN06-B39.5,490,0.7999999999999999,1644.0,198.0,2.0,579.0,100.0
2024,HIGHNY-24JAN06-B41.5,688,0.85,2467.0,247.0,1.0,541.0,100.0
2024,HIGHNY-24JAN06-T35,22,0.8,1.0,13.0,1.0,2462.0,100.0
2024,HIGHNY-24JAN06-T42,328,0.705,934.0,157.0,1.0,800.0,100.0
2024,HIGHNY-24JAN07-B31.5,494,0.86,0.0,136.0,1.0,1379.0,100.0
2024,HIGHNY-24JAN07-B33.5,492,0.845,100.0,142.0,1.0,1379.0,100.0
2024,HIGHNY-24JAN07-B35.5,234,0.15,1003.0,122.0,3.0,1106.0,100.0
2024,HIGHNY-24JAN07-B37.5,280,0.32999999999999996,1426.0,159.0,3.0,478.0,100.0
2024,HIGHNY-24JAN07-T31,404,0.96,1.0,133.0,1.0,1379.0,100.0
2024,HIGHNY-24JAN07-T38,206,0.12,1330.0,142.0,3.0,531.0,100.0
2024,HIGHNY-24JAN08-B38.5,209,0.48,65.0,110.0,1.0,1206.0,100.0
2024,HIGHNY-24JAN08-B40.5,64,0.06,1175.0,52.0,11.0,1146.0,100.0
2024,HIGHNY-24JAN08-B42.5,81,0.06,979.0,62.0,7.0,1105.0,100.0
2024,HIGHNY-24JAN08-B44.5,96,0.06,413.0,80.0,7.0,830.0,100.0
2024,HIGHNY-24JAN08-T38,420,0.62,1.0,201.0,1.0,1379.0,100.0
2024,HIGHNY-24JAN08-T45,396,0.905,508.0,210.0,1.0,848.0,100.0
2024,HIGHNY-24JAN09-B47.5,11,0.24,0.0,10.0,80.5,1185.0,100.0
2024,HIGHNY-24JAN09-B49.5,602,0.66,0.0,329.0,1.0,734.0,100.0
2024,HIGHNY-24JAN09-B51.5,189,0.87,1.0,112.0,1.0,621.0,100.0
2024,HIGHNY-24JAN09-B53.5,245,0.89,301.0,154.0,1.0,506.0,100.0
2024,HIGHNY-24JAN09-T47,67,0.92,5.0,44.0,1.0,1181.0,100.0
2024,HIGHNY-24JAN09-T54,68,0.5499999999999999,1155.0,58.0,24.5,506.0,100.0
2024,HIGHNY-24JAN10-B46.5,138,0.685,0.0,70.0,1.0,1379.0,100.0
2024,HIGHNY-24JAN10-B48.5,375,0.41,0.0,186.0,1.0,1379.0,100.0
2024,HIGHNY-24JAN10-B50.5,529,0.56,0.0,276.0,1.0,1379.0,100.0
2024,HIGHNY-24JAN10-B52.5,528,0.6,0.0,277.0,1.0,1379.0,100.0
2024,HIGHNY-24JAN10-T46,97,0.78,0.0,50.0,1.0,1379.0,100.0
2024,HIGHNY-24JAN10-T53,17,0.29000000000000004,102.0,14.0,66.0,1256.0,100.0
2024,HIGHNY-24JAN11-B43.5,60,0.065,205.0,47.0,11.0,1027.0,100.0
2024,HIGHNY-24JAN11-B45.5,100,0.07999999999999999,903.0,81.0,11.0,669.0,100.0
2024,HIGHNY-24JAN11-B47.5,168,0.75,1095.0,71.0,11.0,668.0,100.0
2024,HIGHNY-24JAN11-B49.5,96,0.21,732.0,43.0,11.0,878.0,100.0
2024,HIGHNY-24JAN11-T43,3,0.01,0.0,2.0,1348.0,1379.0,100.0
2024,HIGHNY-24JAN11-T50,18,0.89,1.0,8.0,51.5,1206.0,100.0
2024,HIGHNY-24JAN12-B43.5,5,0.15,0.0,4.0,661.5,1272.0,100.0
2024,HIGHNY-24JAN12-B45.5,41,0.56,126.0,11.0,33.0,1173.0,100.0
2024,HIGHNY-24JAN12-B47.5,46,0.5,1.0,13.0,49.0,1088.0,100.0
2024,HIGHNY-24JAN12-B49.5,48,0.505,652.0,34.0,35.0,881.0,100.0
2024,HIGHNY-24JAN12-T43,5,0.03,0.0,4.0,689.0,1218.0,100.0
2024,HIGHNY-24JAN12-T50,84,0.8700000000000001,151.0,31.0,21.0,1451.0,100.0
2024,HIGHNY-24JAN13-B50.5,3,0.01,0.0,2.0,1348.0,1379.0,100.0
2024,HIGHNY-24JAN13-B52.5,4,0.495,0.0,3.0,861.0,1379.0,100.0
2024,HIGHNY-24JAN13-B54.5,21,0.06,1.0,17.0,41.0,1292.0,100.0
2024,HIGHNY-24JAN13-B56.5,41,0.06,290.0,36.0,10.5,1281.0,100.0
2024,HIGHNY-24JAN13-T50,3,0.01,0.0,2.0,1348.0,1379.0,100.0
2024,HIGHNY-24JAN13-T57,50,0.07,999.0,35.0,10.0,1213.0,100.0
2024,HIGHNY-24JAN14-B36.5,17,0.08,0.0,8.0,34.0,1233.0,100.0
2024,HIGHNY-24JAN14-B38.5,80,0.06999999999999998,940.0,58.0,10.0,972.0,100.0
2024,HIGHNY-24JAN14-B40.5,82,0.07,1006.0,70.0,10.0,1147.0,100.0
2024,HIGHNY-24JAN14-B42.5,81,0.07999999999999999,1647.0,56.0,7.0,991.0,100.0
2024,HIGHNY-24JAN14-T36,13,0.07,0.0,7.0,22.0,1266.0,100.0
2024,HIGHNY-24JAN14-T43,59,0.22,369.0,31.0,11.0,1086.0,100.0
2024,HIGHNY-24JAN15-B27.5,19,0.11,46.0,14.0,11.0,1372.0,100.0
2024,HIGHNY-24JAN15-B29.5,85,0.84,1266.0,58.0,9.5,534.0,100.0
2024,HIGHNY-24JAN15-B31.5,115,0.2,619.0,88.0,11.0,576.0,100.0
2024,HIGHNY-24JAN15-B33.5,83,0.07,740.0,65.0,11.0,721.0,100.0
2024,HIGHNY-24JAN15-T27,8,0.08499999999999999,0.0,6.0,29.5,1418.0,100.0
2024,HIGHNY-24JAN15-T34,43,0.05000000000000002,829.0,34.0,14.5,1147.0,100.0
2024,HIGHNY-24JAN16-B30.5,102,0.63,877.0,47.0,6.0,828.0,100.0
2024,HIGHNY-24JAN16-B32.5,135,0.06999999999999995,1203.0,107.0,10.0,527.0,100.0
2024,HIGHNY-24JAN16-B34.5,105,0.06,866.0,91.0,10.0,843.0,100.0
2024,HIGHNY-24JAN16-B36.5,140,0.07,918.0,86.0,11.0,451.0,100.0
2024,HIGHNY-24JAN16-T30,4,0.055,0.0,3.0,1194.0,1489.0,100.0
2024,HIGHNY-24JAN16-T37,62,0.2,0.0,29.0,23.0,879.0,100.0
2024,HIGHNY-24JAN17-B22.5,14,0.12000000000000001,0.0,10.0,39.0,1634.0,100.0
2024,HIGHNY-24JAN17-B24.5,107,0.07,1716.0,88.0,9.5,1110.0,100.0
2024,HIGHNY-24JAN17-B26.5,125,0.08999999999999997,1379.0,84.0,11.0,1059.0,100.0
2024,HIGHNY-24JAN17-B28.5,152,0.15999999999999998,1616.0,79.0,8.0,1052.0,100.0
2024,HIGHNY-24JAN17-T22,8,0.095,0.0,5.0,166.0,1694.0,100.0
2024,HIGHNY-24JAN17-T29,123,0.28,1.0,75.0,8.0,1029.0,100.0
2024,HIGHNY-24JAN18-B29.5,13,0.11,400.0,10.0,55.0,1416.0,100.0
2024,HIGHNY-24JAN18-B31.5,119,0.06000000000000001,1735.0,90.0,7.0,542.0,100.0
2024,HIGHNY-24JAN18-B33.5,92,0.06999999999999995,1065.0,74.0,8.0,828.0,100.0
2024,HIGHNY-24JAN18-B35.5,196,0.85,752.0,49.0,25.0,570.0,100.0
2024,HIGHNY-24JAN18-T29,4,0.055,0.0,3.0,1086.0,1597.0,100.0
2024,HIGHNY-24JAN18-T36,131,0.23,554.0,50.0,8.5,828.0,100.0
2024,HIGHNY-24JAN19-B28.5,41,0.05000000000000002,1172.0,37.0,11.0,964.0,100.0
2024,HIGHNY-24JAN19-B30.5,62,0.07,1855.0,48.0,11.0,777.0,100.0
2024,HIGHNY-24JAN19-B32.5,70,0.07,479.0,53.0,10.0,777.0,100.0
2024,HIGHNY-24JAN19-B34.5,49,0.19,0.0,29.0,17.0,1202.0,100.0
2024,HIGHNY-24JAN19-T28,7,0.09,0.0,4.0,644.5,1380.0,100.0
2024,HIGHNY-24JAN19-T35,45,0.25,0.0,20.0,33.5,1025.0,100.0
2024,HIGHNY-24JAN20-B20.5,9,0.11,0.0,8.0,101.5,1379.0,100.0
2024,HIGHNY-24JAN20-B22.5,36,0.06,1372.0,33.0,11.0,743.0,100.0
2024,HIGHNY-24JAN20-B24.5,61,0.08,1544.0,49.0,21.0,859.0,100.0
2024,HIGHNY-24JAN20-B26.5,82,0.1399999999999999,1940.0,62.0,12.0,612.0,100.0
2024,HIGHNY-24JAN20-T20,8,0.095,0.0,7.0,123.0,1379.0,100.0
2024,HIGHNY-24JAN20-T27,78,0.18,241.0,59.0,14.0,715.0,100.0
2024,HIGHNY-24JAN21-B27.5,4,0.065,0.0,3.0,1087.0,1597.0,100.0
2024,HIGHNY-24JAN21-B29.5,80,0.07999999999999996,912.0,68.0,9.5,968.0,100.0
2024,HIGHNY-24JAN21-B31.5,77,0.07,803.0,64.0,11.0,837.0,100.0
2024,HIGHNY-24JAN21-B33.5,59,0.08,1123.0,38.0,11.0,1072.0,100.0
2024,HIGHNY-24JAN21-T27,7,0.1,1.0,6.0,294.5,1148.0,100.0
2024,HIGHNY-24JAN21-T34,40,0.27,0.0,25.0,13.0,1070.0,100.0
2024,HIGHNY-24JAN22-B35.5,74,0.07,2150.0,56.0,11.0,796.0,100.0
2024,HIGHNY-24JAN22-B37.5,89,0.06000000000000005,454.0,71.0,9.0,470.0,100.0
2024,HIGHNY-24JAN22-B39.5,85,0.06,808.0,69.0,9.0,943.0,100.0
2024,HIGHNY-24JAN22-B41.5,45,0.06000000000000001,230.0,33.0,11.0,1205.0,100.0
2024,HIGHNY-24JAN22-T35,21,0.92,7.0,12.0,39.5,1078.0,100.0
2024,HIGHNY-24JAN22-T42,30,0.23,0.0,11.0,18.0,1241.0,100.0
2024,HIGHNY-24JAN23-B36.5,66,0.06999999999999999,938.0,52.0,10.5,1327.0,100.0
2024,HIGHNY-24JAN23-B38.5,136,0.08000000000000002,12693.0,106.0,7.0,583.0,100.0
2024,HIGHNY-24JAN23-B40.5,142,0.08999999999999997,2454.0,116.0,7.0,426.0,100.0
2024,HIGHNY-24JAN23-B42.5,118,0.1,1023.0,83.0,4.0,623.0,100.0
2024,HIGHNY-24JAN23-T36,8,0.1,1.0,7.0,94.0,1379.0,100.0
2024,HIGHNY-24JAN23-T43,105,0.21,10.0,53.0,7.0,1142.0,100.0
2024,HIGHNY-24JAN24-B37.5,4,0.065,0.0,3.0,1304.0,1379.0,100.0
2024,HIGHNY-24JAN24-B39.5,6,0.125,0.0,5.0,513.0,1355.0,100.0
2024,HIGHNY-24JAN24-B41.5,11,0.56,0.0,10.0,49.5,1206.0,100.0
2024,HIGHNY-24JAN24-B43.5,70,0.73,517.0,45.0,21.0,715.0,100.0
2024,HIGHNY-24JAN24-T37,5,0.1,1.0,4.0,651.5,1379.0,100.0
2024,HIGHNY-24JAN24-T44,81,0.52,1543.0,48.0,11.5,714.0,100.0
2024,HIGHNY-24JAN25-B48.5,7,0.12,2.0,6.0,272.0,1379.0,100.0
2024,HIGHNY-24JAN25-B50.5,60,0.06999999999999998,917.0,50.0,11.0,1147.0,100.0
2024,HIGHNY-24JAN25-B52.5,79,0.06,2736.0,63.0,11.0,890.0,100.0
2024,HIGHNY-24JAN25-B54.5,87,0.06,2193.0,65.0,10.0,889.0,100.0
2024,HIGHNY-24JAN25-T48,11,0.1,2.0,9.0,182.0,1379.0,100.0
2024,HIGHNY-24JAN25-T55,57,0.07,1223.0,48.0,7.5,1230.0,100.0
2024,HIGHNY-24JAN26-B42.5,5,0.05,0.0,4.0,651.5,1379.0,100.0
2024,HIGHNY-24JAN26-B44.5,8,0.01,1880.0,7.0,357.0,668.0,100.0
2024,HIGHNY-24JAN26-B46.5,102,0.07,507.0,92.0,7.0,850.0,100.0
2024,HIGHNY-24JAN26-B48.5,103,0.09,1122.0,88.0,8.5,619.0,100.0
2024,HIGHNY-24JAN26-T42,4,0.055,0.0,3.0,1304.0,1379.0,100.0
2024,HIGHNY-24JAN26-T49,142,0.09999999999999998,1952.0,113.0,7.0,896.0,100.0
2024,HIGHNY-24JAN27-B44.5,86,0.06,1074.0,73.0,4.0,1096.0,100.0
2024,HIGHNY-24JAN27-B46.5,85,0.06,751.0,72.0,6.5,989.0,100.0
2024,HIGHNY-24JAN27-B48.5,82,0.06,832.0,69.0,6.0,655.0,100.0
2024,HIGHNY-24JAN27-B50.5,85,0.22,0.0,70.0,6.0,1290.0,100.0
2024,HIGHNY-24JAN27-T44,6,0.085,1.0,5.0,237.0,1379.0,100.0
2024,HIGHNY-24JAN27-T51,97,0.27,0.0,76.0,5.0,1290.0,100.0
2024,HIGHNY-24JAN28-B37.5,4,0.06,0.0,3.0,1304.0,1379.0,100.0
2024,HIGHNY-24JAN28-B39.5,42,0.05,1.0,38.0,11.0,1379.0,100.0
2024,HIGHNY-24JAN28-B41.5,65,0.06,554.0,57.0,11.0,1379.0,100.0
2024,HIGHNY-24JAN28-B43.5,78,0.06,146.0,68.0,11.0,866.0,100.0
2024,HIGHNY-24JAN28-T37,4,0.055,0.0,3.0,1304.0,1379.0,100.0
2024,HIGHNY-24JAN28-T44,43,0.06,1.0,39.0,19.0,866.0,100.0
2024,HIGHNY-24JAN29-B38.5,6,0.10500000000000001,0.0,5.0,714.0,1086.0,100.0
2024,HIGHNY-24JAN29-B40.5,95,0.06999999999999995,873.0,73.0,11.0,659.0,100.0
2024,HIGHNY-24JAN29-B42.5,119,0.26,740.0,77.0,11.0,659.0,100.0
2024,HIGHNY-24JAN29-B44.5,84,0.06,157.0,64.0,11.0,659.0,100.0
2024,HIGHNY-24JAN29-T38,6,0.06,1.0,5.0,134.0,1397.0,100.0
2024,HIGHNY-24JAN29-T45,72,0.26,0.0,39.0,10.0,659.0,100.0
2024,HIGHNY-24JAN30-B33.5,5,0.1,0.0,4.0,651.5,1379.0,100.0
2024,HIGHNY-24JAN30-B35.5,51,0.06000000000000001,1515.0,40.0,11.0,1207.0,100.0
2024,HIGHNY-24JAN30-B37.5,77,0.07,942.0,68.0,11.0,356.0,100.0
2024,HIGHNY-24JAN30-B39.5,72,0.07,366.0,58.0,11.0,448.0,100.0
2024,HIGHNY-24JAN30-T33,5,0.06,0.0,4.0,651.5,1379.0,100.0
2024,HIGHNY-24JAN30-T40,63,0.22,5.0,36.0,11.0,481.0,100.0
2024,HIGHNY-24JAN31-B37.5,23,0.020000000000000004,1706.0,19.0,16.0,1176.0,100.0
2024,HIGHNY-24JAN31-B39.5,135,0.06999999999999995,2459.0,116.0,3.0,729.0,100.0
2024,HIGHNY-24JAN31-B41.5,106,0.06000000000000005,799.0,91.0,6.0,883.0,100.0
2024,HIGHNY-24JAN31-B43.5,103,0.06,346.0,78.0,4.0,1143.0,100.0
2024,HIGHNY-24JAN31-T37,6,0.06,1.0,5.0,134.0,1302.0,100.0
2024,HIGHNY-24JAN31-T44,89,0.18,294.0,56.0,6.5,1143.0,100.0
2024,HIGHNY-24JUL01-B76.5,125,0.05000000000000002,2867.0,99.0,6.0,860.0,100.0
2024,HIGHNY-24JUL01-B78.5,196,0.06,4713.0,139.0,4.0,421.0,100.0
2024,HIGHNY-24JUL01-B80.5,164,0.07,5028.0,121.0,4.0,522.0,100.0
2024,HIGHNY-24JUL01-B82.5,236,0.3,1726.0,104.0,7.0,482.0,100.0
2024,HIGHNY-24JUL01-T76,56,0.1,210.0,46.0,7.0,1111.0,100.0
2024,HIGHNY-24JUL01-T83,193,0.35,77.0,61.0,5.0,1055.0,100.0
2024,HIGHNY-24JUL02-B80.5,128,0.08000000000000002,583.0,90.0,6.0,847.0,100.0
2024,HIGHNY-24JUL02-B82.5,153,0.06,6863.0,114.0,3.5,473.0,100.0
2024,HIGHNY-24JUL02-B84.5,242,0.06999999999999997,6520.0,145.0,5.0,459.0,100.0
2024,HIGHNY-24JUL02-B86.5,400,0.26,2426.0,98.0,5.5,504.0,100.0
2024,HIGHNY-24JUL02-T80,57,0.12,161.0,44.0,9.0,1124.0,100.0
2024,HIGHNY-24JUL02-T87,76,0.02,39.0,32.0,8.5,740.0,100.0
2024,HIGHNY-24JUL03-B80.5,135,0.04999999999999999,4426.0,108.0,6.5,450.0,100.0
2024,HIGHNY-24JUL03-B82.5,181,0.04999999999999999,1119.0,142.0,6.0,441.0,100.0
2024,HIGHNY-24JUL03-B84.5,356,0.48,4123.0,130.0,7.0,440.0,100.0
2024,HIGHNY-24JUL03-B86.5,150,0.11000000000000001,3472.0,112.0,7.0,450.0,100.0
2024,HIGHNY-24JUL03-T80,65,0.13,27.0,53.0,9.0,509.0,100.0
2024,HIGHNY-24JUL03-T87,36,0.08,127.0,28.0,18.5,573.0,100.0
2024,HIGHNY-24JUL04-B82.5,175,0.09000000000000001,1250.0,122.0,3.0,944.0,100.0
2024,HIGHNY-24JUL04-B84.5,221,0.06,8006.0,143.0,3.0,815.0,100.0
2024,HIGHNY-24JUL04-B86.5,241,0.06,15816.0,166.0,4.0,774.0,100.0
2024,HIGHNY-24JUL04-B88.5,229,0.13,2219.0,155.0,6.0,658.0,100.0
2024,HIGHNY-24JUL04-T82,80,0.415,109.0,32.0,21.0,1087.0,100.0
2024,HIGHNY-24JUL04-T89,116,0.175,1861.0,55.0,14.0,601.0,100.0
2024,HIGHNY-24JUL05-B83.5,55,0.11000000000000001,159.0,45.0,5.0,1308.0,100.0
2024,HIGHNY-24JUL05-B85.5,109,0.06,1345.0,78.0,6.0,1059.0,100.0
2024,HIGHNY-24JUL05-B87.5,168,0.040000000000000036,10285.0,141.0,7.0,969.0,100.0
2024,HIGHNY-24JUL05-B89.5,265,0.45999999999999996,1867.0,131.0,3.0,672.0,100.0
2024,HIGHNY-24JUL05-T83,40,0.13999999999999999,7.0,31.0,9.0,1200.0,100.0
2024,HIGHNY-24JUL05-T90,87,0.19,3434.0,67.0,10.0,673.0,100.0
2024,HIGHNY-24JUL06-B84.5,136,0.13999999999999999,334.0,82.0,5.0,1145.0,100.0
2024,HIGHNY-24JUL06-B86.5,131,0.06,199.0,108.0,7.0,782.0,100.0
2024,HIGHNY-24JUL06-B88.5,155,0.04999999999999999,2309.0,137.0,6.0,873.0,100.0
2024,HIGHNY-24JUL06-B90.5,177,0.06,2834.0,148.0,4.0,690.0,100.0
2024,HIGHNY-24JUL06-T84,16,0.14,0.0,14.0,20.5,1145.0,100.0
2024,HIGHNY-24JUL06-T91,209,0.66,701.0,106.0,3.0,841.0,100.0
2024,HIGHNY-24JUL07-B87.5,307,0.65,543.0,108.0,4.0,1025.0,100.0
2024,HIGHNY-24JUL07-B89.5,155,0.04999999999999999,2468.0,117.0,4.0,567.0,100.0
2024,HIGHNY-24JUL07-B91.5,236,0.07,1387.0,152.0,4.0,666.0,100.0
2024,HIGHNY-24JUL07-B93.5,200,0.06,2106.0,150.0,4.0,514.0,100.0
2024,HIGHNY-24JUL07-T87,21,0.09,101.0,19.0,53.0,1034.0,100.0
2024,HIGHNY-24JUL07-T94,153,0.33,1279.0,87.0,8.0,510.0,100.0
2024,HIGHNY-24JUL08-B86.5,49,0.09000000000000001,2406.0,41.0,7.0,802.0,100.0
2024,HIGHNY-24JUL08-B88.5,126,0.07,2092.0,95.0,7.0,687.0,100.0
2024,HIGHNY-24JUL08-B90.5,206,0.04999999999999999,2130.0,148.0,7.0,507.0,100.0
2024,HIGHNY-24JUL08-B92.5,228,0.06,5756.0,153.0,4.0,423.0,100.0
2024,HIGHNY-24JUL08-T86,11,0.05,313.0,10.0,198.0,687.0,100.0
2024,HIGHNY-24JUL08-T93,226,0.24999999999999997,6559.0,91.0,6.0,681.0,100.0
2024,HIGHNY-24JUL09-B86.5,38,0.12000000000000001,145.0,32.0,10.0,845.0,100.0
2024,HIGHNY-24JUL09-B88.5,134,0.08,922.0,105.0,8.0,750.0,100.0
2024,HIGHNY-24JUL09-B90.5,168,0.07,1100.0,107.0,6.0,749.0,100.0
2024,HIGHNY-24JUL09-B92.5,121,0.04999999999999999,1170.0,93.0,9.0,706.0,100.0
2024,HIGHNY-24JUL09-T86,19,0.08,101.0,16.0,13.0,1267.0,100.0
2024,HIGHNY-24JUL09-T93,191,0.5599999999999999,1157.0,81.0,8.0,761.0,100.0
2024,HIGHNY-24JUL10-B85.5,115,0.11000000000000001,133.0,81.0,4.0,1207.0,100.0
2024,HIGHNY-24JUL10-B87.5,143,0.05000000000000002,1484.0,126.0,3.0,603.0,100.0
2024,HIGHNY-24JUL10-B89.5,169,0.06,7961.0,144.0,5.5,451.0,100.0
2024,HIGHNY-24JUL10-B91.5,160,0.05000000000000002,2611.0,135.0,3.0,485.0,100.0
2024,HIGHNY-24JUL10-T85,17,0.12000000000000001,4776.0,16.0,23.5,750.0,100.0
2024,HIGHNY-24JUL10-T92,87,0.08000000000000002,6057.0,82.0,3.0,583.0,100.0
2024,HIGHNY-24JUL11-B85.5,32,0.1,25.0,25.0,9.0,1154.0,100.0
2024,HIGHNY-24JUL11-B87.5,155,0.06,3507.0,123.0,5.0,858.0,100.0
2024,HIGHNY-24JUL11-B89.5,211,0.06999999999999995,1664.0,139.0,7.0,646.0,100.0
2024,HIGHNY-24JUL11-B91.5,203,0.06,3189.0,144.0,3.0,789.0,100.0
2024,HIGHNY-24JUL11-T85,25,0.12000000000000001,124.0,22.0,11.5,1040.0,100.0
2024,HIGHNY-24JUL11-T92,149,0.16999999999999998,1988.0,90.0,6.0,724.0,100.0
2024,HIGHNY-24JUL12-B81.5,228,0.09999999999999998,5158.0,128.0,3.0,883.0,100.0
2024,HIGHNY-24JUL12-B83.5,238,0.08000000000000002,3193.0,174.0,4.0,512.0,100.0
2024,HIGHNY-24JUL12-B85.5,201,0.08000000000000002,1162.0,139.0,3.0,664.0,100.0
2024,HIGHNY-24JUL12-B87.5,129,0.06,485.0,107.0,4.0,664.0,100.0
2024,HIGHNY-24JUL12-T81,88,0.35,432.0,36.0,6.5,1026.0,100.0
2024,HIGHNY-24JUL12-T88,52,0.06999999999999999,480.0,43.0,9.0,979.0,100.0
2024,HIGHNY-24JUL13-B82.5,274,0.08000000000000002,2205.0,122.0,3.0,671.0,100.0
2024,HIGHNY-24JUL13-B84.5,262,0.07,2555.0,141.0,3.0,797.0,100.0
2024,HIGHNY-24JUL13-B86.5,207,0.06,3544.0,160.0,4.0,660.0,100.0
2024,HIGHNY-24JUL13-B88.5,125,0.12,709.0,103.0,5.0,665.0,100.0
2024,HIGHNY-24JUL13-T82,243,0.36,1277.0,97.0,6.0,1060.0,100.0
2024,HIGHNY-24JUL13-T89,20,0.11499999999999999,541.0,19.0,36.0,794.0,100.0
2024,HIGHNY-24JUL14-B88.5,71,0.07,395.0,61.0,7.0,1026.0,100.0
2024,HIGHNY-24JUL14-B90.5,164,0.06999999999999998,10073.0,128.0,3.0,518.0,100.0
2024,HIGHNY-24JUL14-B92.5,199,0.06,1365.0,151.0,6.0,601.0,100.0
2024,HIGHNY-24JUL14-B94.5,141,0.03,1844.0,117.0,5.0,579.0,100.0
2024,HIGHNY-24JUL14-T88,32,0.285,120.0,22.0,26.5,1147.0,100.0
2024,HIGHNY-24JUL14-T95,64,0.09000000000000001,640.0,54.0,6.5,601.0,100.0
2024,HIGHNY-24JUL15-B91.5,311,0.53,2424.0,134.0,3.0,627.0,100.0
2024,HIGHNY-24JUL15-B93.5,271,0.07,2445.0,154.0,4.0,421.0,100.0
2024,HIGHNY-24JUL15-B95.5,209,0.06,2521.0,166.0,4.0,657.0,100.0
2024,HIGHNY-24JUL15-B97.5,173,0.09000000000000001,1210.0,131.0,3.0,670.0,100.0
2024,HIGHNY-24JUL15-T91,117,0.11,17204.0,79.0,4.0,1288.0,100.0
2024,HIGHNY-24JUL15-T98,85,0.11,823.0,76.0,3.0,670.0,100.0
2024,HIGHNY-24JUL16-B92.5,176,0.08000000000000002,4748.0,127.0,3.0,620.0,100.0
2024,HIGHNY-24JUL16-B94.5,310,0.08000000000000002,6160.0,169.0,3.0,632.0,100.0
2024,HIGHNY-24JUL16-B96.5,272,0.06,4134.0,168.0,4.0,663.0,100.0
2024,HIGHNY-24JUL16-B98.5,206,0.06,1862.0,115.0,5.0,535.0,100.0
2024,HIGHNY-24JUL16-T92,179,0.31,1173.0,60.0,2.0,1087.0,100.0
2024,HIGHNY-24JUL16-T99,233,0.12,849.0,89.0,5.0,777.0,100.0
2024,HIGHNY-24JUL17-B89.5,194,0.105,1771.0,143.0,4.0,491.0,100.0
2024,HIGHNY-24JUL17-B91.5,234,0.07,2201.0,148.0,4.0,471.0,100.0
2024,HIGHNY-24JUL17-B93.5,216,0.06,3304.0,153.0,3.0,471.0,100.0
2024,HIGHNY-24JUL17-B95.5,213,0.06,2755.0,145.0,3.0,471.0,100.0
2024,HIGHNY-24JUL17-T89,187,0.51,1073.0,65.0,4.0,957.0,100.0
2024,HIGHNY-24JUL17-T96,193,0.1,935.0,112.0,3.0,642.0,100.0
2024,HIGHNY-24JUL18-B84.5,145,0.06,4434.0,115.0,3.0,694.0,100.0
2024,HIGHNY-24JUL18-B86.5,180,0.07000000000000006,3038.0,138.0,5.0,647.0,100.0
2024,HIGHNY-24JUL18-B88.5,139,0.06,2095.0,114.0,6.0,686.0,100.0
2024,HIGHNY-24JUL18-B90.5,92,0.22,66.0,48.0,8.0,686.0,100.0
2024,HIGHNY-24JUL18-T84,102,0.125,848.0,73.0,7.0,1053.0,100.0
2024,HIGHNY-24JUL18-T91,23,0.06,78.0,19.0,23.0,843.0,100.0
2024,HIGHNY-24JUL19-B83.5,196,0.06999999999999995,1724.0,146.0,6.0,544.0,100.0
2024,HIGHNY-24JUL19-B85.5,209,0.06999999999999995,2618.0,146.0,5.0,581.0,100.0
2024,HIGHNY-24JUL19-B87.5,168,0.09999999999999999,626.0,121.0,5.0,581.0,100.0
2024,HIGHNY-24JUL19-B89.5,120,0.18,142.0,86.0,9.0,621.0,100.0
2024,HIGHNY-24JUL19-T83,131,0.06,1374.0,108.0,7.0,745.0,100.0
2024,HIGHNY-24JUL19-T90,46,0.1,50.0,39.0,11.0,947.0,100.0
2024,HIGHNY-24JUL20-B82.5,199,0.09,1899.0,150.0,5.0,577.0,100.0
2024,HIGHNY-24JUL20-B84.5,165,0.07999999999999996,1913.0,125.0,7.0,652.0,100.0
2024,HIGHNY-24JUL20-B86.5,157,0.06,1530.0,119.0,7.0,843.0,100.0
2024,HIGHNY-24JUL20-B88.5,83,0.08000000000000002,50.0,71.0,8.0,798.0,100.0
2024,HIGHNY-24JUL20-T82,42,0.08499999999999999,668.0,33.0,12.0,1008.0,100.0
2024,HIGHNY-24JUL20-T89,24,0.05,52.0,21.0,25.0,798.0,100.0
2024,HIGHNY-24JUL21-B84.5,233,0.71,1629.0,93.0,3.0,863.0,100.0
2024,HIGHNY-24JUL21-B86.5,174,0.06,2465.0,129.0,5.0,672.0,100.0
2024,HIGHNY-24JUL21-B88.5,189,0.12000000000000001,3470.0,115.0,4.0,514.0,100.0
2024,HIGHNY-24JUL21-B90.5,89,0.07999999999999999,71.0,71.0,15.0,614.0,100.0
2024,HIGHNY-24JUL21-T84,45,0.07,258.0,38.0,14.0,702.0,100.0
2024,HIGHNY-24JUL21-T91,24,0.049999999999999996,50.0,22.0,38.0,880.0,100.0
2024,HIGHNY-24JUL22-B81.5,108,0.08,1493.0,85.0,7.0,864.0,100.0
2024,HIGHNY-24JUL22-B83.5,161,0.06,2617.0,131.0,5.0,628.0,100.0
2024,HIGHNY-24JUL22-B85.5,268,0.25,1977.0,122.0,6.5,658.0,100.0
2024,HIGHNY-24JUL22-B87.5,129,0.06,953.0,105.0,8.0,658.0,100.0
2024,HIGHNY-24JUL22-T81,26,0.1,86.0,20.0,27.5,629.0,100.0
2024,HIGHNY-24JUL22-T88,38,0.1,134.0,33.0,11.0,658.0,100.0
2024,HIGHNY-24JUL23-B80.5,252,0.11,3363.0,170.0,3.0,562.0,100.0
2024,HIGHNY-24JUL23-B82.5,286,0.07999999999999996,5468.0,186.0,3.0,434.0,100.0
2024,HIGHNY-24JUL23-B84.5,247,0.06,4987.0,159.0,3.0,887.0,100.0
2024,HIGHNY-24JUL23-B86.5,214,0.06499999999999999,2130.0,159.0,3.0,615.0,100.0
2024,HIGHNY-24JUL23-T80,60,0.06,1198.0,48.0,9.0,667.0,100.0
2024,HIGHNY-24JUL23-T87,94,0.05000000000000002,845.0,75.0,3.0,1218.0,100.0
2024,HIGHNY-24JUL24-B79.5,161,0.06,1868.0,132.0,4.0,925.0,100.0
2024,HIGHNY-24JUL24-B81.5,186,0.06,2277.0,147.0,4.0,624.0,100.0
2024,HIGHNY-24JUL24-B83.5,176,0.06,3470.0,138.0,6.0,623.0,100.0
2024,HIGHNY-24JUL24-B85.5,95,0.12,537.0,82.0,7.0,623.0,100.0
2024,HIGHNY-24JUL24-T79,65,0.22999999999999998,4339.0,50.0,5.5,545.0,100.0
2024,HIGHNY-24JUL24-T86,9,0.1,50.0,7.0,27.0,1934.0,100.0
2024,HIGHNY-24JUL25-B81.5,108,0.07999999999999999,1022.0,95.0,6.0,775.0,100.0
2024,HIGHNY-24JUL25-B83.5,198,0.06,2564.0,160.0,3.0,548.0,100.0
2024,HIGHNY-24JUL25-B85.5,188,0.07,1501.0,156.0,4.0,644.0,100.0
2024,HIGHNY-24JUL25-B87.5,138,0.060000000000000026,1629.0,115.0,4.0,577.0,100.0
2024,HIGHNY-24JUL25-T81,18,0.065,577.0,17.0,30.0,1283.0,100.0
2024,HIGHNY-24JUL25-T88,62,0.435,328.0,44.0,13.0,644.0,100.0
2024,HIGHNY-24JUL26-B81.5,80,0.05000000000000002,2115.0,62.0,7.0,742.0,100.0
2024,HIGHNY-24JUL26-B83.5,234,0.07,2974.0,107.0,7.0,552.0,100.0
2024,HIGHNY-24JUL26-B85.5,155,0.06999999999999998,2908.0,123.0,6.0,498.0,100.0
2024,HIGHNY-24JUL26-B87.5,82,0.07,1307.0,70.0,7.5,686.0,100.0
2024,HIGHNY-24JUL26-T81,35,0.05,422.0,28.0,13.0,930.0,100.0
2024,HIGHNY-24JUL26-T88,26,0.07500000000000001,128.0,23.0,23.0,835.0,100.0
2024,HIGHNY-24JUL27-B83.5,94,0.05,2073.0,77.0,9.0,969.0,100.0
2024,HIGHNY-24JUL27-B85.5,241,0.13,3216.0,91.0,6.0,873.0,100.0
2024,HIGHNY-24JUL27-B87.5,147,0.06,2350.0,118.0,8.0,631.0,100.0
2024,HIGHNY-24JUL27-B89.5,94,0.10500000000000001,286.0,70.0,13.0,725.0,100.0
2024,HIGHNY-24JUL27-T83,16,0.08,66.0,15.0,119.0,868.0,100.0
2024,HIGHNY-24JUL27-T90,12,0.1,50.0,11.0,115.0,972.0,100.0
2024,HIGHNY-24JUL28-B82.5,30,0.07500000000000001,50.0,24.0,25.5,1026.0,100.0
2024,HIGHNY-24JUL28-B84.5,89,0.05000000000000002,1691.0,76.0,7.0,1026.0,100.0
2024,HIGHNY-24JUL28-B86.5,122,0.06,3477.0,99.0,6.0,614.0,100.0
2024,HIGHNY-24JUL28-B88.5,125,0.06,1681.0,102.0,5.5,640.0,100.0
2024,HIGHNY-24JUL28-T82,18,0.04,9444.0,17.0,37.0,941.0,100.0
2024,HIGHNY-24JUL28-T89,103,0.07,1003.0,94.0,7.0,449.0,100.0
2024,HIGHNY-24JUL29-B80.5,143,0.06,1830.0,80.0,3.0,803.0,100.0
2024,HIGHNY-24JUL29-B82.5,306,0.08000000000000002,3434.0,103.0,4.0,803.0,100.0
2024,HIGHNY-24JUL29-B84.5,152,0.050000000000000044,4038.0,112.0,4.5,430.0,100.0
2024,HIGHNY-24JUL29-B86.5,166,0.11000000000000001,1529.0,86.0,3.0,656.0,100.0
2024,HIGHNY-24JUL29-T80,48,0.01,1541.0,41.0,6.0,511.0,100.0
2024,HIGHNY-24JUL29-T87,44,0.07,94.0,20.0,26.0,692.0,100.0
2024,HIGHNY-24JUL30-B81.5,55,0.060000000000000005,257.0,45.0,12.0,879.0,100.0
2024,HIGHNY-24JUL30-B83.5,247,0.08,2353.0,110.0,4.0,879.0,100.0
2024,HIGHNY-24JUL30-B85.5,347,0.07,2622.0,117.0,3.0,879.0,100.0
2024,HIGHNY-24JUL30-B87.5,259,0.06999999999999999,4193.0,132.0,4.0,482.0,100.0
2024,HIGHNY-24JUL30-T81,19,0.04,198.0,17.0,38.0,840.0,100.0
2024,HIGHNY-24JUL30-T88,152,0.35,1755.0,70.0,7.0,495.0,100.0
2024,HIGHNY-24JUL31-B84.5,343,0.06,2092.0,140.0,3.0,814.0,100.0
2024,HIGHNY-24JUL31-B86.5,359,0.04999999999999999,4783.0,140.0,4.0,814.0,100.0
2024,HIGHNY-24JUL31-B88.5,567,0.07,4606.0,137.0,3.0,585.0,100.0
2024,HIGHNY-24JUL31-B90.5,243,0.05,1346.0,70.0,4.0,585.0,100.0
2024,HIGHNY-24JUL31-T84,299,0.13,1309.0,98.0,3.0,814.0,100.0
2024,HIGHNY-24JUL31-T91,98,0.04,246.0,25.0,38.0,585.0,100.0
2024,HIGHNY-24JUN01-B80.5,132,0.06999999999999998,1494.0,100.0,4.0,748.0,100.0
2024,HIGHNY-24JUN01-B82.5,138,0.06,911.0,104.0,7.0,659.0,100.0
2024,HIGHNY-24JUN01-B84.5,140,0.07,2234.0,97.0,7.0,559.0,100.0
2024,HIGHNY-24JUN01-B86.5,105,0.09,942.0,89.0,7.0,559.0,100.0
2024,HIGHNY-24JUN01-T80,67,0.15,0.0,53.0,1.0,1084.0,100.0
2024,HIGHNY-24JUN01-T87,112,0.13,170.0,88.0,1.5,641.0,100.0
2024,HIGHNY-24JUN02-B79.5,55,0.06,294.0,48.0,5.5,996.0,100.0
2024,HIGHNY-24JUN02-B81.5,103,0.06000000000000005,1528.0,83.0,8.0,695.0,100.0
2024,HIGHNY-24JUN02-B83.5,84,0.06,819.0,71.0,7.0,696.0,100.0
2024,HIGHNY-24JUN02-B85.5,108,0.06999999999999999,1102.0,86.0,4.0,527.0,100.0
2024,HIGHNY-24JUN02-T79,15,0.12,0.0,14.0,36.0,1167.0,100.0
2024,HIGHNY-24JUN02-T86,288,0.29,1079.0,67.0,1.0,494.0,100.0
2024,HIGHNY-24JUN03-B78.5,66,0.14,0.0,58.0,2.0,1146.0,100.0
2024,HIGHNY-24JUN03-B80.5,117,0.16,75.0,97.0,3.0,1146.0,100.0
2024,HIGHNY-24JUN03-B82.5,110,0.06,917.0,98.0,6.0,977.0,100.0
2024,HIGHNY-24JUN03-B84.5,110,0.06000000000000005,13991.0,98.0,3.5,814.0,100.0
2024,HIGHNY-24JUN03-T78,20,0.12,1402.0,18.0,3.5,625.0,100.0
2024,HIGHNY-24JUN03-T85,124,0.06,1224.0,110.0,6.0,961.0,100.0
2024,HIGHNY-24JUN04-B74.5,37,0.06,30.0,31.0,11.0,1206.0,100.0
2024,HIGHNY-24JUN04-B76.5,78,0.07499999999999997,1250.0,64.0,7.0,1026.0,100.0
2024,HIGHNY-24JUN04-B78.5,156,0.06499999999999999,2059.0,121.0,5.0,659.0,100.0
2024,HIGHNY-24JUN04-B80.5,130,0.06999999999999995,1293.0,105.0,6.0,729.0,100.0
2024,HIGHNY-24JUN04-T74,17,0.05000000000000002,15.0,13.0,8.0,1285.0,100.0
2024,HIGHNY-24JUN04-T81,66,0.08,3852.0,52.0,8.5,850.0,100.0
2024,HIGHNY-24JUN05-B76.5,191,0.08000000000000002,2672.0,159.0,4.0,717.0,100.0
2024,HIGHNY-24JUN05-B78.5,197,0.06,1172.0,170.0,3.0,424.0,100.0
2024,HIGHNY-24JUN05-B80.5,143,0.06,545.0,107.0,5.0,699.0,100.0
2024,HIGHNY-24JUN05-B82.5,128,0.16,831.0,105.0,3.0,519.0,100.0
2024,HIGHNY-24JUN05-T76,31,0.04,200.0,25.0,19.0,1086.0,100.0
2024,HIGHNY-24JUN05-T83,29,0.11,200.0,23.0,8.0,785.0,100.0
2024,HIGHNY-24JUN06-B78.5,125,0.06,1328.0,116.0,6.0,568.0,100.0
2024,HIGHNY-24JUN06-B80.5,180,0.06,2264.0,147.0,3.0,816.0,99.31972789115646
2024,HIGHNY-24JUN06-B82.5,173,0.06,1037.0,143.0,5.0,808.0,100.0
2024,HIGHNY-24JUN06-B84.5,172,0.19,1314.0,143.0,3.0,687.0,100.0
2024,HIGHNY-24JUN06-T78,54,0.11000000000000001,552.0,45.0,9.0,818.0,100.0
2024,HIGHNY-24JUN06-T85,216,0.21000000000000002,640.0,174.0,2.0,687.0,100.0
2024,HIGHNY-24JUN07-B80.5,136,0.07,15536.0,92.0,7.0,438.0,100.0
2024,HIGHNY-24JUN07-B82.5,147,0.06999999999999995,1353.0,106.0,8.0,560.0,100.0
2024,HIGHNY-24JUN07-B84.5,146,0.06,1895.0,105.0,6.0,560.0,100.0
2024,HIGHNY-24JUN07-B86.5,134,0.06,1570.0,92.0,5.0,821.0,100.0
2024,HIGHNY-24JUN07-T80,27,0.08000000000000002,130.0,25.0,23.0,1147.0,100.0
2024,HIGHNY-24JUN07-T87,35,0.15,467.0,24.0,27.5,830.0,100.0
2024,HIGHNY-24JUN08-B76.5,165,0.18,1028.0,138.0,4.0,569.0,100.0
2024,HIGHNY-24JUN08-B78.5,138,0.28,581.0,121.0,4.0,563.0,100.0
2024,HIGHNY-24JUN08-B80.5,100,0.06,1776.0,81.0,9.0,761.0,100.0
2024,HIGHNY-24JUN08-B82.5,90,0.25,22.0,83.0,8.0,686.0,100.0
2024,HIGHNY-24JUN08-T76,128,0.19,6468.0,113.0,3.0,638.0,100.0
2024,HIGHNY-24JUN08-T83,35,0.17,207.0,29.0,20.0,686.0,100.0
2024,HIGHNY-24JUN09-B76.5,156,0.06,1420.0,128.0,3.0,448.0,100.0
2024,HIGHNY-24JUN09-B78.5,129,0.050000000000000044,1529.0,106.0,5.5,658.0,100.0
2024,HIGHNY-24JUN09-B80.5,155,0.060000000000000026,657.0,140.0,3.0,706.0,100.0
2024,HIGHNY-24JUN09-B82.5,35,0.12,0.0,32.0,4.5,792.0,100.0
2024,HIGHNY-24JUN09-T76,152,0.28,568.0,130.0,3.0,616.0,100.0
2024,HIGHNY-24JUN09-T83,28,0.09,0.0,27.0,4.0,1036.0,100.0
2024,HIGHNY-24JUN10-B74.5,171,0.06,1628.0,148.0,6.0,505.0,100.0
2024,HIGHNY-24JUN10-B76.5,158,0.05500000000000001,1544.0,131.0,4.0,649.0,100.0
2024,HIGHNY-24JUN10-B78.5,203,0.26,898.0,176.0,3.0,650.0,100.0
2024,HIGHNY-24JUN10-B80.5,110,0.13999999999999999,251.0,100.0,4.0,842.0,100.0
2024,HIGHNY-24JUN10-T74,161,0.05,1453.0,138.0,3.0,1026.0,100.0
2024,HIGHNY-24JUN10-T81,10,0.03,0.0,9.0,54.0,1311.0,100.0
2024,HIGHNY-24JUN11-B74.5,138,0.04999999999999999,1444.0,115.0,5.0,629.0,100.0
2024,HIGHNY-24JUN11-B76.5,141,0.05000000000000002,2558.0,120.0,5.0,626.0,100.0
2024,HIGHNY-24JUN11-B78.5,129,0.16,1533.0,113.0,6.0,490.0,100.0
2024,HIGHNY-24JUN11-B80.5,73,0.15,0.0,64.0,10.5,1082.0,100.0
2024,HIGHNY-24JUN11-T74,135,0.06,2425.0,113.0,7.0,487.0,100.0
2024,HIGHNY-24JUN11-T81,32,0.1,0.0,25.0,13.0,1277.0,100.0
2024,HIGHNY-24JUN12-B76.5,148,0.06,1417.0,126.0,9.0,600.0,100.0
2024,HIGHNY-24JUN12-B78.5,132,0.06,639.0,106.0,10.0,600.0,100.0
2024,HIGHNY-24JUN12-B80.5,123,0.04999999999999999,814.0,94.0,8.0,722.0,100.0
2024,HIGHNY-24JUN12-B82.5,148,0.18,2.0,120.0,3.0,740.0,100.0
2024,HIGHNY-24JUN12-T76,141,0.05000000000000002,2665.0,120.0,7.0,666.0,100.0
2024,HIGHNY-24JUN12-T83,122,0.17,0.0,95.0,7.0,740.0,100.0
2024,HIGHNY-24JUN13-B81.5,90,0.04999999999999999,488.0,75.0,11.0,1077.0,100.0
2024,HIGHNY-24JUN13-B83.5,103,0.06,519.0,89.0,11.0,794.0,100.0
2024,HIGHNY-24JUN13-B85.5,82,0.06,1262.0,69.0,11.0,621.0,100.0
2024,HIGHNY-24JUN13-B87.5,27,0.12,300.0,22.0,35.5,965.0,100.0
2024,HIGHNY-24JUN13-T81,84,0.05500000000000001,655.0,74.0,11.0,1089.0,100.0
2024,HIGHNY-24JUN13-T88,25,0.12,0.0,19.0,31.0,1022.0,100.0
2024,HIGHNY-24JUN14-B82.5,99,0.05000000000000002,15059.0,81.0,7.0,571.0,100.0
2024,HIGHNY-24JUN14-B84.5,105,0.06,285.0,88.0,8.0,623.0,100.0
2024,HIGHNY-24JUN14-B86.5,118,0.06,1008.0,96.0,11.0,548.0,100.0
2024,HIGHNY-24JUN14-B88.5,147,0.13999999999999999,556.0,116.0,4.0,654.0,100.0
2024,HIGHNY-24JUN14-T82,41,0.09,1011.0,36.0,10.5,870.0,100.0
2024,HIGHNY-24JUN14-T89,17,0.05,306.0,15.0,49.0,849.0,100.0
2024,HIGHNY-24JUN15-B78.5,214,0.06,646.0,125.0,3.0,864.0,100.0
2024,HIGHNY-24JUN15-B80.5,170,0.06,1178.0,131.0,5.0,643.0,100.0
2024,HIGHNY-24JUN15-B82.5,159,0.05000000000000002,2049.0,131.0,6.0,628.0,100.0
2024,HIGHNY-24JUN15-B84.5,135,0.09,500.0,51.0,2.0,646.0,100.0
2024,HIGHNY-24JUN15-T78,138,0.05000000000000002,1372.0,91.0,4.0,887.0,100.0
2024,HIGHNY-24JUN15-T85,32,0.47,139.0,27.0,18.0,628.0,100.0
2024,HIGHNY-24JUN16-B73.5,81,0.06,5773.0,63.0,7.0,994.0,100.0
2024,HIGHNY-24JUN16-B75.5,149,0.07,12934.0,113.0,6.0,470.0,100.0
2024,HIGHNY-24JUN16-B77.5,125,0.06999999999999997,1638.0,93.0,7.0,575.0,100.0
2024,HIGHNY-24JUN16-B79.5,208,0.39,1817.0,91.0,7.0,507.0,100.0
2024,HIGHNY-24JUN16-T73,26,0.12,935.0,18.0,7.5,618.0,100.0
2024,HIGHNY-24JUN16-T80,83,0.07,1041.0,52.0,7.0,677.0,100.0
2024,HIGHNY-24JUN17-B80.5,205,0.07,1412.0,107.0,4.0,835.0,100.0
2024,HIGHNY-24JUN17-B82.5,171,0.07,824.0,141.0,4.0,430.0,100.0
2024,HIGHNY-24JUN17-B84.5,241,0.27,1302.0,128.0,4.0,445.0,100.0
2024,HIGHNY-24JUN17-B86.5,216,0.26,3820.0,108.0,5.0,644.0,100.0
2024,HIGHNY-24JUN17-T80,42,0.14500000000000002,1870.0,35.0,7.0,570.0,100.0
2024,HIGHNY-24JUN17-T87,58,0.05,5315.0,41.0,7.0,756.0,100.0
2024,HIGHNY-24JUN18-B86.5,216,0.08,3130.0,107.0,9.0,570.0,100.0
2024,HIGHNY-24JUN18-B88.5,181,0.07,5999.0,98.0,11.0,570.0,100.0
2024,HIGHNY-24JUN18-B90.5,182,0.20500000000000002,3369.0,86.0,11.0,592.0,100.0
2024,HIGHNY-24JUN18-B92.5,36,0.13,1245.0,27.0,25.0,919.0,100.0
2024,HIGHNY-24JUN18-T86,126,0.06999999999999998,3231.0,83.0,11.0,514.0,100.0
2024,HIGHNY-24JUN18-T93,37,0.11,24.0,20.0,13.0,1055.0,100.0
2024,HIGHNY-24JUN19-B87.5,132,0.06999999999999995,21118.0,115.0,10.0,444.0,100.0
2024,HIGHNY-24JUN19-B89.5,228,0.43,3736.0,90.0,7.0,432.0,100.0
2024,HIGHNY-24JUN19-B91.5,196,0.455,3670.0,75.0,11.0,510.0,100.0
2024,HIGHNY-24JUN19-B93.5,85,0.11,32.0,22.0,34.0,959.0,100.0
2024,HIGHNY-24JUN19-T87,161,0.29,6055.0,89.0,5.0,768.0,100.0
2024,HIGHNY-24JUN19-T94,85,0.11,32.0,23.0,33.0,876.0,100.0
2024,HIGHNY-24JUN20-B87.5,64,0.06,1722.0,54.0,10.0,1016.0,100.0
2024,HIGHNY-24JUN20-B89.5,126,0.06,3259.0,100.0,4.5,565.0,100.0
2024,HIGHNY-24JUN20-B91.5,144,0.07,1259.0,110.0,6.0,848.0,100.0
2024,HIGHNY-24JUN20-B93.5,144,0.06,3802.0,104.0,5.0,563.0,100.0
2024,HIGHNY-24JUN20-T87,14,0.060000000000000005,25.0,12.0,109.0,770.0,100.0
2024,HIGHNY-24JUN20-T94,29,0.060000000000000005,497.0,25.0,22.0,568.0,100.0
2024,HIGHNY-24JUN21-B88.5,167,0.11,1649.0,72.0,3.0,811.0,100.0
2024,HIGHNY-24JUN21-B90.5,164,0.06999999999999998,2416.0,109.0,3.0,460.0,100.0
2024,HIGHNY-24JUN21-B92.5,206,0.06,30832.0,119.0,4.0,459.0,100.0
2024,HIGHNY-24JUN21-B94.5,199,0.08000000000000002,4606.0,136.0,3.0,612.0,100.0
2024,HIGHNY-24JUN21-T88,105,0.12,486.0,56.0,4.0,685.0,100.0
2024,HIGHNY-24JUN21-T95,305,0.45,2523.0,67.0,6.0,518.0,100.0
2024,HIGHNY-24JUN22-B88.5,213,0.10999999999999999,2031.0,134.0,3.0,746.0,100.0
2024,HIGHNY-24JUN22-B90.5,169,0.05000000000000002,4108.0,143.0,4.0,859.0,100.0
2024,HIGHNY-24JUN22-B92.5,276,0.06,5652.0,154.0,4.0,540.0,100.0
2024,HIGHNY-24JUN22-B94.5,162,0.05500000000000001,2247.0,119.0,5.0,540.0,100.0
2024,HIGHNY-24JUN22-T88,47,0.09,173.0,17.0,49.0,830.0,100.0
2024,HIGHNY-24JUN22-T95,87,0.12,2114.0,83.0,7.0,540.0,100.0
2024,HIGHNY-24JUN23-B91.5,337,0.41,6477.0,113.0,4.0,545.0,100.0
2024,HIGHNY-24JUN23-B93.5,320,0.43,2076.0,142.0,3.0,546.0,100.0
2024,HIGHNY-24JUN23-B95.5,149,0.06,2683.0,106.0,5.0,546.0,100.0
2024,HIGHNY-24JUN23-B97.5,103,0.08000000000000002,2019.0,87.0,7.0,855.0,100.0
2024,HIGHNY-24JUN23-T91,95,0.07,1429.0,68.0,6.5,546.0,100.0
2024,HIGHNY-24JUN23-T98,73,0.07,527.0,62.0,14.0,589.0,100.0
2024,HIGHNY-24JUN24-B82.5,208,0.06,1824.0,159.0,3.0,763.0,100.0
2024,HIGHNY-24JUN24-B84.5,153,0.04999999999999999,1283.0,123.0,3.0,829.0,100.0
2024,HIGHNY-24JUN24-B86.5,189,0.15000000000000002,551.0,112.0,6.5,763.0,100.0
2024,HIGHNY-24JUN24-B88.5,46,0.13,193.0,39.0,27.0,763.0,100.0
2024,HIGHNY-24JUN24-T82,250,0.065,4672.0,145.0,3.0,536.0,100.0
2024,HIGHNY-24JUN24-T89,254,0.03,5.0,43.0,8.0,763.0,100.0
2024,HIGHNY-24JUN25-B87.5,244,0.07999999999999999,2958.0,106.0,4.0,947.0,100.0
2024,HIGHNY-24JUN25-B89.5,357,0.69,1106.0,116.0,7.0,621.0,100.0
2024,HIGHNY-24JUN25-B91.5,208,0.07,2862.0,120.0,5.5,621.0,100.0
2024,HIGHNY-24JUN25-B93.5,46,0.10500000000000001,173.0,39.0,22.0,616.0,100.0
2024,HIGHNY-24JUN25-T87,206,0.13,801.0,91.0,5.0,1145.0,100.0
2024,HIGHNY-24JUN25-T94,31,0.11,7.0,28.0,38.0,621.0,100.0
2024,HIGHNY-24JUN26-B84.5,194,0.18,0.0,74.0,4.0,1086.0,100.0
2024,HIGHNY-24JUN26-B86.5,272,0.29,0.0,71.0,4.0,1086.0,100.0
2024,HIGHNY-24JUN26-B88.5,111,0.09000000000000001,1885.0,79.0,7.0,649.0,100.0
2024,HIGHNY-24JUN26-B90.5,200,0.07,9111.0,122.0,5.0,422.0,100.0
2024,HIGHNY-24JUN26-T84,26,0.14,0.0,21.0,11.0,1146.0,100.0
2024,HIGHNY-24JUN26-T91,177,0.06000000000000005,10290.0,117.0,4.0,665.0,100.0
2024,HIGHNY-24JUN27-B82.5,180,0.06,2336.0,113.0,3.0,752.0,100.0
2024,HIGHNY-24JUN27-B84.5,202,0.06,1545.0,154.0,3.0,451.0,100.0
2024,HIGHNY-24JUN27-B86.5,163,0.07000000000000003,5511.0,117.0,4.0,462.0,100.0
2024,HIGHNY-24JUN27-B88.5,187,0.44999999999999996,562.0,33.0,10.0,752.0,100.0
2024,HIGHNY-24JUN27-T82,218,0.13,1477.0,111.0,3.0,813.0,100.0
2024,HIGHNY-24JUN27-T89,28,0.1,3.0,23.0,18.0,1288.0,100.0
2024,HIGHNY-24JUN28-B74.5,155,0.05000000000000002,2535.0,120.0,6.5,539.0,100.0
2024,HIGHNY-24JUN28-B76.5,205,0.06,7568.0,144.0,5.0,539.0,100.0
2024,HIGHNY-24JUN28-B78.5,185,0.07,3070.0,133.0,7.0,425.0,100.0
2024,HIGHNY-24JUN28-B80.5,355,0.61,1993.0,111.0,7.0,439.0,100.0
2024,HIGHNY-24JUN28-T74,93,0.08,2293.0,79.0,9.0,610.0,100.0
2024,HIGHNY-24JUN28-T81,135,0.91,988.0,20.0,18.0,767.0,100.0
2024,HIGHNY-24JUN29-B76.5,200,0.06,5986.0,121.0,4.0,556.0,100.0
2024,HIGHNY-24JUN29-B78.5,215,0.07000000000000006,1549.0,142.0,5.0,596.0,100.0
2024,HIGHNY-24JUN29-B80.5,474,0.71,2559.0,133.0,3.0,595.0,100.0
2024,HIGHNY-24JUN29-B82.5,156,0.26,736.0,92.0,10.0,595.0,100.0
2024,HIGHNY-24JUN29-T76,171,0.14,4329.0,75.0,4.0,600.0,100.0
2024,HIGHNY-24JUN29-T83,54,0.12,0.0,48.0,10.0,595.0,100.0
2024,HIGHNY-24JUN30-B85.5,333,0.08999999999999997,3536.0,155.0,3.0,494.0,100.0
2024,HIGHNY-24JUN30-B87.5,229,0.06999999999999995,1183.0,134.0,3.0,725.0,100.0
2024,HIGHNY-24JUN30-B89.5,193,0.16,1275.0,89.0,3.0,819.0,100.0
2024,HIGHNY-24JUN30-B91.5,180,0.595,1647.0,63.0,7.0,819.0,100.0
2024,HIGHNY-24JUN30-T85,359,0.33999999999999997,12031.0,120.0,3.5,460.0,100.0
2024,HIGHNY-24JUN30-T92,60,0.11,7817.0,36.0,10.5,734.0,100.0
2024,HIGHNY-24MAR01-B42.5,41,0.18,3777.0,33.0,24.0,1029.0,100.0
2024,HIGHNY-24MAR01-B44.5,72,0.065,5803.0,57.0,11.0,534.0,100.0
2024,HIGHNY-24MAR01-B46.5,90,0.06,5425.0,78.0,11.0,723.0,100.0
2024,HIGHNY-24MAR01-B48.5,82,0.12,303.0,72.0,11.0,534.0,100.0
2024,HIGHNY-24MAR01-T42,5,0.07,0.0,4.0,579.0,1536.0,100.0
2024,HIGHNY-24MAR01-T49,72,0.2,7.0,67.0,12.0,615.0,100.0
2024,HIGHNY-24MAR02-B46.5,13,0.11,0.0,12.0,36.0,1306.0,100.0
2024,HIGHNY-24MAR02-B48.5,82,0.06,2286.0,67.0,11.0,917.0,100.0
2024,HIGHNY-24MAR02-B50.5,88,0.06,2152.0,79.0,11.0,843.0,100.0
2024,HIGHNY-24MAR02-B52.5,101,0.07,2398.0,86.0,11.0,827.0,100.0
2024,HIGHNY-24MAR02-T46,6,0.03,0.0,5.0,169.0,1361.0,100.0
2024,HIGHNY-24MAR02-T53,45,0.2,1183.0,39.0,18.0,838.0,100.0
2024,HIGHNY-24MAR03-B56.5,11,0.1,0.0,8.0,20.5,1384.0,100.0
2024,HIGHNY-24MAR03-B58.5,31,0.16,0.0,27.0,8.0,1147.0,100.0
2024,HIGHNY-24MAR03-B60.5,88,0.06,2559.0,70.0,6.0,1131.0,100.0
2024,HIGHNY-24MAR03-B62.5,101,0.09000000000000001,1784.0,83.0,7.0,1086.0,100.0
2024,HIGHNY-24MAR03-T56,6,0.175,0.0,4.0,611.5,1447.0,100.0
2024,HIGHNY-24MAR03-T63,100,0.07,2424.0,80.0,6.0,692.0,100.0
2024,HIGHNY-24MAR04-B54.5,87,0.06,1312.0,73.0,7.0,677.0,100.0
2024,HIGHNY-24MAR04-B56.5,95,0.06,1073.0,86.0,7.0,818.0,100.0
2024,HIGHNY-24MAR04-B58.5,104,0.08000000000000002,1911.0,89.0,8.0,440.0,100.0
2024,HIGHNY-24MAR04-B60.5,66,0.325,180.0,53.0,10.0,693.0,100.0
2024,HIGHNY-24MAR04-T54,40,0.54,30.0,34.0,13.5,1371.0,100.0
2024,HIGHNY-24MAR04-T61,76,0.26,287.0,57.0,10.0,823.0,100.0
2024,HIGHNY-24MAR05-B47.5,91,0.5850000000000001,561.0,79.0,10.0,446.0,100.0
2024,HIGHNY-24MAR05-B49.5,114,0.07000000000000006,1942.0,94.0,11.0,426.0,100.0
2024,HIGHNY-24MAR05-B51.5,118,0.07,1433.0,98.0,11.0,425.0,100.0
2024,HIGHNY-24MAR05-B53.5,102,0.28500000000000003,615.0,79.0,6.0,665.0,100.0
2024,HIGHNY-24MAR05-T47,8,0.045,0.0,7.0,298.0,856.0,100.0
2024,HIGHNY-24MAR05-T54,58,0.26,150.0,44.0,8.0,674.0,100.0
2024,HIGHNY-24MAR06-B52.5,79,0.06,1443.0,59.0,11.0,835.0,100.0
2024,HIGHNY-24MAR06-B54.5,104,0.06999999999999995,1166.0,87.0,11.0,421.0,100.0
2024,HIGHNY-24MAR06-B56.5,91,0.07,1407.0,75.0,12.0,459.0,100.0
2024,HIGHNY-24MAR06-B58.5,91,0.21,1.0,70.0,7.0,531.0,100.0
2024,HIGHNY-24MAR06-T52,107,0.28,5901.0,85.0,4.0,731.0,100.0
2024,HIGHNY-24MAR06-T59,50,0.17,0.0,38.0,5.0,1352.0,100.0
2024,HIGHNY-24MAR07-B50.5,43,0.06,801.0,36.0,11.0,1380.0,100.0
2024,HIGHNY-24MAR07-B52.5,102,0.07,1045.0,88.0,8.0,1183.0,100.0
2024,HIGHNY-24MAR07-B54.5,120,0.07,1205.0,104.0,10.5,700.0,100.0
2024,HIGHNY-24MAR07-B56.5,106,0.07,1362.0,92.0,9.5,686.0,100.0
2024,HIGHNY-24MAR07-T50,11,0.625,67.0,7.0,60.0,1380.0,100.0
2024,HIGHNY-24MAR07-T57,51,0.19,71.0,33.0,14.0,686.0,100.0
2024,HIGHNY-24MAR08-B50.5,33,0.12,0.0,21.0,14.0,1146.0,100.0
2024,HIGHNY-24MAR08-B52.5,53,0.08000000000000002,290.0,44.0,9.0,1087.0,100.0
2024,HIGHNY-24MAR08-B54.5,72,0.07,779.0,61.0,10.0,967.0,100.0
2024,HIGHNY-24MAR08-B56.5,67,0.07,1394.0,60.0,11.0,720.0,100.0
2024,HIGHNY-24MAR08-T50,5,0.05,0.0,4.0,577.0,1537.0,100.0
2024,HIGHNY-24MAR08-T57,25,0.05,5.0,21.0,37.0,887.0,100.0
2024,HIGHNY-24MAR09-B47.5,99,0.09,2459.0,78.0,10.5,384.0,100.0
2024,HIGHNY-24MAR09-B49.5,132,0.08999999999999997,1642.0,105.0,11.0,433.0,100.0
2024,HIGHNY-24MAR09-B51.5,127,0.09000000000000002,2153.0,101.0,11.0,429.0,100.0
2024,HIGHNY-24MAR09-B53.5,108,0.19,86.0,85.0,11.0,651.0,100.0
2024,HIGHNY-24MAR09-T47,97,0.26,241.0,59.0,16.0,546.0,100.0
2024,HIGHNY-24MAR09-T54,62,0.27,373.0,47.0,13.0,484.0,100.0
2024,HIGHNY-24MAR10-B48.5,67,0.13,1992.0,57.0,11.0,588.0,100.0
2024,HIGHNY-24MAR10-B50.5,103,0.35,410.0,78.0,8.0,808.0,100.0
2024,HIGHNY-24MAR10-B52.5,90,0.07,1353.0,77.0,11.0,432.0,100.0
2024,HIGHNY-24MAR10-B54.5,111,0.07,637.0,92.0,7.0,808.0,100.0
2024,HIGHNY-24MAR10-T48,13,0.04,0.0,10.0,11.5,1146.0,100.0
2024,HIGHNY-24MAR10-T55,63,0.08,175.0,50.0,8.5,809.0,100.0
2024,HIGHNY-24MAR11-B46.5,41,0.13,0.0,34.0,18.0,1027.0,100.0
2024,HIGHNY-24MAR11-B48.5,92,0.175,545.0,67.0,13.0,588.0,100.0
2024,HIGHNY-24MAR11-B50.5,99,0.06999999999999998,1205.0,78.0,10.0,851.0,100.0
2024,HIGHNY-24MAR11-B52.5,97,0.08000000000000002,2029.0,80.0,11.0,588.0,100.0
2024,HIGHNY-24MAR11-T46,11,0.04,0.0,10.0,21.0,1086.0,100.0
2024,HIGHNY-24MAR11-T53,67,0.18000000000000002,1354.0,55.0,14.0,587.0,100.0
2024,HIGHNY-24MAR12-B57.5,10,0.13,0.0,7.0,257.0,1087.0,100.0
2024,HIGHNY-24MAR12-B59.5,74,0.24,2.0,64.0,12.0,948.0,100.0
2024,HIGHNY-24MAR12-B61.5,94,0.24,5414.0,78.0,6.0,658.0,100.0
2024,HIGHNY-24MAR12-B63.5,106,0.08000000000000002,885.0,89.0,7.0,1028.0,100.0
2024,HIGHNY-24MAR12-T57,6,0.52,0.0,3.0,1147.0,1534.0,100.0
2024,HIGHNY-24MAR12-T64,122,0.07000000000000006,5361.0,97.0,7.0,434.0,100.0
2024,HIGHNY-24MAR13-B64.5,117,0.08000000000000002,1930.0,91.0,7.0,582.0,100.0
2024,HIGHNY-24MAR13-B66.5,109,0.08999999999999998,1132.0,85.0,10.0,422.0,100.0
2024,HIGHNY-24MAR13-B68.5,103,0.06,585.0,79.0,9.0,982.0,100.0
2024,HIGHNY-24MAR13-B70.5,141,0.39,390.0,69.0,7.0,434.0,100.0
2024,HIGHNY-24MAR13-T64,154,0.11499999999999999,2634.0,114.0,8.0,621.0,100.0
2024,HIGHNY-24MAR13-T71,174,0.2,500.0,73.0,6.0,442.0,100.0
2024,HIGHNY-24MAR14-B67.5,52,0.06,251.0,37.0,19.0,1081.0,100.0
2024,HIGHNY-24MAR14-B69.5,98,0.1,2091.0,74.0,10.5,1012.0,100.0
2024,HIGHNY-24MAR14-B71.5,109,0.09999999999999998,4998.0,78.0,7.0,863.0,100.0
2024,HIGHNY-24MAR14-B73.5,116,0.08000000000000002,1710.0,91.0,8.0,562.0,100.0
2024,HIGHNY-24MAR14-T67,8,0.045,0.0,5.0,633.0,1081.0,100.0
2024,HIGHNY-24MAR14-T74,57,0.19000000000000003,823.0,50.0,22.0,673.0,100.0
2024,HIGHNY-24MAR15-B60.5,8,0.12,0.0,6.0,99.5,1380.0,100.0
2024,HIGHNY-24MAR15-B62.5,65,0.22,0.0,52.0,6.0,1206.0,100.0
2024,HIGHNY-24MAR15-B64.5,93,0.07,475.0,75.0,4.0,1206.0,100.0
2024,HIGHNY-24MAR15-B66.5,101,0.10999999999999999,1330.0,83.0,4.0,709.0,100.0
2024,HIGHNY-24MAR15-T60,3,0.01,0.0,2.0,1340.5,1380.0,100.0
2024,HIGHNY-24MAR15-T67,82,0.1,2561.0,64.0,7.0,1100.0,100.0
2024,HIGHNY-24MAR16-B55.5,17,0.12,935.0,15.0,49.0,1084.0,100.0
2024,HIGHNY-24MAR16-B57.5,65,0.06000000000000001,362.0,50.0,7.5,1020.0,100.0
2024,HIGHNY-24MAR16-B59.5,93,0.07,2415.0,73.0,8.0,976.0,100.0
2024,HIGHNY-24MAR16-B61.5,98,0.06,1622.0,79.0,11.0,684.0,100.0
2024,HIGHNY-24MAR16-T55,8,0.065,0.0,7.0,34.0,1313.0,100.0
2024,HIGHNY-24MAR16-T62,87,0.09000000000000002,1290.0,70.0,11.5,862.0,100.0
2024,HIGHNY-24MAR17-B58.5,19,0.05,146.0,15.0,55.0,1114.0,100.0
2024,HIGHNY-24MAR17-B60.5,66,0.06,1243.0,53.0,11.0,1084.0,100.0
2024,HIGHNY-24MAR17-B62.5,78,0.07999999999999996,927.0,59.0,11.0,651.0,100.0
2024,HIGHNY-24MAR17-B64.5,72,0.09,1248.0,57.0,11.0,651.0,100.0
2024,HIGHNY-24MAR17-T58,6,0.055,0.0,4.0,634.0,1412.0,100.0
2024,HIGHNY-24MAR17-T65,40,0.29,10.0,34.0,16.5,651.0,100.0
2024,HIGHNY-24MAR18-B47.5,25,0.94,587.0,15.0,40.0,1023.0,100.0
2024,HIGHNY-24MAR18-B49.5,84,0.07999999999999999,1776.0,59.0,7.0,663.0,100.0
2024,HIGHNY-24MAR18-B51.5,96,0.06000000000000005,1380.0,71.0,11.0,644.0,100.0
2024,HIGHNY-24MAR18-B53.5,72,0.07,2001.0,62.0,9.5,495.0,100.0
2024,HIGHNY-24MAR18-T47,15,0.04,41.0,12.0,133.5,1143.0,100.0
2024,HIGHNY-24MAR18-T54,41,0.13,3644.0,26.0,22.5,854.0,100.0
2024,HIGHNY-24MAR19-B45.5,31,0.06,678.0,23.0,19.0,1024.0,100.0
2024,HIGHNY-24MAR19-B47.5,70,0.07000000000000006,806.0,58.0,10.0,506.0,100.0
2024,HIGHNY-24MAR19-B49.5,85,0.07999999999999996,1118.0,74.0,11.0,618.0,100.0
2024,HIGHNY-24MAR19-B51.5,37,0.06,302.0,30.0,17.5,618.0,100.0
2024,HIGHNY-24MAR19-T45,9,0.01,188.0,7.0,268.0,1052.0,100.0
2024,HIGHNY-24MAR19-T52,7,0.19,0.0,6.0,307.5,1312.0,100.0
2024,HIGHNY-24MAR20-B51.5,31,0.11,246.0,28.0,12.0,1023.0,100.0
2024,HIGHNY-24MAR20-B53.5,84,0.06999999999999998,1926.0,68.0,8.0,840.0,100.0
2024,HIGHNY-24MAR20-B55.5,106,0.07,924.0,88.0,7.0,662.0,100.0
2024,HIGHNY-24MAR20-B57.5,102,0.07,1686.0,84.0,7.0,818.0,100.0
2024,HIGHNY-24MAR20-T51,32,0.07,246.0,28.0,10.0,1083.0,100.0
2024,HIGHNY-24MAR20-T58,69,0.08000000000000002,500.0,56.0,6.0,819.0,100.0
2024,HIGHNY-24MAR21-B40.5,77,0.06,1863.0,69.0,9.0,701.0,100.0
2024,HIGHNY-24MAR21-B42.5,95,0.06,931.0,76.0,11.0,584.0,100.0
2024,HIGHNY-24MAR21-B44.5,97,0.060000000000000005,883.0,74.0,11.0,558.0,100.0
2024,HIGHNY-24MAR21-B46.5,69,0.06000000000000001,709.0,44.0,20.5,558.0,100.0
2024,HIGHNY-24MAR21-T40,47,0.04000000000000001,213.0,35.0,21.0,1027.0,100.0
2024,HIGHNY-24MAR21-T47,68,0.20500000000000002,36.0,51.0,12.0,558.0,100.0
2024,HIGHNY-24MAR22-B41.5,45,0.75,50.0,41.0,2.0,1026.0,100.0
2024,HIGHNY-24MAR22-B43.5,72,0.07,726.0,62.0,11.0,631.0,100.0
2024,HIGHNY-24MAR22-B45.5,77,0.08000000000000002,667.0,64.0,11.0,818.0,100.0
2024,HIGHNY-24MAR22-B47.5,75,0.09999999999999999,1042.0,62.0,5.0,685.0,100.0
2024,HIGHNY-24MAR22-T41,69,0.62,48.0,58.0,2.0,1087.0,100.0
2024,HIGHNY-24MAR22-T48,35,0.24,18.0,29.0,6.0,1009.0,100.0
2024,HIGHNY-24MAR23-B48.5,39,0.11,6234.0,29.0,14.0,781.0,100.0
2024,HIGHNY-24MAR23-B50.5,81,0.22999999999999998,745.0,66.0,4.0,571.0,100.0
2024,HIGHNY-24MAR23-B52.5,86,0.07,1110.0,64.0,7.0,783.0,100.0
2024,HIGHNY-24MAR23-B54.5,76,0.07,939.0,55.0,6.0,804.0,100.0
2024,HIGHNY-24MAR23-T48,10,0.01,1158.0,6.0,48.5,883.0,100.0
2024,HIGHNY-24MAR23-T55,85,0.06999999999999998,421.0,65.0,6.0,804.0,100.0
2024,HIGHNY-24MAR24-B43.5,24,0.965,10.0,16.0,49.5,1027.0,100.0
2024,HIGHNY-24MAR24-B45.5,72,0.06999999999999999,1139.0,61.0,11.0,868.0,100.0
2024,HIGHNY-24MAR24-B47.5,95,0.09000000000000002,1330.0,79.0,11.0,662.0,100.0
2024,HIGHNY-24MAR24-B49.5,106,0.10999999999999999,1972.0,89.0,9.0,432.0,100.0
2024,HIGHNY-24MAR24-T43,24,0.88,497.0,18.0,49.0,982.0,100.0
2024,HIGHNY-24MAR24-T50,35,0.25,285.0,28.0,39.5,726.0,100.0
2024,HIGHNY-24MAR25-B48.5,34,0.1,958.0,31.0,49.0,782.0,100.0
2024,HIGHNY-24MAR25-B50.5,100,0.07,11914.0,88.0,10.0,505.0,100.0
2024,HIGHNY-24MAR25-B52.5,102,0.07,2041.0,84.0,11.0,541.0,100.0
2024,HIGHNY-24MAR25-B54.5,89,0.16,992.0,74.0,12.5,471.0,100.0
2024,HIGHNY-24MAR25-T48,34,0.08,10.0,30.0,36.0,1027.0,100.0
2024,HIGHNY-24MAR25-T55,85,0.17,523.0,71.0,8.0,664.0,100.0
2024,HIGHNY-24MAR26-B46.5,70,0.065,624.0,62.0,11.0,1146.0,100.0
2024,HIGHNY-24MAR26-B48.5,89,0.06,431.0,76.0,8.0,1067.0,100.0
2024,HIGHNY-24MAR26-B50.5,85,0.07,990.0,78.0,5.5,954.0,100.0
2024,HIGHNY-24MAR26-B52.5,79,0.14,934.0,63.0,7.0,846.0,100.0
2024,HIGHNY-24MAR26-T46,15,0.49999999999999994,89.0,12.0,57.0,1261.0,100.0
2024,HIGHNY-24MAR26-T53,60,0.25,545.0,42.0,14.5,882.0,100.0
2024,HIGHNY-24MAR27-B52.5,133,0.08000000000000002,2103.0,102.0,5.5,666.0,100.0
2024,HIGHNY-24MAR27-B54.5,143,0.07999999999999996,1539.0,111.0,5.0,654.0,100.0
2024,HIGHNY-24MAR27-B56.5,111,0.08000000000000002,1586.0,91.0,8.0,759.0,100.0
2024,HIGHNY-24MAR27-B58.5,112,0.15,1435.0,81.0,8.0,471.0,100.0
2024,HIGHNY-24MAR27-T52,86,0.08,3076.0,61.0,10.0,437.0,100.0
2024,HIGHNY-24MAR27-T59,100,0.195,91.0,64.0,8.0,813.0,100.0
2024,HIGHNY-24MAR28-B51.5,93,0.07500000000000001,313.0,80.0,11.0,553.0,100.0
2024,HIGHNY-24MAR28-B53.5,84,0.08000000000000002,432.0,71.0,10.0,553.0,100.0
2024,HIGHNY-24MAR28-B55.5,60,0.07,265.0,51.0,11.0,558.0,100.0
2024,HIGHNY-24MAR28-B57.5,48,0.43000000000000005,240.0,42.0,11.0,750.0,100.0
2024,HIGHNY-24MAR28-T51,81,0.059999999999999984,4172.0,70.0,9.0,553.0,100.0
2024,HIGHNY-24MAR28-T58,49,0.24,100.0,42.0,19.0,647.0,100.0
2024,HIGHNY-24MAR29-B51.5,36,0.94,698.0,32.0,33.0,778.0,100.0
2024,HIGHNY-24MAR29-B53.5,67,0.06,1475.0,57.0,15.0,1027.0,100.0
2024,HIGHNY-24MAR29-B55.5,84,0.050000000000000044,1744.0,70.0,11.0,543.0,100.0
2024,HIGHNY-24MAR29-B57.5,96,0.06,2342.0,83.0,13.0,479.0,100.0
2024,HIGHNY-24MAR29-T51,22,0.060000000000000005,934.0,20.0,35.0,810.0,100.0
2024,HIGHNY-24MAR29-T58,54,0.215,1558.0,50.0,35.5,542.0,100.0
2024,HIGHNY-24MAR30-B55.5,29,0.13,133.0,24.0,18.5,1027.0,100.0
2024,HIGHNY-24MAR30-B57.5,93,0.06,622.0,75.0,11.0,1027.0,100.0
2024,HIGHNY-24MAR30-B59.5,111,0.07,4076.0,87.0,10.0,592.0,100.0
2024,HIGHNY-24MAR30-B61.5,114,0.04999999999999999,1245.0,97.0,11.0,747.0,100.0
2024,HIGHNY-24MAR30-T55,25,0.47,201.0,20.0,21.0,1087.0,100.0
2024,HIGHNY-24MAR30-T62,47,0.19999999999999998,745.0,41.0,9.0,780.0,100.0
2024,HIGHNY-24MAR31-B57.5,23,0.06,6.0,19.0,14.0,1257.0,100.0
2024,HIGHNY-24MAR31-B59.5,74,0.05000000000000001,956.0,65.0,11.0,525.0,100.0
2024,HIGHNY-24MAR31-B61.5,102,0.06,1323.0,93.0,11.0,494.0,100.0
2024,HIGHNY-24MAR31-B63.5,99,0.05,1234.0,86.0,11.0,458.0,100.0
2024,HIGHNY-24MAR31-T57,21,0.08,10.0,15.0,16.0,1147.0,100.0
2024,HIGHNY-24MAR31-T64,63,0.16,1141.0,53.0,6.0,806.0,100.0
2024,HIGHNY-24MAY01-B66.5,265,0.17,0.0,37.0,4.0,1146.0,100.0
2024,HIGHNY-24MAY01-B68.5,90,0.13,8.0,44.0,4.0,1157.0,100.0
2024,HIGHNY-24MAY01-B70.5,158,0.14,373.0,53.0,3.0,1146.0,100.0
2024,HIGHNY-24MAY01-B72.5,81,0.05000000000000002,151.0,76.0,7.0,927.0,100.0
2024,HIGHNY-24MAY01-T66,9,0.09,0.0,7.0,326.0,1207.0,100.0
2024,HIGHNY-24MAY01-T73,79,0.05999999999999994,1129.0,73.0,4.0,1086.0,100.0
2024,HIGHNY-24MAY02-B80.5,253,0.12,2272.0,197.0,2.0,839.0,100.0
2024,HIGHNY-24MAY02-B82.5,185,0.06,1242.0,141.0,3.0,839.0,100.0
2024,HIGHNY-24MAY02-B84.5,173,0.06,2085.0,142.0,3.0,739.0,100.0
2024,HIGHNY-24MAY02-B86.5,154,0.06,2386.0,128.0,3.0,542.0,100.0
2024,HIGHNY-24MAY02-T80,217,0.53,212.0,48.0,2.5,628.0,100.0
2024,HIGHNY-24MAY02-T87,49,0.17,1582.0,41.0,17.0,884.0,100.0
2024,HIGHNY-24MAY03-B63.5,135,0.73,471.0,109.0,2.0,934.0,100.0
2024,HIGHNY-24MAY03-B65.5,274,0.64,935.0,227.0,2.0,546.0,100.0
2024,HIGHNY-24MAY03-B67.5,327,0.32,987.0,145.0,7.0,534.0,100.0
2024,HIGHNY-24MAY03-B69.5,128,0.06,42.0,83.0,7.0,595.0,100.0
2024,HIGHNY-24MAY03-T63,15,0.09,23.0,13.0,49.0,1026.0,100.0
2024,HIGHNY-24MAY03-T70,332,0.09,139.0,109.0,5.0,478.0,100.0
2024,HIGHNY-24MAY04-B59.5,10,0.035,0.0,9.0,33.0,1356.0,100.0
2024,HIGHNY-24MAY04-B61.5,251,0.12,1224.0,88.0,3.0,807.0,100.0
2024,HIGHNY-24MAY04-B63.5,178,0.06000000000000001,792.0,95.0,8.0,562.0,100.0
2024,HIGHNY-24MAY04-B65.5,169,0.07499999999999996,1027.0,133.0,3.0,562.0,100.0
2024,HIGHNY-24MAY04-T59,10,0.035,0.0,8.0,132.5,1357.0,100.0
2024,HIGHNY-24MAY04-T66,197,0.66,2188.0,112.0,3.0,651.0,100.0
2024,HIGHNY-24MAY05-B55.5,186,0.08000000000000002,3051.0,149.0,4.0,511.0,100.0
2024,HIGHNY-24MAY05-B57.5,185,0.06,1849.0,154.0,4.0,746.0,100.0
2024,HIGHNY-24MAY05-B59.5,156,0.06,2500.0,129.0,4.0,511.0,100.0
2024,HIGHNY-24MAY05-B61.5,155,0.09,1169.0,95.0,2.0,599.0,100.0
2024,HIGHNY-24MAY05-T55,106,0.59,614.0,88.0,10.0,589.0,100.0
2024,HIGHNY-24MAY05-T62,59,0.04999999999999999,1312.0,52.0,8.0,626.0,100.0
2024,HIGHNY-24MAY06-B73.5,180,0.06,753.0,130.0,5.0,483.0,100.0
2024,HIGHNY-24MAY06-B75.5,209,0.19,431.0,117.0,3.0,483.0,100.0
2024,HIGHNY-24MAY06-B77.5,84,0.18,534.0,68.0,10.5,483.0,100.0
2024,HIGHNY-24MAY06-B79.5,337,0.21,0.0,107.0,3.0,483.0,100.0
2024,HIGHNY-24MAY06-T73,149,0.07999999999999996,2920.0,126.0,6.0,613.0,100.0
2024,HIGHNY-24MAY06-T80,69,0.13,0.0,48.0,2.0,1365.0,100.0
2024,HIGHNY-24MAY07-B75.5,50,0.06000000000000001,1380.0,41.0,15.0,727.0,100.0
2024,HIGHNY-24MAY07-B77.5,131,0.06999999999999998,4002.0,94.0,5.0,830.0,100.0
2024,HIGHNY-24MAY07-B79.5,210,0.06,819.0,151.0,4.0,449.0,100.0
2024,HIGHNY-24MAY07-B81.5,178,0.07999999999999996,2711.0,132.0,3.0,474.0,100.0
2024,HIGHNY-24MAY07-T75,17,0.78,24.0,6.0,42.5,2133.0,100.0
2024,HIGHNY-24MAY07-T82,149,0.09,2181.0,115.0,5.0,484.0,100.0
2024,HIGHNY-24MAY08-B76.5,11,0.03,472.0,10.0,53.0,1046.0,100.0
2024,HIGHNY-24MAY08-B78.5,42,0.41,213.0,38.0,25.0,559.0,100.0
2024,HIGHNY-24MAY08-B80.5,78,0.06,615.0,66.0,4.5,1025.0,100.0
2024,HIGHNY-24MAY08-B82.5,167,0.06000000000000001,1919.0,113.0,3.0,671.0,100.0
2024,HIGHNY-24MAY08-T76,7,0.01,471.0,6.0,451.0,1046.0,100.0
2024,HIGHNY-24MAY08-T83,162,0.07999999999999996,2920.0,117.0,5.0,709.0,100.0
2024,HIGHNY-24MAY09-B67.5,17,0.565,1448.0,14.0,49.5,682.0,100.0
2024,HIGHNY-24MAY09-B69.5,107,0.21500000000000002,9004.0,76.0,10.5,598.0,100.0
2024,HIGHNY-24MAY09-B71.5,233,0.33000000000000007,1567.0,113.0,11.0,633.0,100.0
2024,HIGHNY-24MAY09-B73.5,186,0.37,2567.0,97.0,10.0,570.0,100.0
2024,HIGHNY-24MAY09-T67,4,0.025,0.0,3.0,1102.0,1379.0,100.0
2024,HIGHNY-24MAY09-T74,301,0.61,1994.0,81.0,11.0,633.0,100.0
2024,HIGHNY-24MAY10-B53.5,22,0.15,9556.0,19.0,22.0,919.0,100.0
2024,HIGHNY-24MAY10-B55.5,101,0.39499999999999996,221.0,65.0,11.0,600.0,100.0
2024,HIGHNY-24MAY10-B57.5,174,0.29,1684.0,101.0,10.0,600.0,100.0
2024,HIGHNY-24MAY10-B59.5,212,0.030000000000000027,987.0,109.0,9.0,508.0,100.0
2024,HIGHNY-24MAY10-T53,9,0.01,354.0,6.0,86.5,1300.0,100.0
2024,HIGHNY-24MAY10-T60,206,0.030000000000000013,1223.0,97.0,9.0,693.0,100.0
2024,HIGHNY-24MAY11-B60.5,166,0.06,1536.0,118.0,3.0,666.0,100.0
2024,HIGHNY-24MAY11-B62.5,129,0.06,4280.0,105.0,7.0,837.0,100.0
2024,HIGHNY-24MAY11-B64.5,268,0.30500000000000005,1327.0,191.0,2.0,711.0,100.0
2024,HIGHNY-24MAY11-B66.5,92,0.06,1571.0,80.0,3.0,845.0,100.0
2024,HIGHNY-24MAY11-T60,23,0.09,0.0,7.0,89.0,1357.0,100.0
2024,HIGHNY-24MAY11-T67,64,0.05,671.0,41.0,12.0,845.0,100.0
2024,HIGHNY-24MAY12-B53.5,102,0.06,932.0,88.0,8.0,731.0,100.0
2024,HIGHNY-24MAY12-B55.5,163,0.07,827.0,111.0,3.0,646.0,100.0
2024,HIGHNY-24MAY12-B57.5,93,0.05,640.0,89.0,8.0,664.0,100.0
2024,HIGHNY-24MAY12-B59.5,92,0.2,1265.0,77.0,8.0,650.0,100.0
2024,HIGHNY-24MAY12-T53,77,0.11,964.0,53.0,1.0,1023.0,100.0
2024,HIGHNY-24MAY12-T60,26,0.04,1012.0,22.0,34.0,983.0,100.0
2024,HIGHNY-24MAY13-B64.5,48,0.13,621.0,29.0,20.0,546.0,100.0
2024,HIGHNY-24MAY13-B66.5,117,0.09,1278.0,84.0,7.0,459.0,100.0
2024,HIGHNY-24MAY13-B68.5,281,0.63,317.0,141.0,3.0,459.0,100.0
2024,HIGHNY-24MAY13-B70.5,311,0.74,795.0,140.0,2.0,459.0,100.0
2024,HIGHNY-24MAY13-T64,35,0.1,807.0,24.0,15.5,1019.0,100.0
2024,HIGHNY-24MAY13-T71,281,0.67,1517.0,140.0,3.0,994.0,100.0
2024,HIGHNY-24MAY14-B71.5,178,0.535,295.0,71.0,4.0,572.0,100.0
2024,HIGHNY-24MAY14-B73.5,219,0.08000000000000002,1667.0,113.0,7.0,572.0,100.0
2024,HIGHNY-24MAY14-B75.5,135,0.06,690.0,115.0,6.0,572.0,100.0
2024,HIGHNY-24MAY14-B77.5,126,0.06,1646.0,84.0,7.5,469.0,100.0
2024,HIGHNY-24MAY14-T71,95,0.1,4041.0,38.0,8.0,950.0,100.0
2024,HIGHNY-24MAY14-T78,244,0.49000000000000005,1133.0,86.0,7.5,572.0,100.0
2024,HIGHNY-24MAY15-B65.5,200,0.14000000000000007,1404.0,121.0,4.0,506.0,100.0
2024,HIGHNY-24MAY15-B67.5,132,0.06,715.0,102.0,3.0,663.0,100.0
2024,HIGHNY-24MAY15-B69.5,227,0.34,556.0,80.0,3.0,506.0,100.0
2024,HIGHNY-24MAY15-B71.5,153,0.23,7.0,71.0,4.0,506.0,100.0
2024,HIGHNY-24MAY15-T65,376,0.41000000000000003,969.0,135.0,3.0,506.0,100.0
2024,HIGHNY-24MAY15-T72,80,0.16,0.0,49.0,3.0,531.0,100.0
2024,HIGHNY-24MAY16-B61.5,87,0.11000000000000001,1287.0,48.0,3.0,700.0,100.0
2024,HIGHNY-24MAY16-B63.5,349,0.45999999999999996,1658.0,131.0,3.0,647.0,100.0
2024,HIGHNY-24MAY16-B65.5,275,0.10000000000000003,1701.0,166.0,3.0,647.0,100.0
2024,HIGHNY-24MAY16-B67.5,356,0.6599999999999999,956.0,140.0,3.0,647.0,100.0
2024,HIGHNY-24MAY16-T61,71,0.09,56.0,37.0,3.0,1146.0,100.0
2024,HIGHNY-24MAY16-T68,394,0.9299999999999999,696.0,155.0,3.0,647.0,100.0
2024,HIGHNY-24MAY17-B70.5,350,0.8,1210.0,63.0,3.0,766.0,100.0
2024,HIGHNY-24MAY17-B72.5,274,0.06000000000000001,947.0,141.0,3.0,567.0,100.0
2024,HIGHNY-24MAY17-B74.5,162,0.04999999999999999,739.0,122.0,7.0,492.0,100.0
2024,HIGHNY-24MAY17-B76.5,320,0.615,1056.0,148.0,1.0,648.0,100.0
2024,HIGHNY-24MAY17-T70,82,0.11,6547.0,62.0,3.5,880.0,100.0
2024,HIGHNY-24MAY17-T77,130,0.060000000000000005,133.0,96.0,3.5,648.0,100.0
2024,HIGHNY-24MAY18-B66.5,90,0.2,8007.0,78.0,7.0,1207.0,100.0
2024,HIGHNY-24MAY18-B68.5,167,0.04999999999999999,961.0,125.0,3.0,869.0,100.0
2024,HIGHNY-24MAY18-B70.5,164,0.06,1128.0,136.0,4.5,596.0,100.0
2024,HIGHNY-24MAY18-B72.5,150,0.06999999999999995,938.0,121.0,3.0,732.0,100.0
2024,HIGHNY-24MAY18-T66,47,0.13,2943.0,25.0,30.0,631.0,100.0
2024,HIGHNY-24MAY18-T73,184,0.24,470.0,134.0,3.0,732.0,100.0
2024,HIGHNY-24MAY19-B67.5,32,0.88,553.0,19.0,3.0,698.0,100.0
2024,HIGHNY-24MAY19-B69.5,92,0.04000000000000001,557.0,73.0,3.0,1147.0,100.0
2024,HIGHNY-24MAY19-B71.5,163,0.06,1048.0,116.0,3.5,492.0,100.0
2024,HIGHNY-24MAY19-B73.5,174,0.06,2995.0,124.0,3.0,589.0,100.0
2024,HIGHNY-24MAY19-T67,8,0.07,522.0,7.0,72.0,1866.0,100.0
2024,HIGHNY-24MAY19-T74,153,0.06,1160.0,106.0,6.0,686.0,100.0
2024,HIGHNY-24MAY20-B71.5,159,0.07,4895.0,136.0,3.0,452.0,100.0
2024,HIGHNY-24MAY20-B73.5,140,0.04999999999999999,1092.0,103.0,10.0,580.0,100.0
2024,HIGHNY-24MAY20-B75.5,177,0.06,798.0,142.0,2.0,470.0,100.0
2024,HIGHNY-24MAY20-B77.5,162,0.04999999999999999,2258.0,109.0,7.0,452.0,100.0
2024,HIGHNY-24MAY20-T71,83,0.1,213.0,66.0,1.0,1031.0,100.0
2024,HIGHNY-24MAY20-T78,132,0.13,248.0,102.0,1.5,452.0,100.0
2024,HIGHNY-24MAY21-B81.5,162,0.06,5267.0,120.0,6.5,471.0,100.0
2024,HIGHNY-24MAY21-B83.5,213,0.06999999999999995,2864.0,121.0,8.0,439.0,100.0
2024,HIGHNY-24MAY21-B85.5,176,0.19,908.0,103.0,1.0,553.0,100.0
2024,HIGHNY-24MAY21-B87.5,172,0.12000000000000001,449.0,84.0,1.0,554.0,100.0
2024,HIGHNY-24MAY21-T81,144,0.07,4482.0,108.0,8.0,600.0,100.0
2024,HIGHNY-24MAY21-T88,164,0.09,138.0,77.0,1.0,555.0,100.0
2024,HIGHNY-24MAY22-B83.5,111,0.04999999999999999,280.0,89.0,11.0,664.0,100.0
2024,HIGHNY-24MAY22-B85.5,114,0.05999999999999997,905.0,96.0,11.0,498.0,100.0
2024,HIGHNY-24MAY22-B87.5,314,0.16,470.0,72.0,9.5,498.0,100.0
2024,HIGHNY-24MAY22-B89.5,350,0.13,272.0,40.0,7.5,733.0,100.0
2024,HIGHNY-24MAY22-T83,149,0.06,6835.0,106.0,8.0,446.0,100.0
2024,HIGHNY-24MAY22-T90,78,0.1,287.0,29.0,12.0,734.0,100.0
2024,HIGHNY-24MAY23-B81.5,191,0.04999999999999999,946.0,131.0,3.0,480.0,100.0
2024,HIGHNY-24MAY23-B83.5,181,0.06,343.0,144.0,3.0,710.0,100.0
2024,HIGHNY-24MAY23-B85.5,322,0.21,214.0,92.0,1.0,853.0,100.0
2024,HIGHNY-24MAY23-B87.5,182,0.2,0.0,11.0,1.0,1991.0,100.0
2024,HIGHNY-24MAY23-T81,178,0.07,1350.0,140.0,3.0,657.0,100.0
2024,HIGHNY-24MAY23-T88,5,0.13,0.0,4.0,349.5,1991.0,100.0
2024,HIGHNY-24MAY24-B81.5,98,0.06,2948.0,76.0,7.0,782.0,100.0
2024,HIGHNY-24MAY24-B83.5,120,0.06,1209.0,96.0,7.0,505.0,100.0
2024,HIGHNY-24MAY24-B85.5,119,0.06,904.0,86.0,7.0,505.0,100.0
2024,HIGHNY-24MAY24-B87.5,101,0.06,415.0,90.0,8.0,655.0,100.0
2024,HIGHNY-24MAY24-T81,29,0.82,262.0,22.0,34.5,1315.0,100.0
2024,HIGHNY-24MAY24-T88,57,0.05,54.0,39.0,20.0,716.0,100.0
2024,HIGHNY-24MAY25-B78.5,147,0.06,399.0,130.0,3.0,743.0,100.0
2024,HIGHNY-24MAY25-B80.5,153,0.06,642.0,134.0,3.0,669.0,100.0
2024,HIGHNY-24MAY25-B82.5,144,0.06,858.0,131.0,3.0,815.0,100.0
2024,HIGHNY-24MAY25-B84.5,437,0.19,558.0,87.0,1.0,782.0,100.0
2024,HIGHNY-24MAY25-T78,116,0.05,464.0,93.0,4.0,904.0,100.0
2024,HIGHNY-24MAY25-T85,18,0.13,0.0,6.0,90.5,2132.0,100.0
2024,HIGHNY-24MAY26-B79.5,221,0.27,1533.0,170.0,2.0,575.0,100.0
2024,HIGHNY-24MAY26-B81.5,98,0.06,504.0,81.0,10.0,884.0,100.0
2024,HIGHNY-24MAY26-B83.5,181,0.6799999999999999,884.0,148.0,2.0,649.0,100.0
2024,HIGHNY-24MAY26-B85.5,96,0.06000000000000001,844.0,82.0,11.0,506.0,100.0
2024,HIGHNY-24MAY26-T79,166,0.24,402.0,127.0,2.0,710.0,100.0
2024,HIGHNY-24MAY26-T86,64,0.12,0.0,54.0,2.0,1265.0,100.0
2024,HIGHNY-24MAY27-B71.5,167,0.38,748.0,149.0,2.0,1096.0,100.0
2024,HIGHNY-24MAY27-B73.5,137,0.07,364.0,114.0,3.0,539.0,100.0
2024,HIGHNY-24MAY27-B75.5,381,0.18,1125.0,260.0,1.0,539.0,100.0
2024,HIGHNY-24MAY27-B77.5,84,0.12,0.0,57.0,1.0,554.0,100.0
2024,HIGHNY-24MAY27-T71,116,0.04999999999999999,643.0,89.0,4.0,495.0,100.0
2024,HIGHNY-24MAY27-T78,50,0.095,0.0,39.0,1.0,554.0,100.0
2024,HIGHNY-24MAY28-B80.5,276,0.69,2806.0,197.0,2.0,459.0,100.0
2024,HIGHNY-24MAY28-B82.5,165,0.06,1071.0,118.0,4.0,424.0,100.0
2024,HIGHNY-24MAY28-B84.5,121,0.06,841.0,91.0,9.0,424.0,100.0
2024,HIGHNY-24MAY28-B86.5,123,0.16,0.0,66.0,1.0,819.0,100.0
2024,HIGHNY-24MAY28-T80,270,0.7,1459.0,155.0,3.0,612.0,100.0
2024,HIGHNY-24MAY28-T87,115,0.14,0.0,67.0,1.0,565.0,100.0
2024,HIGHNY-24MAY29-B74.5,149,0.07,2353.0,106.0,4.0,875.0,100.0
2024,HIGHNY-24MAY29-B76.5,279,0.23000000000000004,1709.0,126.0,4.0,445.0,100.0
2024,HIGHNY-24MAY29-B78.5,186,0.33499999999999996,851.0,110.0,2.0,617.0,100.0
2024,HIGHNY-24MAY29-B80.5,387,0.17,353.0,212.0,1.0,782.0,100.0
2024,HIGHNY-24MAY29-T74,47,0.13,431.0,35.0,6.0,1026.0,100.0
2024,HIGHNY-24MAY29-T81,323,0.14,121.0,175.0,1.0,569.0,100.0
2024,HIGHNY-24MAY30-B69.5,186,0.04000000000000001,2420.0,139.0,3.0,667.0,100.0
2024,HIGHNY-24MAY30-B71.5,154,0.04000000000000001,2342.0,134.0,5.0,567.0,100.0
2024,HIGHNY-24MAY30-B73.5,159,0.03999999999999998,1255.0,136.0,3.0,603.0,100.0
2024,HIGHNY-24MAY30-B75.5,312,0.18,32.0,122.0,3.0,635.0,100.0
2024,HIGHNY-24MAY30-T69,194,0.38,5432.0,137.0,1.0,543.0,100.0
2024,HIGHNY-24MAY30-T76,133,0.13,0.0,95.0,3.0,635.0,100.0
2024,HIGHNY-24MAY31-B73.5,210,0.485,2523.0,128.0,2.0,669.0,100.0
2024,HIGHNY-24MAY31-B75.5,169,0.43999999999999995,939.0,118.0,3.0,583.0,100.0
2024,HIGHNY-24MAY31-B77.5,345,0.58,1316.0,176.0,1.0,533.0,100.0
2024,HIGHNY-24MAY31-B79.5,70,0.06000000000000001,672.0,60.0,11.0,618.0,100.0
2024,HIGHNY-24MAY31-T73,6,0.095,0.0,5.0,292.0,1232.0,100.0
2024,HIGHNY-24MAY31-T80,19,0.1,2.0,16.0,89.5,893.0,100.0
2024,HIGHNY-24OCT01-B66.5,92,0.07,2680.0,76.0,3.0,1027.0,100.0
2024,HIGHNY-24OCT01-B68.5,146,0.08000000000000002,4132.0,111.0,5.0,554.0,100.0
2024,HIGHNY-24OCT01-B70.5,259,0.07999999999999996,2667.0,118.0,3.5,554.0,100.0
2024,HIGHNY-24OCT01-B72.5,76,0.15000000000000002,221.0,66.0,10.0,611.0,100.0
2024,HIGHNY-24OCT01-T66,19,0.060000000000000005,276.0,15.0,68.0,1183.0,100.0
2024,HIGHNY-24OCT01-T73,27,0.1,50.0,23.0,41.0,610.0,100.0
2024,HIGHNY-24OCT02-B64.5,93,0.1,162.0,80.0,3.0,1086.0,100.0
2024,HIGHNY-24OCT02-B66.5,151,0.08000000000000002,2569.0,113.0,3.0,675.0,100.0
2024,HIGHNY-24OCT02-B68.5,250,0.24,1090.0,119.0,3.0,832.0,100.0
2024,HIGHNY-24OCT02-B70.5,93,0.12,836.0,81.0,7.0,479.0,100.0
2024,HIGHNY-24OCT02-T64,13,0.04,50.0,10.0,38.5,1278.0,100.0
2024,HIGHNY-24OCT02-T71,51,0.09000000000000001,438.0,38.0,12.0,866.0,100.0
2024,HIGHNY-24OCT03-B68.5,21,0.06999999999999999,152.0,17.0,15.0,966.0,100.0
2024,HIGHNY-24OCT03-B70.5,115,0.18,1623.0,85.0,6.0,963.0,100.0
2024,HIGHNY-24OCT03-B72.5,249,0.24,2383.0,100.0,5.0,656.0,100.0
2024,HIGHNY-24OCT03-B74.5,66,0.095,324.0,56.0,12.0,660.0,100.0
2024,HIGHNY-24OCT03-T68,8,0.035,50.0,7.0,54.0,1432.0,100.0
2024,HIGHNY-24OCT03-T75,98,0.12,50.0,49.0,1.0,701.0,100.0
2024,HIGHNY-24OCT04-B70.5,68,0.435,90.0,46.0,11.5,654.0,100.0
2024,HIGHNY-24OCT04-B72.5,253,0.6,1597.0,96.0,3.0,599.0,100.0
2024,HIGHNY-24OCT04-B74.5,175,0.44999999999999996,2330.0,98.0,5.0,565.0,100.0
2024,HIGHNY-24OCT04-B76.5,64,0.11500000000000002,52.0,57.0,11.0,599.0,100.0
2024,HIGHNY-24OCT04-T70,9,0.03,50.0,7.0,154.0,1178.0,100.0
2024,HIGHNY-24OCT04-T77,18,0.1,53.0,16.0,68.0,854.0,100.0
2024,HIGHNY-24OCT05-B71.5,76,0.22499999999999998,62.0,57.0,9.0,1075.0,100.0
2024,HIGHNY-24OCT05-B73.5,278,0.5399999999999999,2349.0,112.0,3.0,866.0,100.0
2024,HIGHNY-24OCT05-B75.5,258,0.46,2079.0,126.0,3.0,583.0,100.0
2024,HIGHNY-24OCT05-B77.5,491,0.59,676.0,47.0,9.0,584.0,100.0
2024,HIGHNY-24OCT05-T71,8,0.035,50.0,6.0,230.5,1108.0,100.0
2024,HIGHNY-24OCT05-T78,14,0.09999999999999999,57.0,12.0,82.5,688.0,100.0
2024,HIGHNY-24OCT06-B67.5,68,0.09,121.0,42.0,7.0,995.0,100.0
2024,HIGHNY-24OCT06-B69.5,193,0.26,8514.0,102.0,4.0,782.0,100.0
2024,HIGHNY-24OCT06-B71.5,227,0.15000000000000002,1888.0,116.0,3.0,538.0,100.0
2024,HIGHNY-24OCT06-B73.5,98,0.1,1448.0,86.0,6.0,508.0,100.0
2024,HIGHNY-24OCT06-T67,16,0.92,152.0,10.0,33.5,1127.0,100.0
2024,HIGHNY-24OCT06-T74,21,0.1,53.0,18.0,16.5,1346.0,100.0
2024,HIGHNY-24OCT07-B68.5,54,0.6599999999999999,163.0,35.0,20.0,1151.0,100.0
2024,HIGHNY-24OCT07-B70.5,59,0.08000000000000002,446.0,50.0,8.0,1146.0,100.0
2024,HIGHNY-24OCT07-B72.5,91,0.07000000000000006,3043.0,75.0,3.0,1054.0,100.0
2024,HIGHNY-24OCT07-B74.5,200,0.47,2396.0,90.0,3.0,638.0,100.0
2024,HIGHNY-24OCT07-T68,8,0.49,50.0,6.0,23.0,1460.0,100.0
2024,HIGHNY-24OCT07-T75,156,0.6849999999999999,232.0,49.0,9.0,638.0,100.0
2024,HIGHNY-24OCT08-B64.5,19,0.06,100.0,17.0,35.0,1064.0,100.0
2024,HIGHNY-24OCT08-B66.5,101,0.07999999999999999,2398.0,81.0,10.0,729.0,100.0
2024,HIGHNY-24OCT08-B68.5,118,0.07,1590.0,85.0,9.0,536.0,100.0
2024,HIGHNY-24OCT08-B70.5,201,0.38999999999999996,1876.0,96.0,6.0,536.0,100.0
2024,HIGHNY-24OCT08-T64,11,0.04,50.0,7.0,323.0,1126.0,100.0
2024,HIGHNY-24OCT08-T71,34,0.08499999999999999,100.0,28.0,17.0,917.0,100.0
2024,HIGHNY-24OCT09-B63.5,36,0.29,61.0,30.0,15.0,1086.0,100.0
2024,HIGHNY-24OCT09-B65.5,93,0.09,695.0,74.0,7.0,1026.0,100.0
2024,HIGHNY-24OCT09-B67.5,156,0.08999999999999997,1859.0,111.0,4.0,709.0,100.0
2024,HIGHNY-24OCT09-B69.5,107,0.19,619.0,79.0,8.0,466.0,100.0
2024,HIGHNY-24OCT09-T63,9,0.04,4725.0,8.0,346.5,816.0,100.0
2024,HIGHNY-24OCT09-T70,16,0.09000000000000001,75.0,13.0,58.0,931.0,100.0
2024,HIGHNY-24OCT10-B57.5,79,0.7,65.0,51.0,21.0,1084.0,100.0
2024,HIGHNY-24OCT10-B59.5,263,0.5299999999999999,1760.0,74.0,5.5,977.0,100.0
2024,HIGHNY-24OCT10-B61.5,229,0.48999999999999994,1230.0,89.0,6.0,625.0,100.0
2024,HIGHNY-24OCT10-B63.5,398,0.43,1102.0,75.0,3.0,604.0,100.0
2024,HIGHNY-24OCT10-T57,20,0.7,50.0,18.0,49.0,1127.0,100.0
2024,HIGHNY-24OCT10-T64,68,0.665,86.0,46.0,28.0,604.0,100.0
2024,HIGHNY-24OCT11-B64.5,69,0.5800000000000001,130.0,43.0,9.0,1234.0,100.0
2024,HIGHNY-24OCT11-B66.5,207,0.34,744.0,60.0,6.0,967.0,100.0
2024,HIGHNY-24OCT11-B68.5,231,0.18000000000000005,3311.0,135.0,4.0,538.0,100.0
2024,HIGHNY-24OCT11-B70.5,218,0.28,2186.0,108.0,6.0,578.0,100.0
2024,HIGHNY-24OCT11-T64,90,0.825,70.0,29.0,12.0,1089.0,100.0
2024,HIGHNY-24OCT11-T71,227,0.74,596.0,78.0,7.0,726.0,100.0
2024,HIGHNY-24OCT12-B71.5,217,0.08999999999999997,1975.0,75.0,4.0,636.0,100.0
2024,HIGHNY-24OCT12-B73.5,335,0.45999999999999996,3692.0,94.0,4.0,542.0,100.0
2024,HIGHNY-24OCT12-B75.5,279,0.6499999999999999,4178.0,80.0,6.0,544.0,100.0
2024,HIGHNY-24OCT12-B77.5,70,0.45999999999999996,50.0,37.0,26.0,598.0,100.0
2024,HIGHNY-24OCT12-T71,34,0.595,50.0,23.0,49.0,1086.0,100.0
2024,HIGHNY-24OCT12-T78,50,0.5549999999999999,50.0,22.0,49.0,1043.0,100.0
2024,HIGHNY-24OCT13-B65.5,165,0.74,50.0,33.0,19.0,1131.0,100.0
2024,HIGHNY-24OCT13-B67.5,100,0.74,21087.0,37.0,32.0,832.0,100.0
2024,HIGHNY-24OCT13-B69.5,203,0.33999999999999997,1766.0,97.0,6.0,557.0,100.0
2024,HIGHNY-24OCT13-B71.5,410,0.33999999999999997,3008.0,132.0,3.0,538.0,100.0
2024,HIGHNY-24OCT13-T65,153,0.73,50.0,32.0,18.5,1153.0,100.0
2024,HIGHNY-24OCT13-T72,466,0.20999999999999996,5095.0,137.0,3.0,599.0,100.0
2024,HIGHNY-24OCT14-B59.5,12,0.045,1920.0,10.0,112.5,908.0,100.0
2024,HIGHNY-24OCT14-B61.5,50,0.15,94.0,23.0,9.0,1093.0,100.0
2024,HIGHNY-24OCT14-B63.5,172,0.365,2257.0,100.0,4.0,898.0,100.0
2024,HIGHNY-24OCT14-B65.5,373,0.43000000000000005,2389.0,188.0,3.0,479.0,100.0
2024,HIGHNY-24OCT14-T59,11,0.94,50.0,9.0,121.0,1004.0,100.0
2024,HIGHNY-24OCT14-T66,305,0.11000000000000001,6334.0,184.0,4.0,486.0,100.0
2024,HIGHNY-24OCT15-B52.5,23,0.07,60.0,16.0,99.0,1093.0,100.0
2024,HIGHNY-24OCT15-B54.5,108,0.095,1974.0,81.0,8.0,898.0,100.0
2024,HIGHNY-24OCT15-B56.5,230,0.07000000000000006,2903.0,169.0,3.0,445.0,100.0
2024,HIGHNY-24OCT15-B58.5,313,0.23000000000000004,2962.0,133.0,4.0,428.0,100.0
2024,HIGHNY-24OCT15-T52,67,0.74,50.0,36.0,13.5,1157.0,100.0
2024,HIGHNY-24OCT15-T59,98,0.07,614.0,72.0,4.0,533.0,100.0
2024,HIGHNY-24OCT16-B51.5,116,0.49,70.0,87.0,2.0,2059.0,100.0
2024,HIGHNY-24OCT16-B53.5,135,0.11000000000000001,443.0,104.0,7.0,1122.0,100.0
2024,HIGHNY-24OCT16-B55.5,135,0.07999999999999999,2682.0,110.0,4.0,1023.0,100.0
2024,HIGHNY-24OCT16-B57.5,287,0.09000000000000002,4323.0,157.0,4.0,529.0,100.0
2024,HIGHNY-24OCT16-T51,77,0.49,50.0,69.0,7.0,2059.0,100.0
2024,HIGHNY-24OCT16-T58,233,0.36,1824.0,138.0,6.0,626.0,100.0
2024,HIGHNY-24OCT17-B55.5,157,0.52,207.0,87.0,6.0,1055.0,100.0
2024,HIGHNY-24OCT17-B57.5,355,0.24,2539.0,110.0,6.0,440.0,100.0
2024,HIGHNY-24OCT17-B59.5,296,0.10500000000000001,3244.0,176.0,3.0,440.0,100.0
2024,HIGHNY-24OCT17-B61.5,228,0.12000000000000001,2299.0,142.0,3.0,440.0,100.0
2024,HIGHNY-24OCT17-T55,179,0.77,50.0,80.0,4.0,1128.0,100.0
2024,HIGHNY-24OCT17-T62,314,0.63,1995.0,163.0,4.0,440.0,100.0
2024,HIGHNY-24OCT18-B61.5,210,0.73,50.0,101.0,1.0,1292.0,100.0
2024,HIGHNY-24OCT18-B63.5,276,0.72,428.0,132.0,3.0,1026.0,100.0
2024,HIGHNY-24OCT18-B65.5,339,0.37,2433.0,166.0,3.0,584.0,100.0
2024,HIGHNY-24OCT18-B67.5,444,0.45,3327.0,152.0,3.0,442.0,100.0
2024,HIGHNY-24OCT18-T61,173,0.74,50.0,96.0,3.5,1146.0,100.0
2024,HIGHNY-24OCT18-T68,243,0.44999999999999996,1116.0,145.0,7.0,451.0,100.0
2024,HIGHNY-24OCT19-B65.5,51,0.73,90.0,35.0,29.0,1086.0,100.0
2024,HIGHNY-24OCT19-B67.5,118,0.12000000000000001,1759.0,85.0,7.0,1025.0,100.0
2024,HIGHNY-24OCT19-B69.5,245,0.18999999999999995,5113.0,119.0,5.0,527.0,100.0
2024,HIGHNY-24OCT19-B71.5,341,0.36000000000000004,8265.0,120.0,5.0,436.0,100.0
2024,HIGHNY-24OCT19-T65,55,0.73,50.0,36.0,29.5,1086.0,100.0
2024,HIGHNY-24OCT19-T72,70,0.72,1274.0,49.0,19.0,599.0,100.0
2024,HIGHNY-24OCT20-B68.5,32,0.13999999999999999,56.0,29.0,22.0,1025.0,100.0
2024,HIGHNY-24OCT20-B70.5,230,0.62,568.0,71.0,8.0,997.0,100.0
2024,HIGHNY-24OCT20-B72.5,369,0.39,3633.0,129.0,3.0,436.0,100.0
2024,HIGHNY-24OCT20-B74.5,364,0.63,3261.0,114.0,4.5,422.0,100.0
2024,HIGHNY-24OCT20-T68,72,0.675,50.0,25.0,17.0,1084.0,100.0
2024,HIGHNY-24OCT20-T75,112,0.095,2586.0,90.0,6.5,620.0,100.0
2024,HIGHNY-24OCT21-B73.5,37,0.74,50.0,17.0,6.0,1085.0,100.0
2024,HIGHNY-24OCT21-B75.5,133,0.72,74.0,41.0,2.0,1026.0,100.0
2024,HIGHNY-24OCT21-B77.5,300,0.45,4771.0,117.0,2.0,752.0,100.0
2024,HIGHNY-24OCT21-B79.5,277,0.38000000000000006,8658.0,100.0,3.0,435.0,100.0
2024,HIGHNY-24OCT21-T73,47,0.76,50.0,20.0,8.0,1091.0,100.0
2024,HIGHNY-24OCT21-T80,322,0.13999999999999996,2820.0,91.0,2.0,436.0,100.0
2024,HIGHNY-24OCT22-B74.5,20,0.875,984.0,6.0,210.5,796.0,100.0
2024,HIGHNY-24OCT22-B76.5,58,0.04,3352.0,38.0,5.5,1085.0,100.0
2024,HIGHNY-24OCT22-B78.5,95,0.07,26017.0,62.0,4.0,475.0,100.0
2024,HIGHNY-24OCT22-B80.5,219,0.14999999999999997,1924.0,107.0,3.0,464.0,100.0
2024,HIGHNY-24OCT22-T74,20,0.875,50.0,5.0,1.0,1359.0,100.0
2024,HIGHNY-24OCT22-T81,285,0.29,4351.0,85.0,3.0,481.0,100.0
2024,HIGHNY-24OCT23-B71.5,29,0.7,50.0,11.0,20.0,1306.0,100.0
2024,HIGHNY-24OCT23-B73.5,101,0.24,5665.0,64.0,3.0,626.0,100.0
2024,HIGHNY-24OCT23-B75.5,148,0.15000000000000002,3844.0,77.0,4.0,734.0,100.0
2024,HIGHNY-24OCT23-B77.5,213,0.21999999999999997,3480.0,73.0,3.0,734.0,100.0
2024,HIGHNY-24OCT23-T71,12,0.07,50.0,7.0,23.0,1327.0,100.0
2024,HIGHNY-24OCT23-T78,47,0.2,995.0,30.0,15.0,801.0,100.0
2024,HIGHNY-24SEP01-B78.5,201,0.42000000000000004,809.0,96.0,3.0,1911.0,100.0
2024,HIGHNY-24SEP01-B80.5,196,0.07,4228.0,142.0,4.5,1511.0,100.0
2024,HIGHNY-24SEP01-B82.5,194,0.07999999999999996,5611.0,141.0,3.0,1511.0,100.0
2024,HIGHNY-24SEP01-B84.5,272,0.275,1156.0,116.0,3.0,1512.0,100.0
2024,HIGHNY-24SEP01-T78,7,0.04,50.0,5.0,138.0,3020.0,100.0
2024,HIGHNY-24SEP01-T85,51,0.1,1050.0,26.0,18.0,1611.0,100.0
2024,HIGHNY-24SEP02-B74.5,27,0.13,50.0,23.0,41.0,1099.0,100.0
2024,HIGHNY-24SEP02-B76.5,151,0.06999999999999998,2613.0,123.0,5.0,1026.0,100.0
2024,HIGHNY-24SEP02-B78.5,138,0.07,2566.0,108.0,7.0,651.0,100.0
2024,HIGHNY-24SEP02-B80.5,133,0.07999999999999999,2238.0,108.0,11.0,651.0,100.0
2024,HIGHNY-24SEP02-T74,8,0.019999999999999997,50.0,6.0,411.0,1123.0,100.0
2024,HIGHNY-24SEP02-T81,15,0.049999999999999996,209.0,12.0,166.5,762.0,100.0
2024,HIGHNY-24SEP03-B70.5,45,0.11,65.0,39.0,12.0,1331.0,100.0
2024,HIGHNY-24SEP03-B72.5,157,0.07,2394.0,124.0,4.0,846.0,100.0
2024,HIGHNY-24SEP03-B74.5,152,0.06999999999999999,1885.0,124.0,4.0,839.0,100.0
2024,HIGHNY-24SEP03-B76.5,116,0.075,1656.0,98.0,7.0,938.0,100.0
2024,HIGHNY-24SEP03-T70,7,0.04,51.0,5.0,643.0,1331.0,100.0
2024,HIGHNY-24SEP03-T77,19,0.049999999999999996,95.0,16.0,109.5,657.0,100.0
2024,HIGHNY-24SEP04-B73.5,56,0.13,50.0,45.0,11.0,1086.0,100.0
2024,HIGHNY-24SEP04-B75.5,191,0.06,2016.0,116.0,3.0,763.0,100.0
2024,HIGHNY-24SEP04-B77.5,149,0.07,3658.0,113.0,7.0,455.0,100.0
2024,HIGHNY-24SEP04-B79.5,115,0.07999999999999999,1997.0,98.0,7.0,823.0,100.0
2024,HIGHNY-24SEP04-T73,11,0.04,50.0,9.0,49.0,1170.0,100.0
2024,HIGHNY-24SEP04-T80,22,0.07,150.0,20.0,32.0,657.0,100.0
2024,HIGHNY-24SEP05-B72.5,293,0.13999999999999999,50.0,30.0,14.5,1107.0,100.0
2024,HIGHNY-24SEP05-B74.5,175,0.13,2588.0,100.0,4.0,543.0,100.0
2024,HIGHNY-24SEP05-B76.5,207,0.07999999999999996,3770.0,119.0,7.0,627.0,100.0
2024,HIGHNY-24SEP05-B78.5,293,0.06,4753.0,109.0,7.0,542.0,100.0
2024,HIGHNY-24SEP05-T72,70,0.03,50.0,13.0,52.0,1147.0,100.0
2024,HIGHNY-24SEP05-T79,55,0.09,130.0,46.0,15.0,627.0,100.0
2024,HIGHNY-24SEP06-B74.5,228,0.09999999999999998,2188.0,111.0,3.0,1026.0,100.0
2024,HIGHNY-24SEP06-B76.5,154,0.07999999999999996,3122.0,131.0,3.0,504.0,100.0
2024,HIGHNY-24SEP06-B78.5,270,0.08000000000000002,2107.0,132.0,3.0,591.0,100.0
2024,HIGHNY-24SEP06-B80.5,440,0.13999999999999999,132.0,47.0,8.0,615.0,100.0
2024,HIGHNY-24SEP06-T74,25,0.12000000000000001,1058.0,18.0,15.5,1091.0,100.0
2024,HIGHNY-24SEP06-T81,48,0.060000000000000005,50.0,22.0,64.5,791.0,100.0
2024,HIGHNY-24SEP07-B70.5,142,0.06,2620.0,78.0,3.0,987.0,100.0
2024,HIGHNY-24SEP07-B72.5,170,0.07,5633.0,123.0,3.0,987.0,100.0
2024,HIGHNY-24SEP07-B74.5,216,0.06999999999999995,9423.0,154.0,3.0,669.0,100.0
2024,HIGHNY-24SEP07-B76.5,163,0.1,2426.0,128.0,4.0,839.0,100.0
2024,HIGHNY-24SEP07-T70,31,0.02,376.0,17.0,9.0,1379.0,100.0
2024,HIGHNY-24SEP07-T77,89,0.04,1406.0,59.0,8.0,658.0,100.0
2024,HIGHNY-24SEP08-B67.5,231,0.12000000000000001,2052.0,126.0,3.0,842.0,100.0
2024,HIGHNY-24SEP08-B69.5,229,0.08000000000000002,5672.0,156.0,4.0,625.0,100.0
2024,HIGHNY-24SEP08-B71.5,220,0.08000000000000007,3331.0,132.0,4.0,624.0,100.0
2024,HIGHNY-24SEP08-B73.5,338,0.09000000000000001,81.0,44.0,7.0,845.0,100.0
2024,HIGHNY-24SEP08-T67,24,0.03,150.0,19.0,35.0,1021.0,100.0
2024,HIGHNY-24SEP08-T74,32,0.049999999999999996,50.0,12.0,41.5,1284.0,100.0
2024,HIGHNY-24SEP09-B72.5,209,0.13,1049.0,103.0,3.0,1026.0,100.0
2024,HIGHNY-24SEP09-B74.5,233,0.07,6036.0,162.0,3.0,623.0,100.0
2024,HIGHNY-24SEP09-B76.5,216,0.06000000000000005,5390.0,148.0,3.0,440.0,100.0
2024,HIGHNY-24SEP09-B78.5,184,0.06,4701.0,133.0,3.0,647.0,100.0
2024,HIGHNY-24SEP09-T72,20,0.04,50.0,16.0,58.0,1102.0,100.0
2024,HIGHNY-24SEP09-T79,49,0.060000000000000005,61.0,20.0,27.5,647.0,100.0
2024,HIGHNY-24SEP10-B75.5,104,0.095,94.0,87.0,4.0,1026.0,100.0
2024,HIGHNY-24SEP10-B77.5,165,0.07000000000000006,1870.0,119.0,6.0,635.0,100.0
2024,HIGHNY-24SEP10-B79.5,167,0.07999999999999999,4853.0,107.0,7.0,596.0,100.0
2024,HIGHNY-24SEP10-B81.5,302,0.14,65.0,43.0,18.0,634.0,100.0
2024,HIGHNY-24SEP10-T75,12,0.04,51.0,10.0,39.0,1090.0,100.0
2024,HIGHNY-24SEP10-T82,19,0.06,50.0,17.0,62.0,729.0,100.0
2024,HIGHNY-24SEP11-B73.5,319,0.09000000000000001,50.0,44.0,9.0,1315.0,100.0
2024,HIGHNY-24SEP11-B75.5,80,0.06000000000000001,766.0,64.0,10.0,1043.0,100.0
2024,HIGHNY-24SEP11-B77.5,120,0.06999999999999995,4739.0,89.0,8.0,685.0,100.0
2024,HIGHNY-24SEP11-B79.5,173,0.08000000000000002,3284.0,118.0,6.5,642.0,100.0
2024,HIGHNY-24SEP11-T73,20,0.205,50.0,13.0,11.0,1315.0,100.0
2024,HIGHNY-24SEP11-T80,78,0.065,283.0,50.0,20.0,642.0,100.0
2024,HIGHNY-24SEP12-B76.5,106,0.05000000000000002,1097.0,92.0,7.0,1026.0,100.0
2024,HIGHNY-24SEP12-B78.5,217,0.07000000000000006,7145.0,129.0,4.0,709.0,100.0
2024,HIGHNY-24SEP12-B80.5,230,0.06,3716.0,151.0,4.0,654.0,100.0
2024,HIGHNY-24SEP12-B82.5,528,0.09000000000000001,112.0,54.0,5.5,654.0,100.0
2024,HIGHNY-24SEP12-T76,8,0.035,238.0,6.0,55.5,1768.0,100.0
2024,HIGHNY-24SEP12-T83,151,0.07,51.0,28.0,24.0,654.0,100.0
2024,HIGHNY-24SEP13-B78.5,126,0.06999999999999998,1041.0,102.0,5.0,1017.0,100.0
2024,HIGHNY-24SEP13-B80.5,136,0.04000000000000001,3266.0,106.0,3.0,1006.0,100.0
2024,HIGHNY-24SEP13-B82.5,155,0.07,3920.0,121.0,4.0,647.0,100.0
2024,HIGHNY-24SEP13-B84.5,250,0.11,56.0,65.0,4.0,638.0,100.0
2024,HIGHNY-24SEP13-T78,22,0.04,65.0,19.0,9.0,1275.0,100.0
2024,HIGHNY-24SEP13-T85,71,0.05,50.0,23.0,16.0,653.0,100.0
2024,HIGHNY-24SEP14-B78.5,136,0.1,56.0,51.0,8.0,1093.0,100.0
2024,HIGHNY-24SEP14-B80.5,128,0.060000000000000005,1873.0,97.0,7.0,667.0,100.0
2024,HIGHNY-24SEP14-B82.5,181,0.07999999999999996,3039.0,133.0,4.0,657.0,100.0
2024,HIGHNY-24SEP14-B84.5,169,0.07,4816.0,135.0,4.0,657.0,100.0
2024,HIGHNY-24SEP14-T78,23,0.54,51.0,6.0,15.5,1545.0,100.0
2024,HIGHNY-24SEP14-T85,387,0.26,135.0,41.0,13.0,656.0,100.0
2024,HIGHNY-24SEP15-B75.5,141,0.12000000000000001,58.0,48.0,11.5,1204.0,100.0
2024,HIGHNY-24SEP15-B77.5,99,0.06,1999.0,78.0,6.5,1086.0,100.0
2024,HIGHNY-24SEP15-B79.5,113,0.06999999999999995,2097.0,88.0,8.5,567.0,100.0
2024,HIGHNY-24SEP15-B81.5,116,0.04999999999999999,1067.0,97.0,8.0,586.0,100.0
2024,HIGHNY-24SEP15-T75,21,0.03,50.0,15.0,39.0,1146.0,100.0
2024,HIGHNY-24SEP15-T82,78,0.049999999999999996,52.0,24.0,23.5,627.0,100.0
2024,HIGHNY-24SEP16-B73.5,43,0.07,364.0,35.0,13.0,1025.0,100.0
2024,HIGHNY-24SEP16-B75.5,193,0.08000000000000002,3083.0,133.0,5.0,486.0,100.0
2024,HIGHNY-24SEP16-B77.5,300,0.050000000000000044,4140.0,121.0,5.0,475.0,100.0
2024,HIGHNY-24SEP16-B79.5,152,0.065,2341.0,98.0,5.5,841.0,100.0
2024,HIGHNY-24SEP16-T73,12,0.035,51.0,11.0,63.0,1086.0,100.0
2024,HIGHNY-24SEP16-T80,27,0.049999999999999996,156.0,17.0,30.0,743.0,100.0
2024,HIGHNY-24SEP17-B74.5,63,0.12000000000000001,60.0,56.0,17.0,1086.0,100.0
2024,HIGHNY-24SEP17-B76.5,153,0.07000000000000003,5847.0,124.0,4.0,833.0,100.0
2024,HIGHNY-24SEP17-B78.5,168,0.07,2837.0,133.0,3.0,537.0,100.0
2024,HIGHNY-24SEP17-B80.5,132,0.09,1348.0,109.0,6.0,650.0,100.0
2024,HIGHNY-24SEP17-T74,11,0.05,50.0,8.0,146.0,1143.0,100.0
2024,HIGHNY-24SEP17-T81,18,0.07,50.0,15.0,89.0,788.0,100.0
2024,HIGHNY-24SEP18-B70.5,184,0.13,117.0,103.0,2.0,1027.0,100.0
2024,HIGHNY-24SEP18-B72.5,137,0.07,4476.0,103.0,6.0,797.0,100.0
2024,HIGHNY-24SEP18-B74.5,233,0.08,6031.0,167.0,3.0,516.0,100.0
2024,HIGHNY-24SEP18-B76.5,299,0.08000000000000002,3411.0,165.0,3.0,516.0,100.0
2024,HIGHNY-24SEP18-T70,33,0.04,50.0,20.0,3.5,1372.0,100.0
2024,HIGHNY-24SEP18-T77,128,0.17,2597.0,98.0,4.5,661.0,100.0
2024,HIGHNY-24SEP19-B72.5,11,0.11,50.0,7.0,15.0,2259.0,100.0
2024,HIGHNY-24SEP19-B74.5,74,0.22999999999999998,50.0,53.0,3.0,2259.0,100.0
2024,HIGHNY-24SEP19-B76.5,135,0.18000000000000002,746.0,91.0,3.0,1197.0,100.0
2024,HIGHNY-24SEP19-B78.5,241,0.25,2691.0,83.0,3.0,1094.0,100.0
2024,HIGHNY-24SEP19-T72,9,0.04,50.0,6.0,204.5,1308.0,100.0
2024,HIGHNY-24SEP19-T79,196,0.13,6557.0,105.0,3.0,571.0,100.0
2024,HIGHNY-24SEP20-B72.5,30,0.115,50.0,26.0,15.5,1981.0,100.0
2024,HIGHNY-24SEP20-B74.5,30,0.11,153.0,28.0,26.5,1379.0,100.0
2024,HIGHNY-24SEP20-B76.5,94,0.06999999999999998,4598.0,70.0,8.0,1011.0,100.0
2024,HIGHNY-24SEP20-B78.5,106,0.07999999999999996,4331.0,83.0,8.0,1007.0,100.0
2024,HIGHNY-24SEP20-T72,9,0.05,50.0,7.0,73.0,1310.0,100.0
2024,HIGHNY-24SEP20-T79,142,0.07999999999999999,7144.0,108.0,3.5,976.0,100.0
2024,HIGHNY-24SEP21-B72.5,61,0.08,274.0,48.0,8.0,1212.0,100.0
2024,HIGHNY-24SEP21-B74.5,134,0.06,2111.0,90.0,5.0,1086.0,100.0
2024,HIGHNY-24SEP21-B76.5,121,0.07,2019.0,104.0,6.0,1026.0,100.0
2024,HIGHNY-24SEP21-B78.5,146,0.06000000000000005,2975.0,102.0,7.0,546.0,100.0
2024,HIGHNY-24SEP21-T72,22,0.04,71.0,19.0,32.0,1310.0,100.0
2024,HIGHNY-24SEP21-T79,78,0.07,1337.0,67.0,13.0,660.0,100.0
2024,HIGHNY-24SEP22-B69.5,39,0.12000000000000001,55.0,34.0,18.5,1111.0,100.0
2024,HIGHNY-24SEP22-B71.5,50,0.1,148.0,42.0,9.0,1026.0,100.0
2024,HIGHNY-24SEP22-B73.5,90,0.07,2179.0,77.0,7.0,543.0,100.0
2024,HIGHNY-24SEP22-B75.5,111,0.07,1259.0,83.0,7.0,538.0,100.0
2024,HIGHNY-24SEP22-T69,15,0.030000000000000002,57.0,13.0,85.0,1146.0,100.0
2024,HIGHNY-24SEP22-T76,80,0.075,1008.0,70.0,10.0,599.0,100.0
2024,HIGHNY-24SEP23-B65.5,28,0.12000000000000001,9996.0,24.0,24.0,716.0,100.0
2024,HIGHNY-24SEP23-B67.5,122,0.07999999999999996,6930.0,102.0,7.0,431.0,100.0
2024,HIGHNY-24SEP23-B69.5,130,0.07,6928.0,104.0,6.0,569.0,100.0
2024,HIGHNY-24SEP23-B71.5,111,0.07,6587.0,88.0,10.0,569.0,100.0
2024,HIGHNY-24SEP23-T65,10,0.045,50.0,8.0,217.0,1203.0,100.0
2024,HIGHNY-24SEP23-T72,45,0.11,688.0,40.0,24.0,662.0,100.0
2024,HIGHNY-24SEP24-B66.5,162,0.07999999999999999,6669.0,132.0,5.0,422.0,100.0
2024,HIGHNY-24SEP24-B68.5,172,0.07,9990.0,137.0,5.0,421.0,100.0
2024,HIGHNY-24SEP24-B70.5,127,0.06,4262.0,111.0,6.0,437.0,100.0
2024,HIGHNY-24SEP24-B72.5,46,0.16,119.0,39.0,18.0,964.0,100.0
2024,HIGHNY-24SEP24-T66,39,0.03,188.0,30.0,13.0,1214.0,100.0
2024,HIGHNY-24SEP24-T73,29,0.1,50.0,25.0,18.0,1355.0,100.0
2024,HIGHNY-24SEP25-B64.5,70,0.07,1312.0,62.0,8.5,748.0,100.0
2024,HIGHNY-24SEP25-B66.5,128,0.07,6991.0,99.0,5.0,475.0,100.0
2024,HIGHNY-24SEP25-B68.5,146,0.07,4613.0,114.0,5.5,470.0,100.0
2024,HIGHNY-24SEP25-B70.5,94,0.06,3267.0,73.0,12.0,479.0,100.0
2024,HIGHNY-24SEP25-T64,9,0.04,50.0,7.0,51.0,1325.0,100.0
2024,HIGHNY-24SEP25-T71,27,0.1,303.0,24.0,84.5,474.0,100.0
2024,HIGHNY-24SEP26-B72.5,191,0.35000000000000003,4298.0,94.0,5.0,602.0,100.0
2024,HIGHNY-24SEP26-B74.5,145,0.07000000000000006,4942.0,100.0,7.0,595.0,100.0
2024,HIGHNY-24SEP26-B76.5,169,0.09,3780.0,121.0,4.0,596.0,100.0
2024,HIGHNY-24SEP26-B78.5,373,0.13999999999999999,497.0,61.0,4.0,595.0,100.0
2024,HIGHNY-24SEP26-T72,114,0.56,1582.0,54.0,13.5,987.0,100.0
2024,HIGHNY-24SEP26-T79,56,0.10500000000000001,486.0,49.0,14.0,594.0,100.0
2024,HIGHNY-24SEP27-B70.5,48,0.07,3676.0,43.0,5.0,640.0,100.0
2024,HIGHNY-24SEP27-B72.5,207,0.09999999999999998,9910.0,131.0,3.0,531.0,100.0
2024,HIGHNY-24SEP27-B74.5,220,0.07,17922.0,143.0,3.0,599.0,100.0
2024,HIGHNY-24SEP27-B76.5,56,0.10999999999999999,189.0,50.0,11.5,975.0,100.0
2024,HIGHNY-24SEP27-T70,11,0.05,0.0,10.0,37.5,1379.0,100.0
2024,HIGHNY-24SEP27-T77,40,0.06,6.0,32.0,10.0,831.0,100.0
2024,HIGHNY-24SEP28-B68.5,294,0.43999999999999995,3743.0,101.0,8.0,841.0,100.0
2024,HIGHNY-24SEP28-B70.5,226,0.5499999999999999,1989.0,107.0,7.0,847.0,100.0
2024,HIGHNY-24SEP28-B72.5,107,0.08000000000000002,532.0,90.0,5.0,660.0,100.0
2024,HIGHNY-24SEP28-B74.5,50,0.18000000000000002,0.0,46.0,27.5,659.0,100.0
2024,HIGHNY-24SEP28-T68,99,0.13,3644.0,71.0,7.0,842.0,100.0
2024,HIGHNY-24SEP28-T75,28,0.1,0.0,26.0,40.0,860.0,100.0
2024,HIGHNY-24SEP29-B64.5,233,0.4,2931.0,133.0,5.0,538.0,100.0
2024,HIGHNY-24SEP29-B66.5,211,0.11000000000000001,3203.0,109.0,3.0,647.0,100.0
2024,HIGHNY-24SEP29-B68.5,115,0.08000000000000002,1679.0,91.0,6.0,658.0,100.0
2024,HIGHNY-24SEP29-B70.5,20,0.17,30.0,17.0,49.0,658.0,100.0
2024,HIGHNY-24SEP29-T64,230,0.55,2295.0,118.0,4.0,430.0,100.0
2024,HIGHNY-24SEP29-T71,14,0.1,0.0,13.0,45.0,1053.0,100.0
2024,HIGHNY-24SEP30-B69.5,103,0.09,3691.0,87.0,9.0,539.0,100.0
2024,HIGHNY-24SEP30-B71.5,175,0.25,4877.0,104.0,5.0,453.0,100.0
2024,HIGHNY-24SEP30-B73.5,136,0.07999999999999999,2702.0,110.0,7.0,643.0,100.0
2024,HIGHNY-24SEP30-B75.5,47,0.15,10.0,46.0,18.5,643.0,100.0
2024,HIGHNY-24SEP30-T69,10,0.045,50.0,9.0,263.0,618.0,100.0
2024,HIGHNY-24SEP30-T76,21,0.1,0.0,19.0,49.0,642.0,100.0
2024,KXHIGHNY-24DEC01-B33.5,29,0.04,1548.0,24.0,17.0,1086.0,100.0
2024,KXHIGHNY-24DEC01-B35.5,314,0.030000000000000002,49587.0,145.0,4.0,852.0,100.0
2024,KXHIGHNY-24DEC01-B37.5,552,0.05000000000000002,31586.0,223.0,2.0,503.0,100.0
2024,KXHIGHNY-24DEC01-B39.5,393,0.04999999999999999,31832.0,178.0,2.0,531.0,100.0
2024,KXHIGHNY-24DEC01-T33,12,0.03,418.0,9.0,86.0,981.0,100.0
2024,KXHIGHNY-24DEC01-T40,164,0.030000000000000002,10997.0,118.0,5.0,472.0,100.0
2024,KXHIGHNY-24DEC02-B36.5,196,0.039999999999999994,25141.0,122.0,4.0,692.0,100.0
2024,KXHIGHNY-24DEC02-B38.5,508,0.03999999999999998,46165.0,191.0,2.0,448.0,100.0
2024,KXHIGHNY-24DEC02-B40.5,686,0.039999999999999994,41730.0,158.0,2.0,546.0,100.0
2024,KXHIGHNY-24DEC02-B42.5,373,0.039999999999999994,12566.0,129.0,4.0,959.0,100.0
2024,KXHIGHNY-24DEC02-T36,30,0.025,1736.0,26.0,22.0,695.0,100.0
2024,KXHIGHNY-24DEC02-T43,85,0.010000000000000002,7129.0,71.0,10.0,873.0,100.0
2024,KXHIGHNY-24DEC03-B37.5,87,0.03,5653.0,69.0,12.0,670.0,100.0
2024,KXHIGHNY-24DEC03-B39.5,730,0.040000000000000036,242374.0,151.0,2.0,581.0,100.0
2024,KXHIGHNY-24DEC03-B41.5,410,0.030000000000000027,74566.0,182.0,3.0,544.0,100.0
2024,KXHIGHNY-24DEC03-B43.5,477,0.03,52849.0,169.0,3.0,580.0,100.0
2024,KXHIGHNY-24DEC03-T37,27,0.01,1724.0,24.0,48.5,512.0,100.0
2024,KXHIGHNY-24DEC03-T44,82,0.01,5074.0,58.0,9.5,565.0,100.0
2024,KXHIGHNY-24DEC04-B37.5,93,0.03,8431.0,78.0,8.0,821.0,100.0
2024,KXHIGHNY-24DEC04-B39.5,1033,0.040000000000000036,127202.0,214.0,2.0,442.0,100.0
2024,KXHIGHNY-24DEC04-B41.5,957,0.040000000000000036,91012.0,242.0,2.0,424.0,100.0
2024,KXHIGHNY-24DEC04-B43.5,675,0.03999999999999998,64594.0,283.0,3.0,423.0,100.0
2024,KXHIGHNY-24DEC04-T37,22,0.03,1253.0,16.0,30.5,823.0,100.0
2024,KXHIGHNY-24DEC04-T44,150,0.01,15000.0,111.0,5.0,427.0,100.0
2024,KXHIGHNY-24DEC05-B36.5,173,0.05,15621.0,67.0,6.0,854.0,100.0
2024,KXHIGHNY-24DEC05-B38.5,437,0.04999999999999999,49182.0,145.0,3.0,655.0,100.0
2024,KXHIGHNY-24DEC05-B40.5,423,0.030000000000000027,33508.0,185.0,3.0,561.0,100.0
2024,KXHIGHNY-24DEC05-B42.5,406,0.03999999999999998,45938.0,183.0,3.0,498.0,100.0
2024,KXHIGHNY-24DEC05-T36,17,0.01,3299.0,16.0,49.0,736.0,100.0
2024,KXHIGHNY-24DEC05-T43,69,0.02,6217.0,47.0,12.0,1233.0,100.0
2024,KXHIGHNY-24DEC06-B31.5,329,0.039999999999999994,47499.0,112.0,3.0,434.0,100.0
2024,KXHIGHNY-24DEC06-B33.5,870,0.04999999999999993,76674.0,218.0,2.0,422.0,100.0
2024,KXHIGHNY-24DEC06-B35.5,900,0.04999999999999999,112693.0,187.0,2.0,432.0,100.0
2024,KXHIGHNY-24DEC06-B37.5,474,0.049999999999999996,19286.0,152.0,4.0,890.0,100.0
2024,KXHIGHNY-24DEC06-T31,45,0.02,12953.0,33.0,35.0,665.0,100.0
2024,KXHIGHNY-24DEC06-T38,61,0.02,4328.0,44.0,11.0,921.0,100.0
2024,KXHIGHNY-24DEC07-B34.5,37,0.019999999999999997,1549.0,31.0,25.0,1140.0,100.0
2024,KXHIGHNY-24DEC07-B36.5,335,0.03,18361.0,102.0,4.5,882.0,100.0
2024,KXHIGHNY-24DEC07-B38.5,399,0.030000000000000027,19533.0,171.0,3.0,736.0,100.0
2024,KXHIGHNY-24DEC07-B40.5,542,0.03999999999999998,38301.0,223.0,3.0,460.0,100.0
2024,KXHIGHNY-24DEC07-T34,12,0.019999999999999997,96.0,11.0,102.0,1930.0,100.0
2024,KXHIGHNY-24DEC07-T41,461,0.03,26604.0,193.0,2.0,798.0,100.0
2024,KXHIGHNY-24DEC08-B46.5,37,0.02,3453.0,32.0,22.0,784.0,100.0
2024,KXHIGHNY-24DEC08-B48.5,154,0.029999999999999985,13301.0,109.0,5.0,602.0,100.0
2024,KXHIGHNY-24DEC08-B50.5,329,0.04999999999999999,15980.0,157.0,3.0,787.0,100.0
2024,KXHIGHNY-24DEC08-B52.5,414,0.05999999999999994,27284.0,188.0,3.0,860.0,100.0
2024,KXHIGHNY-24DEC08-T46,18,0.035,538.0,14.0,93.5,863.0,100.0
2024,KXHIGHNY-24DEC08-T53,321,0.040000000000000036,38468.0,167.0,2.0,729.0,100.0
2024,KXHIGHNY-24DEC09-B44.5,13,0.03,1035.0,11.0,125.0,1343.0,100.0
2024,KXHIGHNY-24DEC09-B46.5,101,0.019999999999999997,3381.0,55.0,14.0,425.0,100.0
2024,KXHIGHNY-24DEC09-B48.5,324,0.035,7948.0,82.0,4.0,1010.0,100.0
2024,KXHIGHNY-24DEC09-B50.5,753,0.03999999999999998,33429.0,143.0,2.0,604.0,100.0
2024,KXHIGHNY-24DEC09-T44,16,0.04,567.0,14.0,52.0,1178.0,100.0
2024,KXHIGHNY-24DEC09-T51,696,0.04000000000000001,42333.0,165.0,2.0,455.0,100.0
2024,KXHIGHNY-24DEC10-B48.5,604,0.03999999999999998,164027.0,113.0,2.0,422.0,100.0
2024,KXHIGHNY-24DEC10-B50.5,885,0.04000000000000001,107058.0,218.0,2.0,426.0,100.0
2024,KXHIGHNY-24DEC10-B52.5,1164,0.03999999999999998,114710.0,201.0,2.0,424.0,100.0
2024,KXHIGHNY-24DEC10-B54.5,765,0.030000000000000027,24543.0,220.0,3.0,481.0,100.0
2024,KXHIGHNY-24DEC10-T48,20,0.01,6668.0,19.0,13.0,678.0,100.0
2024,KXHIGHNY-24DEC10-T55,411,0.020000000000000004,32553.0,165.0,4.0,477.0,100.0
2024,KXHIGHNY-24DEC11-B58.5,348,0.049999999999999996,18877.0,137.0,5.0,531.0,100.0
2024,KXHIGHNY-24DEC11-B60.5,909,0.05000000000000002,33081.0,108.0,2.5,531.0,100.0
2024,KXHIGHNY-24DEC11-B62.5,920,0.050000000000000044,28571.0,150.0,3.0,608.0,100.0
2024,KXHIGHNY-24DEC11-B64.5,505,0.05000000000000002,21527.0,170.0,4.0,531.0,100.0
2024,KXHIGHNY-24DEC11-T58,46,0.03,4425.0,31.0,29.0,654.0,100.0
2024,KXHIGHNY-24DEC11-T65,234,0.039999999999999994,9033.0,117.0,5.0,531.0,100.0
2024,KXHIGHNY-24DEC12-B35.5,41,0.01,6063.0,25.0,29.0,838.0,100.0
2024,KXHIGHNY-24DEC12-B37.5,132,0.03,16993.0,76.0,3.5,781.0,100.0
2024,KXHIGHNY-24DEC12-B39.5,361,0.039999999999999994,181604.0,127.0,3.0,748.0,100.0
2024,KXHIGHNY-24DEC12-B41.5,547,0.04999999999999999,93715.0,214.0,2.0,479.0,100.0
2024,KXHIGHNY-24DEC12-T35,30,0.01,3766.0,26.0,18.5,936.0,100.0
2024,KXHIGHNY-24DEC12-T42,547,0.04,106884.0,209.0,3.0,452.0,100.0
2024,KXHIGHNY-24DEC13-B31.5,779,0.04000000000000001,106488.0,135.0,3.0,449.0,100.0
2024,KXHIGHNY-24DEC13-B33.5,754,0.04999999999999993,38360.0,126.0,2.0,492.0,100.0
2024,KXHIGHNY-24DEC13-B35.5,755,0.04999999999999999,15478.0,163.0,2.0,431.0,100.0
2024,KXHIGHNY-24DEC13-B37.5,361,0.039999999999999994,2735.0,69.0,8.0,717.0,100.0
2024,KXHIGHNY-24DEC13-T31,18,0.02,1978.0,15.0,74.0,748.0,100.0
2024,KXHIGHNY-24DEC13-T38,34,0.02,903.0,33.0,32.0,877.0,100.0
2024,KXHIGHNY-24DEC14-B32.5,347,0.04000000000000001,56128.0,156.0,4.0,456.0,100.0
2024,KXHIGHNY-24DEC14-B34.5,522,0.04999999999999999,35624.0,182.0,3.0,441.0,100.0
2024,KXHIGHNY-24DEC14-B36.5,404,0.04999999999999999,11541.0,148.0,2.0,439.0,100.0
2024,KXHIGHNY-24DEC14-B38.5,156,0.03,5335.0,75.0,10.0,554.0,100.0
2024,KXHIGHNY-24DEC14-T32,18,0.03,11716.0,17.0,57.0,624.0,100.0
2024,KXHIGHNY-24DEC14-T39,30,0.019999999999999997,674.0,24.0,19.0,1259.0,100.0
2024,KXHIGHNY-24DEC15-B35.5,58,0.020000000000000004,2720.0,44.0,19.0,1077.0,100.0
2024,KXHIGHNY-24DEC15-B37.5,646,0.04999999999999999,21218.0,102.0,4.0,668.0,100.0
2024,KXHIGHNY-24DEC15-B39.5,756,0.04000000000000001,70969.0,157.0,2.0,466.0,100.0
2024,KXHIGHNY-24DEC15-B41.5,902,0.03999999999999998,39419.0,177.0,3.0,438.0,100.0
2024,KXHIGHNY-24DEC15-T35,24,0.035,777.0,20.0,19.5,1337.0,100.0
2024,KXHIGHNY-24DEC15-T42,351,0.03,34198.0,151.0,3.0,501.0,100.0
2024,KXHIGHNY-24DEC16-B45.5,22,0.015,2672.0,19.0,29.0,753.0,100.0
2024,KXHIGHNY-24DEC16-B47.5,322,0.03,27432.0,121.0,3.0,735.0,100.0
2024,KXHIGHNY-24DEC16-B49.5,749,0.04999999999999999,52715.0,159.0,3.0,472.0,100.0
2024,KXHIGHNY-24DEC16-B51.5,945,0.04999999999999999,65183.0,186.0,2.0,423.0,100.0
2024,KXHIGHNY-24DEC16-T45,11,0.03,1.0,10.0,65.0,1293.0,100.0
2024,KXHIGHNY-24DEC16-T52,878,0.039999999999999994,58386.0,190.0,2.0,423.0,100.0
2024,KXHIGHNY-24DEC17-B53.5,155,0.020000000000000004,16981.0,116.0,5.0,430.0,100.0
2024,KXHIGHNY-24DEC17-B55.5,479,0.04999999999999999,34921.0,130.0,2.0,430.0,100.0
2024,KXHIGHNY-24DEC17-B57.5,684,0.050000000000000044,120838.0,159.0,2.0,445.0,100.0
2024,KXHIGHNY-24DEC17-B59.5,592,0.04999999999999999,44424.0,164.0,3.0,455.0,100.0
2024,KXHIGHNY-24DEC17-T53,9,0.01,1409.0,8.0,180.5,1341.0,100.0
2024,KXHIGHNY-24DEC17-T60,188,0.03,20142.0,101.0,5.0,556.0,100.0
2024,KXHIGHNY-24DEC18-B45.5,32,0.015,2592.0,27.0,10.0,1829.0,100.0
2024,KXHIGHNY-24DEC18-B47.5,409,0.04,10669.0,98.0,4.0,1269.0,100.0
2024,KXHIGHNY-24DEC18-B49.5,514,0.04999999999999999,16317.0,129.0,2.0,640.0,100.0
2024,KXHIGHNY-24DEC18-B51.5,756,0.04999999999999999,26938.0,123.0,2.0,938.0,100.0
2024,KXHIGHNY-24DEC18-T45,20,0.010000000000000002,1619.0,19.0,40.0,1298.0,100.0
2024,KXHIGHNY-24DEC18-T52,655,0.040000000000000036,34549.0,109.0,2.0,749.0,100.0
2024,KXHIGHNY-24DEC19-B40.5,17,0.02,1375.0,15.0,31.0,876.0,100.0
2024,KXHIGHNY-24DEC19-B42.5,155,0.020000000000000004,15187.0,87.0,4.0,495.0,100.0
2024,KXHIGHNY-24DEC19-B44.5,807,0.04999999999999993,33023.0,168.0,2.5,434.0,100.0
2024,KXHIGHNY-24DEC19-B46.5,944,0.04999999999999999,35789.0,114.0,2.0,500.0,100.0
2024,KXHIGHNY-24DEC19-T40,20,0.025,6115.0,18.0,23.5,1458.0,100.0
2024,KXHIGHNY-24DEC19-T47,537,0.04000000000000001,23164.0,129.0,4.0,474.0,100.0
2024,KXHIGHNY-24DEC20-B35.5,326,0.020000000000000004,12441.0,68.0,9.0,575.0,100.0
2024,KXHIGHNY-24DEC20-B37.5,825,0.050000000000000044,42841.0,187.0,2.0,424.0,100.0
2024,KXHIGHNY-24DEC20-B39.5,846,0.04999999999999999,21317.0,115.0,3.0,770.0,100.0
2024,KXHIGHNY-24DEC20-B41.5,595,0.05,11121.0,117.0,3.0,920.0,100.0
2024,KXHIGHNY-24DEC20-T35,127,0.019999999999999997,579.0,28.0,11.5,588.0,100.0
2024,KXHIGHNY-24DEC20-T42,401,0.02,4565.0,68.0,5.0,1062.0,100.0
2024,KXHIGHNY-24DEC21-B29.5,27,0.01,8307.0,24.0,75.0,526.0,100.0
2024,KXHIGHNY-24DEC21-B31.5,640,0.03,116645.0,154.0,3.0,430.0,100.0
2024,KXHIGHNY-24DEC21-B33.5,721,0.040000000000000036,42943.0,190.0,2.0,509.0,100.0
2024,KXHIGHNY-24DEC21-B35.5,489,0.04999999999999999,9379.0,144.0,3.0,939.0,100.0
2024,KXHIGHNY-24DEC21-T29,12,0.01,443.0,11.0,125.0,917.0,100.0
2024,KXHIGHNY-24DEC21-T36,233,0.030000000000000002,4054.0,82.0,4.0,939.0,100.0
2024,KXHIGHNY-24DEC22-B21.5,791,0.03,38851.0,103.0,3.0,517.0,100.0
2024,KXHIGHNY-24DEC22-B23.5,997,0.04999999999999999,25786.0,128.0,2.0,548.0,100.0
2024,KXHIGHNY-24DEC22-B25.5,871,0.04999999999999999,14499.0,103.0,2.0,787.0,100.0
2024,KXHIGHNY-24DEC22-B27.5,522,0.03,9218.0,82.0,5.0,1099.0,100.0
2024,KXHIGHNY-24DEC22-T21,336,0.020000000000000018,75044.0,83.0,2.0,546.0,100.0
2024,KXHIGHNY-24DEC22-T28,259,0.009999999999999998,2056.0,37.0,14.0,1099.0,100.0
2024,KXHIGHNY-24DEC23-B26.5,806,0.04000000000000001,85654.0,133.0,3.0,422.0,100.0
2024,KXHIGHNY-24DEC23-B28.5,1135,0.04999999999999999,93119.0,131.0,2.0,426.0,100.0
2024,KXHIGHNY-24DEC23-B30.5,1112,0.05000000000000002,59795.0,172.0,2.0,421.0,100.0
2024,KXHIGHNY-24DEC23-B32.5,889,0.04999999999999999,32764.0,118.0,2.0,422.0,100.0
2024,KXHIGHNY-24DEC23-T26,574,0.02,50048.0,69.0,4.0,548.0,100.0
2024,KXHIGHNY-24DEC23-T33,138,0.015,2486.0,64.0,9.0,440.0,100.0
2024,KXHIGHNY-24DEC24-B34.5,503,0.08000000000000002,16361.0,219.0,4.0,560.0,100.0
2024,KXHIGHNY-24DEC24-B36.5,588,0.11000000000000004,23823.0,251.0,4.0,518.0,100.0
2024,KXHIGHNY-24DEC24-B38.5,788,0.08000000000000002,50325.0,268.0,2.0,448.0,100.0
2024,KXHIGHNY-24DEC24-B40.5,732,0.07,41922.0,204.0,2.0,493.0,100.0
2024,KXHIGHNY-24DEC24-T34,156,0.030000000000000002,6018.0,63.0,6.0,720.0,100.0
2024,KXHIGHNY-24DEC24-T41,330,0.030000000000000002,12104.0,105.0,5.0,826.0,100.0
2024,KXHIGHNY-24DEC25-B31.5,178,0.03,6759.0,52.0,6.0,1342.0,100.0
2024,KXHIGHNY-24DEC25-B33.5,666,0.060000000000000005,53256.0,197.0,2.0,848.0,100.0
2024,KXHIGHNY-24DEC25-B35.5,719,0.06999999999999995,21918.0,218.0,2.0,565.0,100.0
2024,KXHIGHNY-24DEC25-B37.5,723,0.06999999999999999,21028.0,225.0,2.0,421.0,100.0
2024,KXHIGHNY-24DEC25-T31,11,0.03,21.0,10.0,96.5,1346.0,100.0
2024,KXHIGHNY-24DEC25-T38,721,0.05,123772.0,122.0,2.0,769.0,100.0
2024,KXHIGHNY-24DEC26-B32.5,457,0.02,12261.0,69.0,5.0,1005.0,100.0
2024,KXHIGHNY-24DEC26-B34.5,846,0.05999999999999997,87899.0,125.0,2.0,540.0,100.0
2024,KXHIGHNY-24DEC26-B36.5,979,0.04999999999999993,51723.0,149.0,2.0,617.0,100.0
2024,KXHIGHNY-24DEC26-B38.5,769,0.04,24408.0,151.0,2.0,429.0,100.0
2024,KXHIGHNY-24DEC26-T32,18,0.035,400.0,14.0,95.0,1163.0,100.0
2024,KXHIGHNY-24DEC26-T39,515,0.03,14747.0,113.0,2.0,937.0,100.0
2024,KXHIGHNY-24DEC27-B35.5,309,0.04000000000000001,3368.0,40.0,15.0,936.0,100.0
2024,KXHIGHNY-24DEC27-B37.5,428,0.04,27219.0,92.0,4.0,713.0,100.0
2024,KXHIGHNY-24DEC27-B39.5,632,0.05999999999999994,65433.0,95.0,3.0,516.0,100.0
2024,KXHIGHNY-24DEC27-B41.5,1021,0.05000000000000002,92821.0,104.0,2.0,431.0,100.0
2024,KXHIGHNY-24DEC27-T35,11,0.03,45.0,9.0,112.0,1103.0,100.0
2024,KXHIGHNY-24DEC27-T42,845,0.040000000000000036,93693.0,95.0,2.0,421.0,100.0
2024,KXHIGHNY-24DEC28-B43.5,523,0.03,29296.0,167.0,2.0,821.0,100.0
2024,KXHIGHNY-24DEC28-B45.5,559,0.03999999999999998,29092.0,210.0,2.0,485.0,100.0
2024,KXHIGHNY-24DEC28-B47.5,592,0.04999999999999999,28006.0,193.0,2.0,478.0,100.0
2024,KXHIGHNY-24DEC28-B49.5,852,0.030000000000000002,57462.0,197.0,2.0,424.0,100.0
2024,KXHIGHNY-24DEC28-T43,46,0.015,1398.0,35.0,8.0,897.0,100.0
2024,KXHIGHNY-24DEC28-T50,648,0.03,60349.0,168.0,3.0,432.0,100.0
2024,KXHIGHNY-24DEC29-B53.5,207,0.020000000000000004,6743.0,72.0,3.0,552.0,100.0
2024,KXHIGHNY-24DEC29-B55.5,504,0.04999999999999999,19942.0,162.0,2.0,595.0,100.0
2024,KXHIGHNY-24DEC29-B57.5,607,0.040000000000000036,47133.0,170.0,2.0,466.0,100.0
2024,KXHIGHNY-24DEC29-B59.5,788,0.040000000000000036,104076.0,200.0,2.0,421.0,100.0
2024,KXHIGHNY-24DEC29-T53,49,0.019999999999999997,5004.0,35.0,12.0,584.0,100.0
2024,KXHIGHNY-24DEC29-T60,766,0.03,177467.0,214.0,2.0,421.0,100.0
2024,KXHIGHNY-24DEC30-B52.5,37,0.01,7944.0,34.0,15.0,1194.0,100.0
2024,KXHIGHNY-24DEC30-B54.5,700,0.03,26933.0,185.0,1.0,881.0,100.0
2024,KXHIGHNY-24DEC30-B56.5,962,0.050000000000000044,80931.0,222.0,2.0,422.0,100.0
2024,KXHIGHNY-24DEC30-B58.5,963,0.06,43506.0,243.0,2.0,430.0,100.0
2024,KXHIGHNY-24DEC30-T52,31,0.02,473.0,20.0,4.0,1939.0,100.0
2024,KXHIGHNY-24DEC30-T59,866,0.05999999999999997,24689.0,199.0,2.0,455.0,100.0
2024,KXHIGHNY-24DEC31-B50.5,675,0.03999999999999998,32337.0,168.0,2.0,876.0,100.0
2024,KXHIGHNY-24DEC31-B52.5,1121,0.040000000000000036,60227.0,217.0,2.0,429.0,100.0
2024,KXHIGHNY-24DEC31-B54.5,915,0.03999999999999998,40365.0,185.0,2.0,440.0,100.0
2024,KXHIGHNY-24DEC31-B56.5,564,0.03,19137.0,141.0,2.0,862.0,100.0
2024,KXHIGHNY-24DEC31-T50,289,0.030000000000000006,9172.0,80.0,4.0,1304.0,100.0
2024,KXHIGHNY-24DEC31-T57,280,0.020000000000000004,4942.0,106.0,2.0,1076.0,100.0
2024,KXHIGHNY-24NOV01-B72.5,28,0.060000000000000005,2411.0,25.0,7.0,1313.0,100.0
2024,KXHIGHNY-24NOV01-B74.5,271,0.07,1752.0,169.0,4.0,1085.0,100.0
2024,KXHIGHNY-24NOV01-B76.5,404,0.07,42582.0,235.0,3.0,429.0,100.0
2024,KXHIGHNY-24NOV01-B78.5,508,0.08000000000000002,32741.0,286.0,3.0,435.0,100.0
2024,KXHIGHNY-24NOV01-T72,95,0.049999999999999996,1362.0,86.0,4.0,942.0,100.0
2024,KXHIGHNY-24NOV01-T79,439,0.07,34700.0,220.0,4.0,422.0,100.0
2024,KXHIGHNY-24NOV02-B55.5,161,0.13,2309.0,112.0,4.0,484.0,100.0
2024,KXHIGHNY-24NOV02-B57.5,276,0.06,18395.0,182.0,4.0,483.0,100.0
2024,KXHIGHNY-24NOV02-B59.5,617,0.09000000000000002,35262.0,287.0,3.0,482.0,100.0
2024,KXHIGHNY-24NOV02-B61.5,674,0.09000000000000002,47031.0,325.0,3.0,482.0,100.0
2024,KXHIGHNY-24NOV02-T55,148,0.16499999999999998,11693.0,105.0,4.0,954.0,100.0
2024,KXHIGHNY-24NOV02-T62,518,0.14,16103.0,256.0,3.0,481.0,100.0
2024,KXHIGHNY-24NOV03-B52.5,488,0.1,51134.0,250.0,4.0,487.0,100.0
2024,KXHIGHNY-24NOV03-B54.5,536,0.08000000000000002,30818.0,260.0,3.0,486.0,100.0
2024,KXHIGHNY-24NOV03-B56.5,652,0.08999999999999997,27903.0,328.0,3.0,481.0,100.0
2024,KXHIGHNY-24NOV03-B58.5,432,0.09999999999999999,7557.0,242.0,4.0,600.0,100.0
2024,KXHIGHNY-24NOV03-T52,70,0.07,1704.0,40.0,10.5,577.0,100.0
2024,KXHIGHNY-24NOV03-T59,223,0.19,1444.0,93.0,6.0,652.0,100.0
2024,KXHIGHNY-24NOV04-B55.5,541,0.09,69183.0,306.0,4.0,426.0,99.67320261437908
2024,KXHIGHNY-24NOV04-B57.5,665,0.08000000000000002,24743.0,352.0,3.0,422.0,98.86363636363636
2024,KXHIGHNY-24NOV04-B59.5,644,0.08000000000000002,24770.0,305.0,3.0,421.0,99.672131147541
2024,KXHIGHNY-24NOV04-B61.5,407,0.08,7139.0,218.0,3.0,427.0,99.08256880733946
2024,KXHIGHNY-24NOV04-T55,243,0.53,2758.0,147.0,4.0,426.0,97.27891156462584
2024,KXHIGHNY-24NOV04-T62,311,0.13,2367.0,186.0,4.0,428.0,96.7741935483871
2024,KXHIGHNY-24NOV05-B67.5,362,0.12000000000000001,1248.0,243.0,3.0,588.0,100.0
2024,KXHIGHNY-24NOV05-B69.5,535,0.15,37007.0,296.0,4.0,768.0,100.0
2024,KXHIGHNY-24NOV05-B71.5,841,0.16999999999999993,94511.0,367.0,3.0,422.0,100.0
2024,KXHIGHNY-24NOV05-B73.5,870,0.19,54680.0,359.0,3.0,421.0,100.0
2024,KXHIGHNY-24NOV05-T67,288,0.13,2810.0,191.0,4.0,497.0,100.0
2024,KXHIGHNY-24NOV05-T74,721,0.12000000000000002,28959.0,388.0,3.0,421.0,100.0
2024,KXHIGHNY-24NOV06-B73.5,238,0.12000000000000001,5847.0,159.0,5.0,559.0,100.0
2024,KXHIGHNY-24NOV06-B75.5,361,0.08000000000000002,9395.0,217.0,3.0,760.0,100.0
2024,KXHIGHNY-24NOV06-B77.5,668,0.08999999999999997,66911.0,311.0,3.0,422.0,100.0
2024,KXHIGHNY-24NOV06-B79.5,805,0.07999999999999996,56918.0,354.0,3.0,421.0,100.0
2024,KXHIGHNY-24NOV06-T73,205,0.1,4219.0,151.0,5.0,421.0,100.0
2024,KXHIGHNY-24NOV06-T80,699,0.14,19678.0,355.0,3.0,421.0,100.0
2024,KXHIGHNY-24NOV07-B70.5,307,0.04999999999999999,69575.0,229.0,3.0,429.0,100.0
2024,KXHIGHNY-24NOV07-B72.5,856,0.07999999999999996,89661.0,366.0,2.0,421.0,100.0
2024,KXHIGHNY-24NOV07-B74.5,728,0.08999999999999997,52689.0,320.0,3.0,421.0,100.0
2024,KXHIGHNY-24NOV07-B76.5,587,0.08000000000000002,55624.0,272.0,3.0,421.0,100.0
2024,KXHIGHNY-24NOV07-T70,140,0.1,2278.0,105.0,4.0,727.0,100.0
2024,KXHIGHNY-24NOV07-T77,234,0.1,7881.0,158.0,4.0,558.0,100.0
2024,KXHIGHNY-24NOV08-B63.5,207,0.09,7226.0,135.0,6.0,637.0,100.0
2024,KXHIGHNY-24NOV08-B65.5,370,0.07999999999999999,20849.0,230.0,3.0,439.0,100.0
2024,KXHIGHNY-24NOV08-B67.5,751,0.07999999999999996,159927.0,279.0,2.0,433.0,100.0
2024,KXHIGHNY-24NOV08-B69.5,770,0.07999999999999999,113716.0,291.0,2.0,425.0,100.0
2024,KXHIGHNY-24NOV08-T63,191,0.15000000000000002,26417.0,144.0,6.5,546.0,100.0
2024,KXHIGHNY-24NOV08-T70,374,0.09,20716.0,210.0,3.0,529.0,100.0
2024,KXHIGHNY-24NOV09-B50.5,59,0.1,2322.0,48.0,8.5,855.0,100.0
2024,KXHIGHNY-24NOV09-B52.5,371,0.05,34850.0,236.0,4.0,437.0,100.0
2024,KXHIGHNY-24NOV09-B54.5,841,0.04999999999999999,181933.0,300.0,2.0,421.0,100.0
2024,KXHIGHNY-24NOV09-B56.5,882,0.06999999999999995,180896.0,279.0,2.0,422.0,100.0
2024,KXHIGHNY-24NOV09-T50,140,0.12000000000000001,3118.0,115.0,4.0,486.0,100.0
2024,KXHIGHNY-24NOV09-T57,768,0.08000000000000002,80853.0,244.0,3.0,439.0,100.0
2024,KXHIGHNY-24NOV10-B55.5,383,0.09,21758.0,201.0,4.0,503.0,100.0
2024,KXHIGHNY-24NOV10-B57.5,1066,0.040000000000000036,348789.0,305.0,2.0,421.0,100.0
2024,KXHIGHNY-24NOV10-B59.5,1036,0.04999999999999999,267100.0,304.0,2.0,421.0,100.0
2024,KXHIGHNY-24NOV10-B61.5,620,0.049999999999999996,66746.0,249.0,2.0,482.0,100.0
2024,KXHIGHNY-24NOV10-T55,218,0.09000000000000001,2409.0,123.0,4.0,973.0,100.0
2024,KXHIGHNY-24NOV10-T62,364,0.08,9489.0,196.0,4.0,482.0,100.0
2024,KXHIGHNY-24NOV11-B63.5,466,0.09000000000000001,19420.0,213.0,3.0,429.0,100.0
2024,KXHIGHNY-24NOV11-B65.5,486,0.03999999999999998,69804.0,207.0,3.0,453.0,100.0
2024,KXHIGHNY-24NOV11-B67.5,688,0.04999999999999993,92031.0,262.0,2.0,432.0,100.0
2024,KXHIGHNY-24NOV11-B69.5,609,0.04999999999999999,54604.0,232.0,2.0,437.0,100.0
2024,KXHIGHNY-24NOV11-T63,230,0.06999999999999999,11583.0,143.0,4.0,433.0,100.0
2024,KXHIGHNY-24NOV11-T70,397,0.07,10651.0,166.0,3.0,777.0,100.0
2024,KXHIGHNY-24NOV12-B49.5,28,0.02,8925.0,22.0,18.0,1220.0,100.0
2024,KXHIGHNY-24NOV12-B51.5,288,0.07,73738.0,163.0,3.0,607.0,100.0
2024,KXHIGHNY-24NOV12-B53.5,548,0.04000000000000001,227102.0,278.0,2.0,423.0,100.0
2024,KXHIGHNY-24NOV12-B55.5,626,0.039999999999999925,187119.0,264.0,2.0,424.0,100.0
2024,KXHIGHNY-24NOV12-T49,14,0.01,17619.0,10.0,40.0,1125.0,100.0
2024,KXHIGHNY-24NOV12-T56,639,0.020000000000000018,404913.0,278.0,2.0,424.0,100.0
2024,KXHIGHNY-24NOV13-B44.5,97,0.030000000000000002,15724.0,71.0,8.0,515.0,100.0
2024,KXHIGHNY-24NOV13-B46.5,466,0.03,55590.0,250.0,3.0,427.0,100.0
2024,KXHIGHNY-24NOV13-B48.5,926,0.040000000000000036,517256.0,270.0,2.0,430.0,100.0
2024,KXHIGHNY-24NOV13-B50.5,858,0.040000000000000036,284067.0,264.0,2.0,421.0,100.0
2024,KXHIGHNY-24NOV13-T44,17,0.019999999999999997,3394.0,15.0,22.0,1291.0,100.0
2024,KXHIGHNY-24NOV13-T51,748,0.060000000000000005,148570.0,235.0,2.0,423.0,100.0
2024,KXHIGHNY-24NOV14-B44.5,178,0.03,15766.0,122.0,5.0,506.0,100.0
2024,KXHIGHNY-24NOV14-B46.5,672,0.039999999999999994,155948.0,229.0,3.0,435.0,100.0
2024,KXHIGHNY-24NOV14-B48.5,672,0.040000000000000036,200034.0,216.0,3.0,442.0,100.0
2024,KXHIGHNY-24NOV14-B50.5,478,0.04000000000000001,73439.0,201.0,3.0,611.0,100.0
2024,KXHIGHNY-24NOV14-T44,20,0.01,1622.0,18.0,28.5,630.0,100.0
2024,KXHIGHNY-24NOV14-T51,140,0.039999999999999994,8536.0,93.0,6.0,538.0,100.0
2024,KXHIGHNY-24NOV15-B52.5,96,0.03,15606.0,81.0,9.0,484.0,100.0
2024,KXHIGHNY-24NOV15-B54.5,227,0.03,36143.0,145.0,5.0,463.0,100.0
2024,KXHIGHNY-24NOV15-B56.5,626,0.040000000000000036,101673.0,224.0,2.0,562.0,100.0
2024,KXHIGHNY-24NOV15-B58.5,701,0.030000000000000027,97991.0,278.0,2.0,477.0,100.0
2024,KXHIGHNY-24NOV15-T52,47,0.02,13821.0,41.0,12.0,522.0,100.0
2024,KXHIGHNY-24NOV15-T59,564,0.039999999999999994,79554.0,249.0,2.0,443.0,100.0
2024,KXHIGHNY-24NOV16-B57.5,164,0.039999999999999994,17861.0,109.0,4.0,671.0,100.0
2024,KXHIGHNY-24NOV16-B59.5,429,0.04000000000000001,75093.0,198.0,2.0,603.0,100.0
2024,KXHIGHNY-24NOV16-B61.5,586,0.040000000000000036,95464.0,214.0,2.0,461.0,100.0
2024,KXHIGHNY-24NOV16-B63.5,565,0.04000000000000001,133771.0,198.0,2.0,544.0,100.0
2024,KXHIGHNY-24NOV16-T57,44,0.049999999999999996,9130.0,34.0,19.5,473.0,100.0
2024,KXHIGHNY-24NOV16-T64,114,0.03,28135.0,84.0,6.5,591.0,100.0
2024,KXHIGHNY-24NOV17-B58.5,92,0.04,7793.0,57.0,9.0,551.0,100.0
2024,KXHIGHNY-24NOV17-B60.5,339,0.020000000000000004,67765.0,193.0,3.0,545.0,100.0
2024,KXHIGHNY-24NOV17-B62.5,778,0.040000000000000036,134799.0,263.0,2.0,459.0,100.0
2024,KXHIGHNY-24NOV17-B64.5,720,0.030000000000000027,153487.0,246.0,2.0,459.0,100.0
2024,KXHIGHNY-24NOV17-T58,44,0.04,6287.0,33.0,11.0,546.0,100.0
2024,KXHIGHNY-24NOV17-T65,215,0.02,98154.0,146.0,5.0,541.0,100.0
2024,KXHIGHNY-24NOV18-B60.5,55,0.019999999999999997,12220.0,46.0,19.5,650.0,100.0
2024,KXHIGHNY-24NOV18-B62.5,585,0.04,77107.0,194.0,2.5,649.0,100.0
2024,KXHIGHNY-24NOV18-B64.5,827,0.050000000000000044,141631.0,215.0,2.0,569.0,100.0
2024,KXHIGHNY-24NOV18-B66.5,724,0.030000000000000027,191665.0,224.0,2.0,474.0,100.0
2024,KXHIGHNY-24NOV18-T60,25,0.01,22509.0,20.0,40.0,739.0,100.0
2024,KXHIGHNY-24NOV18-T67,338,0.019999999999999997,48000.0,105.0,7.0,582.0,100.0
2024,KXHIGHNY-24NOV19-B54.5,177,0.049999999999999996,22347.0,117.0,6.0,544.0,100.0
2024,KXHIGHNY-24NOV19-B56.5,645,0.030000000000000013,110266.0,186.0,3.0,621.0,100.0
2024,KXHIGHNY-24NOV19-B58.5,865,0.030000000000000027,391853.0,185.0,2.0,577.0,100.0
2024,KXHIGHNY-24NOV19-B60.5,721,0.03,332383.0,191.0,3.0,548.0,100.0
2024,KXHIGHNY-24NOV19-T54,5,0.01,1047.0,2.0,1409.0,2152.0,100.0
2024,KXHIGHNY-24NOV19-T61,299,0.03,90172.0,152.0,4.0,561.0,100.0
2024,KXHIGHNY-24NOV20-B55.5,212,0.030000000000000006,13691.0,129.0,4.0,492.0,100.0
2024,KXHIGHNY-24NOV20-B57.5,436,0.03999999999999998,48001.0,223.0,2.0,504.0,100.0
2024,KXHIGHNY-24NOV20-B59.5,715,0.040000000000000036,70634.0,214.0,2.5,481.0,100.0
2024,KXHIGHNY-24NOV20-B61.5,530,0.03999999999999998,58167.0,198.0,3.0,492.0,100.0
2024,KXHIGHNY-24NOV20-T55,58,0.03,6157.0,41.0,13.0,507.0,100.0
2024,KXHIGHNY-24NOV20-T62,324,0.030000000000000002,58279.0,137.0,3.0,558.0,100.0
2024,KXHIGHNY-24NOV21-B48.5,153,0.01,209124.0,106.0,8.0,489.0,100.0
2024,KXHIGHNY-24NOV21-B50.5,177,0.020000000000000004,138211.0,120.0,5.0,445.0,100.0
2024,KXHIGHNY-24NOV21-B52.5,630,0.04999999999999999,96088.0,148.0,3.0,437.0,100.0
2024,KXHIGHNY-24NOV21-B54.5,792,0.030000000000000027,163917.0,238.0,2.0,445.0,100.0
2024,KXHIGHNY-24NOV21-T48,66,0.02,41183.0,44.0,18.5,545.0,100.0
2024,KXHIGHNY-24NOV21-T55,599,0.030000000000000027,147350.0,190.0,2.0,445.0,100.0
2024,KXHIGHNY-24NOV22-B41.5,1128,0.040000000000000036,140715.0,265.0,2.0,460.0,100.0
2024,KXHIGHNY-24NOV22-B43.5,1009,0.040000000000000036,80800.0,219.0,2.0,491.0,100.0
2024,KXHIGHNY-24NOV22-B45.5,515,0.04,22093.0,164.0,2.0,816.0,100.0
2024,KXHIGHNY-24NOV22-B47.5,220,0.010000000000000002,5830.0,56.0,9.5,816.0,100.0
2024,KXHIGHNY-24NOV22-T41,999,0.03999999999999998,215840.0,249.0,2.0,426.0,100.0
2024,KXHIGHNY-24NOV22-T48,64,0.04499999999999999,5344.0,41.0,9.0,816.0,100.0
2024,KXHIGHNY-24NOV23-B46.5,371,0.03,92712.0,222.0,3.0,566.0,100.0
2024,KXHIGHNY-24NOV23-B48.5,895,0.030000000000000027,142203.0,237.0,2.0,421.0,100.0
2024,KXHIGHNY-24NOV23-B50.5,725,0.040000000000000036,145441.0,241.0,2.0,437.0,100.0
2024,KXHIGHNY-24NOV23-B52.5,270,0.020000000000000004,48746.0,175.0,3.0,537.0,100.0
2024,KXHIGHNY-24NOV23-T46,143,0.03,12536.0,90.0,9.5,680.0,100.0
2024,KXHIGHNY-24NOV23-T53,115,0.04,18692.0,74.0,6.0,785.0,100.0
2024,KXHIGHNY-24NOV24-B49.5,309,0.03999999999999998,50000.0,190.0,3.0,781.0,100.0
2024,KXHIGHNY-24NOV24-B51.5,453,0.040000000000000036,96710.0,209.0,3.0,544.0,100.0
2024,KXHIGHNY-24NOV24-B53.5,537,0.040000000000000036,107472.0,247.0,2.0,615.0,100.0
2024,KXHIGHNY-24NOV24-B55.5,312,0.020000000000000004,60768.0,175.0,3.0,614.0,100.0
2024,KXHIGHNY-24NOV24-T49,74,0.03,5888.0,62.0,8.5,661.0,100.0
2024,KXHIGHNY-24NOV24-T56,55,0.02,15654.0,46.0,21.5,1076.0,100.0
2024,KXHIGHNY-24NOV25-B50.5,316,0.030000000000000002,50413.0,188.0,3.0,526.0,100.0
2024,KXHIGHNY-24NOV25-B52.5,663,0.04999999999999999,239981.0,247.0,2.0,421.0,100.0
2024,KXHIGHNY-24NOV25-B54.5,697,0.04999999999999993,149038.0,250.0,2.0,421.0,100.0
2024,KXHIGHNY-24NOV25-B56.5,265,0.02,50657.0,185.0,5.0,445.0,100.0
2024,KXHIGHNY-24NOV25-T50,109,0.01,11228.0,88.0,3.0,547.0,100.0
2024,KXHIGHNY-24NOV25-T57,76,0.04,3802.0,61.0,10.0,938.0,100.0
2024,KXHIGHNY-24NOV26-B54.5,98,0.039999999999999994,7472.0,74.0,8.0,639.0,100.0
2024,KXHIGHNY-24NOV26-B56.5,492,0.04000000000000001,55671.0,215.0,2.0,512.0,100.0
2024,KXHIGHNY-24NOV26-B58.5,551,0.040000000000000036,29459.0,238.0,2.0,669.0,100.0
2024,KXHIGHNY-24NOV26-B60.5,536,0.04000000000000001,47044.0,238.0,2.0,507.0,100.0
2024,KXHIGHNY-24NOV26-T54,30,0.04000000000000001,1561.0,24.0,36.5,1105.0,100.0
2024,KXHIGHNY-24NOV26-T61,193,0.019999999999999997,21835.0,133.0,4.0,934.0,100.0
2024,KXHIGHNY-24NOV27-B46.5,60,0.03,5922.0,44.0,14.0,758.0,100.0
2024,KXHIGHNY-24NOV27-B48.5,205,0.030000000000000013,10126.0,129.0,5.0,1132.0,100.0
2024,KXHIGHNY-24NOV27-B50.5,474,0.03999999999999998,128697.0,212.0,2.0,476.0,100.0
2024,KXHIGHNY-24NOV27-B52.5,486,0.040000000000000036,91215.0,239.0,2.0,447.0,100.0
2024,KXHIGHNY-24NOV27-T46,19,0.02,3245.0,13.0,100.0,663.0,100.0
2024,KXHIGHNY-24NOV27-T53,327,0.03,40018.0,194.0,2.0,488.0,100.0
2024,KXHIGHNY-24NOV28-B44.5,28,0.015,17505.0,24.0,22.5,803.0,100.0
2024,KXHIGHNY-24NOV28-B46.5,75,0.03,8808.0,62.0,7.5,799.0,100.0
2024,KXHIGHNY-24NOV28-B48.5,582,0.039999999999999925,104467.0,241.0,2.0,423.0,100.0
2024,KXHIGHNY-24NOV28-B50.5,611,0.04999999999999999,81828.0,221.0,2.0,440.0,100.0
2024,KXHIGHNY-24NOV28-T44,13,0.01,6110.0,10.0,206.0,814.0,100.0
2024,KXHIGHNY-24NOV28-T51,606,0.040000000000000036,115246.0,213.0,2.0,426.0,100.0
2024,KXHIGHNY-24NOV29-B42.5,205,0.04,8006.0,137.0,4.0,606.0,100.0
2024,KXHIGHNY-24NOV29-B44.5,317,0.06,29151.0,178.0,3.0,592.0,100.0
2024,KXHIGHNY-24NOV29-B46.5,462,0.050000000000000044,41400.0,235.0,2.0,501.0,100.0
2024,KXHIGHNY-24NOV29-B48.5,304,0.04000000000000001,43363.0,169.0,2.0,736.0,100.0
2024,KXHIGHNY-24NOV29-T42,35,0.019999999999999997,2703.0,28.0,17.0,732.0,100.0
2024,KXHIGHNY-24NOV29-T49,47,0.01,2399.0,31.0,21.0,974.0,100.0
2024,KXHIGHNY-24NOV30-B36.5,166,0.020000000000000004,21180.0,120.0,5.0,852.0,100.0
2024,KXHIGHNY-24NOV30-B38.5,705,0.03999999999999998,69575.0,220.0,2.0,471.0,100.0
2024,KXHIGHNY-24NOV30-B40.5,552,0.040000000000000036,75777.0,211.0,2.0,530.0,100.0
2024,KXHIGHNY-24NOV30-B42.5,324,0.039999999999999994,19787.0,201.0,2.0,533.0,100.0
2024,KXHIGHNY-24NOV30-T36,29,0.03,1321.0,25.0,27.0,1280.0,100.0
2024,KXHIGHNY-24NOV30-T43,87,0.019999999999999997,5435.0,63.0,9.0,947.0,100.0
2024,KXHIGHNY-24OCT24-B60.5,2,0.01,0.0,1.0,1379.0,1379.0,100.0
2024,KXHIGHNY-24OCT24-B62.5,2,0.01,0.0,1.0,1379.0,1379.0,100.0
2024,KXHIGHNY-24OCT24-B64.5,33,0.13,828.0,25.0,8.0,634.0,100.0
2024,KXHIGHNY-24OCT24-B66.5,128,0.14500000000000002,2057.0,71.0,3.0,1020.0,100.0
2024,KXHIGHNY-24OCT24-T60,3,0.01,933.0,2.0,689.0,856.0,100.0
2024,KXHIGHNY-24OCT24-T67,120,0.12499999999999994,6595.0,73.0,3.0,509.0,100.0
2024,KXHIGHNY-24OCT25-B59.5,38,0.69,1217.0,36.0,5.0,930.0,100.0
2024,KXHIGHNY-24OCT25-B61.5,450,0.14500000000000002,5797.0,245.0,3.0,436.0,100.0
2024,KXHIGHNY-24OCT25-B63.5,433,0.19000000000000006,17501.0,186.0,3.0,437.0,100.0
2024,KXHIGHNY-24OCT25-B65.5,421,0.11000000000000001,7586.0,204.0,4.0,442.0,100.0
2024,KXHIGHNY-24OCT25-T59,162,0.18,980.0,149.0,1.0,559.0,100.0
2024,KXHIGHNY-24OCT25-T66,237,0.62,3141.0,175.0,6.0,442.0,100.0
2024,KXHIGHNY-24OCT26-B63.5,348,0.13,14590.0,181.0,3.0,444.0,100.0
2024,KXHIGHNY-24OCT26-B65.5,447,0.08999999999999997,15200.0,184.0,4.0,423.0,100.0
2024,KXHIGHNY-24OCT26-B67.5,275,0.175,2200.0,120.0,6.0,775.0,100.0
2024,KXHIGHNY-24OCT26-B69.5,161,0.57,2961.0,117.0,3.0,632.0,100.0
2024,KXHIGHNY-24OCT26-T63,127,0.17,5297.0,102.0,2.0,470.0,100.0
2024,KXHIGHNY-24OCT26-T70,91,0.325,3541.0,58.0,9.5,622.0,100.0
2024,KXHIGHNY-24OCT27-B53.5,14,0.03,654.0,10.0,144.5,1122.0,100.0
2024,KXHIGHNY-24OCT27-B55.5,476,0.09000000000000002,14232.0,190.0,5.0,495.0,100.0
2024,KXHIGHNY-24OCT27-B57.5,482,0.09999999999999998,13325.0,186.0,4.0,423.0,100.0
2024,KXHIGHNY-24OCT27-B59.5,520,0.07,20301.0,211.0,4.0,421.0,100.0
2024,KXHIGHNY-24OCT27-T53,36,0.735,2587.0,33.0,7.0,586.0,100.0
2024,KXHIGHNY-24OCT27-T60,82,0.03,8665.0,70.0,12.0,473.0,100.0
2024,KXHIGHNY-24OCT28-B55.5,65,0.84,18.0,62.0,2.0,1017.0,100.0
2024,KXHIGHNY-24OCT28-B57.5,196,0.08000000000000002,3151.0,130.0,7.5,439.0,100.0
2024,KXHIGHNY-24OCT28-B59.5,321,0.08000000000000002,20647.0,178.0,3.0,470.0,100.0
2024,KXHIGHNY-24OCT28-B61.5,400,0.08000000000000002,11923.0,229.0,3.0,445.0,100.0
2024,KXHIGHNY-24OCT28-T55,51,0.8,11253.0,47.0,3.0,523.0,100.0
2024,KXHIGHNY-24OCT28-T62,184,0.06999999999999999,11377.0,126.0,4.0,509.0,100.0
2024,KXHIGHNY-24OCT29-B60.5,142,0.75,4977.0,123.0,5.0,574.0,100.0
2024,KXHIGHNY-24OCT29-B62.5,651,0.10999999999999999,13445.0,308.0,3.0,421.0,100.0
2024,KXHIGHNY-24OCT29-B64.5,665,0.13999999999999999,9473.0,285.0,3.0,421.0,100.0
2024,KXHIGHNY-24OCT29-B66.5,482,0.15000000000000002,9133.0,210.0,3.0,422.0,100.0
2024,KXHIGHNY-24OCT29-T60,114,0.815,1171.0,94.0,5.0,621.0,100.0
2024,KXHIGHNY-24OCT29-T67,231,0.42000000000000004,3097.0,151.0,4.0,517.0,100.0
2024,KXHIGHNY-24OCT30-B69.5,64,0.08,1.0,37.0,13.0,1093.0,100.0
2024,KXHIGHNY-24OCT30-B71.5,276,0.08000000000000002,12465.0,143.0,3.0,544.0,100.0
2024,KXHIGHNY-24OCT30-B73.5,476,0.19,6565.0,231.0,3.0,457.0,100.0
2024,KXHIGHNY-24OCT30-B75.5,545,0.12,10861.0,269.0,3.0,451.0,100.0
2024,KXHIGHNY-24OCT30-T69,37,0.14,2992.0,28.0,31.0,577.0,100.0
2024,KXHIGHNY-24OCT30-T76,362,0.1,27410.0,180.0,5.5,435.0,100.0
2024,KXHIGHNY-24OCT31-B74.5,95,0.1,1127.0,81.0,7.0,684.0,100.0
2024,KXHIGHNY-24OCT31-B76.5,331,0.09,4139.0,190.0,4.0,685.0,100.0
2024,KXHIGHNY-24OCT31-B78.5,530,0.09000000000000002,33660.0,253.0,3.0,476.0,100.0
2024,KXHIGHNY-24OCT31-B80.5,509,0.08999999999999997,28235.0,259.0,3.0,421.0,100.0
2024,KXHIGHNY-24OCT31-T74,79,0.19,7540.0,68.0,8.5,479.0,100.0
2024,KXHIGHNY-24OCT31-T81,455,0.09,27104.0,250.0,4.0,424.0,100.0
2025,KXHIGHNY-25APR01-B57.5,734,0.04999999999999999,26554.0,288.0,2.0,635.0,100.0
2025,KXHIGHNY-25APR01-B59.5,711,0.06999999999999995,33223.0,220.0,2.0,677.0,100.0
2025,KXHIGHNY-25APR01-B61.5,387,0.040000000000000036,9185.0,162.0,2.0,1026.0,100.0
2025,KXHIGHNY-25APR01-B63.5,361,0.04999999999999999,2512.0,123.0,2.0,1343.0,100.0
2025,KXHIGHNY-25APR01-T57,323,0.04,65965.0,179.0,3.0,943.0,100.0
2025,KXHIGHNY-25APR01-T64,242,0.03,1309.0,110.0,3.0,1343.0,100.0
2025,KXHIGHNY-25APR02-B46.5,579,0.02999999999999997,45574.0,236.0,2.0,670.0,100.0
2025,KXHIGHNY-25APR02-B48.5,702,0.03999999999999998,30558.0,255.0,2.0,558.0,100.0
2025,KXHIGHNY-25APR02-B50.5,632,0.020000000000000018,14982.0,238.0,2.0,557.0,100.0
2025,KXHIGHNY-25APR02-B52.5,449,0.02,5988.0,193.0,2.0,882.0,100.0
2025,KXHIGHNY-25APR02-T46,348,0.020000000000000004,6396.0,182.0,2.0,670.0,100.0
2025,KXHIGHNY-25APR02-T53,455,0.02,4739.0,219.0,2.0,1004.0,100.0
2025,KXHIGHNY-25APR03-B68.5,659,0.039999999999999994,15589.0,179.0,2.0,650.0,100.0
2025,KXHIGHNY-25APR03-B70.5,767,0.03999999999999998,21614.0,161.0,2.0,667.0,100.0
2025,KXHIGHNY-25APR03-B72.5,1074,0.040000000000000036,23550.0,287.0,2.0,590.0,100.0
2025,KXHIGHNY-25APR03-B74.5,772,0.039999999999999994,18272.0,221.0,2.0,591.0,100.0
2025,KXHIGHNY-25APR03-T68,458,0.020000000000000004,9546.0,117.0,3.0,650.0,100.0
2025,KXHIGHNY-25APR03-T75,337,0.019999999999999997,6398.0,176.0,3.0,686.0,100.0
2025,KXHIGHNY-25APR04-B63.5,161,0.020000000000000004,7372.0,103.0,3.0,1209.0,100.0
2025,KXHIGHNY-25APR04-B65.5,174,0.05000000000000001,9519.0,85.0,3.0,1247.0,100.0
2025,KXHIGHNY-25APR04-B67.5,412,0.040000000000000036,19762.0,172.0,2.0,773.0,100.0
2025,KXHIGHNY-25APR04-B69.5,305,0.04999999999999999,18773.0,117.0,3.0,764.0,100.0
2025,KXHIGHNY-25APR04-T63,27,0.030000000000000002,767.0,24.0,35.5,1781.0,100.0
2025,KXHIGHNY-25APR04-T70,255,0.06999999999999998,36968.0,68.0,3.5,766.0,100.0
2025,KXHIGHNY-25APR05-B53.5,288,0.03,5960.0,148.0,2.0,936.0,100.0
2025,KXHIGHNY-25APR05-B55.5,376,0.03999999999999998,7799.0,147.0,2.0,1478.0,100.0
2025,KXHIGHNY-25APR05-B57.5,494,0.030000000000000027,10993.0,178.0,1.0,939.0,100.0
2025,KXHIGHNY-25APR05-B59.5,681,0.030000000000000027,15787.0,175.0,2.0,805.0,100.0
2025,KXHIGHNY-25APR05-T53,140,0.03,9170.0,102.0,4.0,1069.0,100.0
2025,KXHIGHNY-25APR05-T60,369,0.04,12922.0,190.0,3.0,1078.0,100.0
2025,KXHIGHNY-25APR06-B53.5,735,0.030000000000000027,6673.0,238.0,2.0,1051.0,100.0
2025,KXHIGHNY-25APR06-B55.5,833,0.03999999999999998,10333.0,230.0,2.0,733.0,100.0
2025,KXHIGHNY-25APR06-B57.5,852,0.04999999999999999,6267.0,241.0,2.0,805.0,100.0
2025,KXHIGHNY-25APR06-B59.5,473,0.03,1470.0,195.0,2.0,923.0,100.0
2025,KXHIGHNY-25APR06-T53,476,0.020000000000000018,6160.0,145.0,2.0,1108.0,100.0
2025,KXHIGHNY-25APR06-T60,443,0.03,547.0,172.0,2.0,923.0,100.0
2025,KXHIGHNY-25APR07-B46.5,343,0.04999999999999999,8828.0,130.0,2.0,1358.0,100.0
2025,KXHIGHNY-25APR07-B48.5,475,0.06,12315.0,141.0,2.0,1228.0,100.0
2025,KXHIGHNY-25APR07-B50.5,552,0.04999999999999999,14247.0,140.0,2.0,1000.0,100.0
2025,KXHIGHNY-25APR07-B52.5,312,0.06,5002.0,119.0,2.0,702.0,100.0
2025,KXHIGHNY-25APR07-T46,137,0.04999999999999999,11620.0,106.0,5.0,1077.0,100.0
2025,KXHIGHNY-25APR07-T53,74,0.05,575.0,59.0,4.0,1552.0,100.0
2025,KXHIGHNY-25APR08-B46.5,1000,0.08000000000000002,6751.0,257.0,2.0,750.0,100.0
2025,KXHIGHNY-25APR08-B48.5,689,0.06,2857.0,288.0,2.0,813.0,100.0
2025,KXHIGHNY-25APR08-B50.5,355,0.049999999999999996,1173.0,158.0,2.0,1261.0,100.0
2025,KXHIGHNY-25APR08-B52.5,211,0.08,270.0,93.0,2.0,1998.0,100.0
2025,KXHIGHNY-25APR08-T46,664,0.07000000000000006,21181.0,298.0,2.0,646.0,100.0
2025,KXHIGHNY-25APR08-T53,21,0.01,68.0,11.0,53.0,1998.0,100.0
2025,KXHIGHNY-25APR09-B47.5,866,0.07000000000000006,45616.0,227.0,2.0,611.0,100.0
2025,KXHIGHNY-25APR09-B49.5,878,0.07,24864.0,229.0,2.0,508.0,100.0
2025,KXHIGHNY-25APR09-B51.5,882,0.06,8298.0,263.0,2.0,668.0,100.0
2025,KXHIGHNY-25APR09-B53.5,297,0.039999999999999994,1616.0,141.0,3.0,814.0,100.0
2025,KXHIGHNY-25APR09-T47,388,0.05,10555.0,192.0,3.0,1026.0,100.0
2025,KXHIGHNY-25APR09-T54,272,0.02,1286.0,129.0,3.0,847.0,100.0
2025,KXHIGHNY-25APR10-B49.5,671,0.04999999999999999,50046.0,205.0,2.0,867.0,100.0
2025,KXHIGHNY-25APR10-B51.5,750,0.040000000000000036,16805.0,176.0,2.0,553.0,100.0
2025,KXHIGHNY-25APR10-B53.5,547,0.03999999999999998,5283.0,172.0,3.0,733.0,100.0
2025,KXHIGHNY-25APR10-B55.5,434,0.02,1962.0,155.0,3.0,904.0,100.0
2025,KXHIGHNY-25APR10-T49,393,0.039999999999999994,17150.0,168.0,3.0,496.0,100.0
2025,KXHIGHNY-25APR10-T56,274,0.03,83.0,51.0,3.0,1153.0,100.0
2025,KXHIGHNY-25APR11-B48.5,1073,0.03999999999999998,15467.0,284.0,2.0,856.0,100.0
2025,KXHIGHNY-25APR11-B50.5,817,0.03,5370.0,229.0,2.0,942.0,100.0
2025,KXHIGHNY-25APR11-B52.5,358,0.02,1338.0,146.0,2.0,1308.0,100.0
2025,KXHIGHNY-25APR11-B54.5,327,0.02,1023.0,169.0,2.0,1526.0,100.0
2025,KXHIGHNY-25APR11-T48,985,0.03999999999999998,15899.0,276.0,2.0,758.0,100.0
2025,KXHIGHNY-25APR11-T55,111,0.04,53.0,63.0,3.0,1437.0,100.0
2025,KXHIGHNY-25APR12-B41.5,1233,0.04999999999999999,23790.0,278.0,1.0,653.0,100.0
2025,KXHIGHNY-25APR12-B43.5,949,0.04,8949.0,314.0,2.0,679.0,100.0
2025,KXHIGHNY-25APR12-B45.5,453,0.03,2387.0,227.0,3.0,1063.0,100.0
2025,KXHIGHNY-25APR12-B47.5,387,0.02,307.0,102.0,3.0,1097.0,100.0
2025,KXHIGHNY-25APR12-T41,963,0.07,31272.0,264.0,2.0,654.0,100.0
2025,KXHIGHNY-25APR12-T48,246,0.02,229.0,88.0,3.0,990.0,100.0
2025,KXHIGHNY-25APR13-B53.5,656,0.020000000000000018,19550.0,194.0,1.5,778.0,100.0
2025,KXHIGHNY-25APR13-B55.5,522,0.02999999999999997,13551.0,153.0,3.0,809.0,100.0
2025,KXHIGHNY-25APR13-B57.5,711,0.030000000000000027,11493.0,288.0,2.0,445.0,100.0
2025,KXHIGHNY-25APR13-B59.5,695,0.04,4657.0,252.0,3.0,466.0,100.0
2025,KXHIGHNY-25APR13-T53,337,0.010000000000000009,8575.0,120.0,3.0,778.0,100.0
2025,KXHIGHNY-25APR13-T60,363,0.03,2887.0,150.0,3.0,627.0,100.0
2025,KXHIGHNY-25APR14-B61.5,581,0.04999999999999999,5942.0,239.0,2.0,497.0,100.0
2025,KXHIGHNY-25APR14-B63.5,687,0.040000000000000036,31521.0,194.0,2.0,512.0,100.0
2025,KXHIGHNY-25APR14-B65.5,775,0.04999999999999999,23375.0,232.0,2.0,422.0,100.0
2025,KXHIGHNY-25APR14-B67.5,690,0.03,17256.0,225.0,2.0,457.0,100.0
2025,KXHIGHNY-25APR14-T61,320,0.04,2526.0,115.0,3.0,1027.0,100.0
2025,KXHIGHNY-25APR14-T68,322,0.03,2568.0,106.0,3.0,823.0,100.0
2025,KXHIGHNY-25APR15-B62.5,410,0.03,1335.0,197.0,3.0,906.0,100.0
2025,KXHIGHNY-25APR15-B64.5,493,0.03,5755.0,169.0,2.0,843.0,100.0
2025,KXHIGHNY-25APR15-B66.5,644,0.02999999999999997,13751.0,161.0,2.0,530.0,100.0
2025,KXHIGHNY-25APR15-B68.5,737,0.03,18248.0,217.0,3.0,437.0,100.0
2025,KXHIGHNY-25APR15-T62,193,0.02,212.0,77.0,3.0,1217.0,100.0
2025,KXHIGHNY-25APR15-T69,596,0.039999999999999994,15622.0,186.0,2.0,560.0,100.0
2025,KXHIGHNY-25APR16-B49.5,676,0.044999999999999984,24758.0,207.0,2.0,690.0,100.0
2025,KXHIGHNY-25APR16-B51.5,824,0.050000000000000044,20286.0,171.0,2.0,683.0,100.0
2025,KXHIGHNY-25APR16-B53.5,731,0.030000000000000027,13107.0,183.0,2.0,925.0,100.0
2025,KXHIGHNY-25APR16-B55.5,384,0.02,893.0,147.0,2.0,1114.0,100.0
2025,KXHIGHNY-25APR16-T49,136,0.02,4238.0,83.0,5.0,1099.0,100.0
2025,KXHIGHNY-25APR16-T56,212,0.02,1034.0,87.0,5.0,987.0,100.0
2025,KXHIGHNY-25APR17-B60.5,641,0.02999999999999997,19311.0,201.0,2.0,458.0,100.0
2025,KXHIGHNY-25APR17-B62.5,789,0.030000000000000027,18314.0,187.0,1.0,456.0,100.0
2025,KXHIGHNY-25APR17-B64.5,708,0.020000000000000018,34576.0,225.0,2.0,457.0,100.0
2025,KXHIGHNY-25APR17-B66.5,479,0.02,7132.0,165.0,3.0,739.0,100.0
2025,KXHIGHNY-25APR17-T60,385,0.03,4816.0,158.0,3.0,881.0,100.0
2025,KXHIGHNY-25APR17-T67,255,0.01,2726.0,86.0,3.0,957.0,100.0
2025,KXHIGHNY-25APR18-B62.5,264,0.02,3952.0,131.0,3.0,958.0,100.0
2025,KXHIGHNY-25APR18-B64.5,392,0.030000000000000027,9635.0,157.0,2.0,699.0,100.0
2025,KXHIGHNY-25APR18-B66.5,585,0.030000000000000027,8314.0,171.0,3.0,578.0,100.0
2025,KXHIGHNY-25APR18-B68.5,728,0.03,13254.0,224.0,1.0,705.0,100.0
2025,KXHIGHNY-25APR18-T62,202,0.02,18.0,66.0,3.0,1218.0,100.0
2025,KXHIGHNY-25APR18-T69,591,0.03,10273.0,159.0,2.0,481.0,100.0
2025,KXHIGHNY-25APR19-B79.5,430,0.019999999999999997,3314.0,118.0,2.0,877.0,100.0
2025,KXHIGHNY-25APR19-B81.5,698,0.03,10830.0,170.0,2.0,493.0,100.0
2025,KXHIGHNY-25APR19-B83.5,740,0.02999999999999997,26149.0,136.0,2.0,704.0,100.0
2025,KXHIGHNY-25APR19-B85.5,724,0.02999999999999997,14311.0,123.0,3.0,597.0,100.0
2025,KXHIGHNY-25APR19-T79,149,0.03,2691.0,55.0,5.0,1102.0,100.0
2025,KXHIGHNY-25APR19-T86,470,0.03,12773.0,111.0,2.0,670.0,100.0
2025,KXHIGHNY-25APR20-B68.5,360,0.03999999999999998,24883.0,131.0,2.0,1008.0,100.0
2025,KXHIGHNY-25APR20-B70.5,417,0.040000000000000036,10528.0,104.0,2.0,1001.0,100.0
2025,KXHIGHNY-25APR20-B72.5,716,0.05000000000000002,40108.0,283.0,2.0,587.0,100.0
2025,KXHIGHNY-25APR20-B74.5,474,0.05000000000000002,6801.0,221.0,2.0,853.0,100.0
2025,KXHIGHNY-25APR20-T68,156,0.05,49737.0,112.0,5.0,596.0,100.0
2025,KXHIGHNY-25APR20-T75,87,0.05,483.0,76.0,5.0,1023.0,100.0
2025,KXHIGHNY-25APR21-B54.5,431,0.02999999999999997,3313.0,180.0,2.0,1228.0,100.0
2025,KXHIGHNY-25APR21-B56.5,750,0.03999999999999998,17795.0,222.0,2.0,626.0,100.0
2025,KXHIGHNY-25APR21-B58.5,757,0.03999999999999998,12034.0,291.0,2.0,722.0,100.0
2025,KXHIGHNY-25APR21-B60.5,667,0.030000000000000027,10955.0,201.0,2.0,722.0,100.0
2025,KXHIGHNY-25APR21-T54,153,0.04,829.0,97.0,2.0,1361.0,100.0
2025,KXHIGHNY-25APR21-T61,432,0.04,4412.0,156.0,3.0,1009.0,100.0
2025,KXHIGHNY-25APR22-B74.5,456,0.02,3814.0,168.0,2.5,980.0,100.0
2025,KXHIGHNY-25APR22-B76.5,586,0.035,10060.0,147.0,2.0,544.0,100.0
2025,KXHIGHNY-25APR22-B78.5,731,0.03999999999999998,13614.0,161.0,2.0,502.0,100.0
2025,KXHIGHNY-25APR22-B80.5,644,0.03999999999999998,32288.0,173.0,3.0,656.0,100.0
2025,KXHIGHNY-25APR22-T74,144,0.05,402.0,79.0,3.0,864.0,100.0
2025,KXHIGHNY-25APR22-T81,525,0.04000000000000001,25857.0,154.0,3.0,578.0,100.0
2025,KXHIGHNY-25APR23-B70.5,273,0.03,3205.0,137.0,3.0,1099.0,100.0
2025,KXHIGHNY-25APR23-B72.5,592,0.020000000000000004,14603.0,167.0,2.0,787.0,100.0
2025,KXHIGHNY-25APR23-B74.5,697,0.030000000000000027,12384.0,152.0,2.0,787.0,100.0
2025,KXHIGHNY-25APR23-B76.5,677,0.02999999999999997,9529.0,160.0,2.0,1005.0,100.0
2025,KXHIGHNY-25APR23-T70,124,0.03,47.0,36.0,17.0,1535.0,100.0
2025,KXHIGHNY-25APR23-T77,649,0.020000000000000018,12995.0,145.0,2.0,725.0,100.0
2025,KXHIGHNY-25APR24-B68.5,378,0.03,2173.0,155.0,2.0,1314.0,100.0
2025,KXHIGHNY-25APR24-B70.5,440,0.03,2543.0,146.0,2.0,1271.0,100.0
2025,KXHIGHNY-25APR24-B72.5,580,0.03,11872.0,178.0,2.0,753.0,100.0
2025,KXHIGHNY-25APR24-B74.5,668,0.020000000000000018,9986.0,178.0,2.0,448.0,100.0
2025,KXHIGHNY-25APR24-T68,163,0.019999999999999997,859.0,56.0,8.0,1086.0,100.0
2025,KXHIGHNY-25APR24-T75,663,0.020000000000000018,26280.0,150.0,3.0,424.0,100.0
2025,KXHIGHNY-25APR25-B73.5,590,0.020000000000000004,11442.0,156.0,2.0,736.0,100.0
2025,KXHIGHNY-25APR25-B75.5,738,0.02999999999999997,72909.0,185.0,2.0,755.0,100.0
2025,KXHIGHNY-25APR25-B77.5,676,0.020000000000000018,14642.0,181.0,2.0,664.0,100.0
2025,KXHIGHNY-25APR25-B79.5,727,0.01999999999999999,12776.0,200.0,2.0,543.0,100.0
2025,KXHIGHNY-25APR25-T73,155,0.03,6407.0,102.0,5.0,992.0,100.0
2025,KXHIGHNY-25APR25-T80,661,0.01999999999999999,4545.0,154.0,2.0,944.0,100.0
2025,KXHIGHNY-25APR26-B69.5,619,0.04000000000000001,17984.0,237.0,2.0,239.0,100.0
2025,KXHIGHNY-25APR26-B71.5,839,0.06,29278.0,271.0,2.0,299.0,100.0
2025,KXHIGHNY-25APR26-B73.5,883,0.06,18696.0,251.0,2.0,327.0,100.0
2025,KXHIGHNY-25APR26-B75.5,711,0.05,7052.0,278.0,3.0,229.0,100.0
2025,KXHIGHNY-25APR26-T69,315,0.05,2152.0,172.0,3.0,518.0,100.0
2025,KXHIGHNY-25APR26-T76,358,0.04,1594.0,146.0,3.0,264.0,100.0
2025,KXHIGHNY-25APR27-B56.5,523,0.02,9561.0,200.0,3.0,239.0,100.0
2025,KXHIGHNY-25APR27-B58.5,985,0.04999999999999993,16538.0,187.0,2.0,239.0,100.0
2025,KXHIGHNY-25APR27-B60.5,969,0.04000000000000002,18246.0,149.0,1.0,251.0,100.0
2025,KXHIGHNY-25APR27-B62.5,893,0.03,4285.0,182.0,2.0,239.0,100.0
2025,KXHIGHNY-25APR27-T56,374,0.01,23.0,151.0,2.0,362.0,100.0
2025,KXHIGHNY-25APR27-T63,692,0.030000000000000006,1560.0,222.0,2.0,239.0,100.0
2025,KXHIGHNY-25APR28-B72.5,1154,0.020000000000000004,8686.0,180.0,1.0,239.0,100.0
2025,KXHIGHNY-25APR28-B74.5,1424,0.03,31207.0,77.0,1.0,229.0,100.0
2025,KXHIGHNY-25APR28-B76.5,1391,0.030000000000000027,10848.0,125.0,1.0,229.0,100.0
2025,KXHIGHNY-25APR28-B78.5,1226,0.04000000000000001,18436.0,144.0,2.0,229.0,100.0
2025,KXHIGHNY-25APR28-T72,641,0.019999999999999997,522.0,230.0,2.0,229.0,100.0
2025,KXHIGHNY-25APR28-T79,1320,0.04,3783.0,42.0,2.0,239.0,100.0
2025,KXHIGHNY-25APR29-B78.5,1286,0.03999999999999998,23616.0,131.0,1.0,239.0,100.0
2025,KXHIGHNY-25APR29-B80.5,1299,0.02999999999999997,12128.0,104.0,1.0,229.0,100.0
2025,KXHIGHNY-25APR29-B82.5,1255,0.04000000000000001,13166.0,108.0,1.0,239.0,100.0
2025,KXHIGHNY-25APR29-B84.5,1182,0.04000000000000001,420.0,90.0,2.0,229.0,100.0
2025,KXHIGHNY-25APR29-T78,798,0.019999999999999997,39684.0,191.0,2.0,239.0,100.0
2025,KXHIGHNY-25APR29-T85,812,0.03,905.0,134.0,2.0,239.0,100.0
2025,KXHIGHNY-25APR30-B73.5,1427,0.04999999999999999,17691.0,121.0,1.0,239.0,100.0
2025,KXHIGHNY-25APR30-B75.5,1402,0.04000000000000001,13887.0,134.0,1.0,229.0,100.0
2025,KXHIGHNY-25APR30-B77.5,1130,0.03,1036.0,196.0,2.0,229.0,100.0
2025,KXHIGHNY-25APR30-B79.5,985,0.04,462.0,197.0,2.0,229.0,100.0
2025,KXHIGHNY-25APR30-T73,1339,0.030000000000000027,14107.0,93.0,1.0,229.0,100.0
2025,KXHIGHNY-25APR30-T80,910,0.01,117.0,134.0,2.0,229.0,100.0
2025,KXHIGHNY-25AUG01-B69.5,721,0.020000000000000004,19384.0,201.0,3.0,289.0,100.0
2025,KXHIGHNY-25AUG01-B71.5,998,0.04999999999999993,47807.0,211.0,3.0,243.0,100.0
2025,KXHIGHNY-25AUG01-B73.5,1458,0.039999999999999925,37353.0,311.0,1.0,183.0,100.0
2025,KXHIGHNY-25AUG01-B75.5,1238,0.040000000000000036,25902.0,314.0,1.0,155.0,100.0
2025,KXHIGHNY-25AUG01-T69,640,0.010000000000000002,5944.0,200.0,3.0,289.0,100.0
2025,KXHIGHNY-25AUG01-T76,1042,0.03,8950.0,242.0,2.0,243.0,100.0
2025,KXHIGHNY-25AUG02-B77.5,877,0.030000000000000027,7689.0,257.0,2.0,229.0,100.0
2025,KXHIGHNY-25AUG02-B79.5,1268,0.030000000000000027,27210.0,345.0,1.0,229.0,100.0
2025,KXHIGHNY-25AUG02-B81.5,1015,0.03999999999999998,13684.0,242.0,1.0,189.0,100.0
2025,KXHIGHNY-25AUG02-B83.5,796,0.03,11095.0,267.0,2.0,189.0,100.0
2025,KXHIGHNY-25AUG02-T77,593,0.01,534.0,262.0,2.0,229.0,100.0
2025,KXHIGHNY-25AUG02-T84,637,0.019999999999999997,1933.0,229.0,2.0,229.0,100.0
2025,KXHIGHNY-25AUG03-B82.5,1278,0.03999999999999998,47404.0,290.0,1.0,289.0,100.0
2025,KXHIGHNY-25AUG03-B84.5,1303,0.030000000000000027,18487.0,296.0,1.0,289.0,100.0
2025,KXHIGHNY-25AUG03-B86.5,928,0.04,4860.0,214.0,2.0,229.0,100.0
2025,KXHIGHNY-25AUG03-B88.5,636,0.04,141.0,211.0,3.0,229.0,100.0
2025,KXHIGHNY-25AUG03-T82,819,0.03,9598.0,220.0,2.0,283.0,100.0
2025,KXHIGHNY-25AUG03-T89,551,0.01,548.0,209.0,3.0,289.0,100.0
2025,KXHIGHNY-25AUG04-B86.5,820,0.03,14727.0,209.0,3.0,243.0,100.0
2025,KXHIGHNY-25AUG04-B88.5,1262,0.03999999999999998,17988.0,375.0,1.0,229.0,100.0
2025,KXHIGHNY-25AUG04-B90.5,922,0.030000000000000027,16386.0,252.0,1.5,229.0,100.0
2025,KXHIGHNY-25AUG04-B92.5,609,0.02,2723.0,220.0,3.0,229.0,100.0
2025,KXHIGHNY-25AUG04-T86,561,0.03,2185.0,237.0,3.0,289.0,100.0
2025,KXHIGHNY-25AUG04-T93,517,0.02,427.0,204.0,3.0,289.0,100.0
2025,KXHIGHNY-25AUG05-B85.5,1179,0.04999999999999999,17718.0,331.0,1.0,289.0,100.0
2025,KXHIGHNY-25AUG05-B87.5,1169,0.04000000000000001,11023.0,310.0,1.0,191.0,100.0
2025,KXHIGHNY-25AUG05-B89.5,752,0.02,2577.0,237.0,2.0,289.0,100.0
2025,KXHIGHNY-25AUG05-B91.5,690,0.03,0.0,169.0,3.0,289.0,100.0
2025,KXHIGHNY-25AUG05-T85,885,0.039999999999999994,79438.0,223.0,2.0,289.0,100.0
2025,KXHIGHNY-25AUG05-T92,635,0.03,0.0,170.0,3.0,289.0,100.0
2025,KXHIGHNY-25AUG06-B79.5,1339,0.03999999999999998,26375.0,164.0,1.0,229.0,100.0
2025,KXHIGHNY-25AUG06-B81.5,1403,0.03999999999999998,22854.0,103.0,1.0,238.0,100.0
2025,KXHIGHNY-25AUG06-B83.5,1300,0.039999999999999994,10342.0,133.0,1.0,223.0,100.0
2025,KXHIGHNY-25AUG06-B85.5,867,0.03,969.0,266.0,2.0,238.0,100.0
2025,KXHIGHNY-25AUG06-T79,1091,0.03,21181.0,153.0,2.0,229.0,100.0
2025,KXHIGHNY-25AUG06-T86,920,0.04,34.0,193.0,2.0,229.0,100.0
2025,KXHIGHNY-25AUG07-B78.5,1149,0.039999999999999994,45823.0,250.0,1.0,118.0,100.0
2025,KXHIGHNY-25AUG07-B80.5,1416,0.040000000000000036,27591.0,283.0,1.0,126.0,100.0
2025,KXHIGHNY-25AUG07-B82.5,1178,0.030000000000000027,13293.0,236.0,1.0,124.0,100.0
2025,KXHIGHNY-25AUG07-B84.5,962,0.03,1671.0,314.0,2.0,118.0,100.0
2025,KXHIGHNY-25AUG07-T78,860,0.02,3689.0,266.0,2.0,118.0,100.0
2025,KXHIGHNY-25AUG07-T85,798,0.019999999999999997,1144.0,278.0,2.0,118.0,100.0
2025,KXHIGHNY-25AUG08-B79.5,1644,0.03999999999999998,14458.0,94.0,1.0,88.0,100.0
2025,KXHIGHNY-25AUG08-B81.5,1720,0.03999999999999998,19859.0,114.0,1.0,40.0,100.0
2025,KXHIGHNY-25AUG08-B83.5,1671,0.039999999999999994,12278.0,113.0,1.0,140.0,100.0
2025,KXHIGHNY-25AUG08-B85.5,1169,0.03,482.0,219.0,1.0,159.0,100.0
2025,KXHIGHNY-25AUG08-T79,1329,0.02,6132.0,196.0,1.0,151.0,100.0
2025,KXHIGHNY-25AUG08-T86,886,0.02,3476.0,189.0,2.0,164.0,100.0
2025,KXHIGHNY-25AUG09-B81.5,1602,0.03999999999999998,11947.0,122.0,1.0,128.0,100.0
2025,KXHIGHNY-25AUG09-B83.5,1680,0.040000000000000036,33558.0,97.0,1.0,110.0,100.0
2025,KXHIGHNY-25AUG09-B85.5,1656,0.04999999999999999,16296.0,130.0,1.0,63.0,100.0
2025,KXHIGHNY-25AUG09-B87.5,1208,0.019999999999999997,2112.0,202.0,2.0,35.0,100.0
2025,KXHIGHNY-25AUG09-T81,968,0.019999999999999997,947.0,249.0,2.0,128.0,100.0
2025,KXHIGHNY-25AUG09-T88,1281,0.01,567.0,202.0,1.0,59.0,100.0
2025,KXHIGHNY-25AUG10-B85.5,1602,0.02,5043.0,149.0,1.0,97.0,100.0
2025,KXHIGHNY-25AUG10-B87.5,1660,0.03999999999999998,23788.0,131.0,1.0,36.0,100.0
2025,KXHIGHNY-25AUG10-B89.5,1651,0.03999999999999998,13698.0,134.0,1.0,161.0,100.0
2025,KXHIGHNY-25AUG10-B91.5,1245,0.020000000000000004,4691.0,222.0,1.0,97.0,100.0
2025,KXHIGHNY-25AUG10-T85,1058,0.01,643.0,270.0,2.0,39.0,100.0
2025,KXHIGHNY-25AUG10-T92,969,0.03,66.0,218.0,2.0,98.0,100.0
2025,KXHIGHNY-25AUG11-B86.5,1566,0.039999999999999994,17872.0,151.0,1.0,173.0,100.0
2025,KXHIGHNY-25AUG11-B88.5,1735,0.04999999999999993,16065.0,108.0,1.0,94.0,100.0
2025,KXHIGHNY-25AUG11-B90.5,1618,0.03999999999999998,18007.0,184.0,1.0,111.0,100.0
2025,KXHIGHNY-25AUG11-B92.5,909,0.03,2621.0,206.0,3.0,89.0,100.0
2025,KXHIGHNY-25AUG11-T86,859,0.02,373.0,269.0,2.0,157.0,100.0
2025,KXHIGHNY-25AUG11-T93,396,0.02,338.0,186.0,5.0,172.0,100.0
2025,KXHIGHNY-25AUG12-B86.5,1270,0.020000000000000018,5081.0,157.0,2.0,39.0,100.0
2025,KXHIGHNY-25AUG12-B88.5,1625,0.03999999999999998,37587.0,110.0,1.0,80.0,100.0
2025,KXHIGHNY-25AUG12-B90.5,1656,0.040000000000000036,14666.0,109.0,1.0,72.0,100.0
2025,KXHIGHNY-25AUG12-B92.5,1405,0.03,17048.0,210.0,1.0,132.0,100.0
2025,KXHIGHNY-25AUG12-T86,893,0.03,154.0,256.0,2.0,35.0,100.0
2025,KXHIGHNY-25AUG12-T93,952,0.03,104.0,193.0,2.0,39.0,100.0
2025,KXHIGHNY-25AUG13-B84.5,1006,0.02,471.0,255.0,2.0,201.0,100.0
2025,KXHIGHNY-25AUG13-B86.5,1604,0.020000000000000004,13560.0,79.0,2.0,166.0,100.0
2025,KXHIGHNY-25AUG13-B88.5,1775,0.040000000000000036,23333.0,78.0,1.0,102.0,100.0
2025,KXHIGHNY-25AUG13-B90.5,1704,0.03999999999999998,24131.0,95.0,1.0,39.0,100.0
2025,KXHIGHNY-25AUG13-T84,698,0.04,106.0,297.0,2.0,185.0,100.0
2025,KXHIGHNY-25AUG13-T91,1107,0.03,16267.0,301.0,1.0,166.0,100.0
2025,KXHIGHNY-25AUG14-B84.5,1429,0.03999999999999998,17440.0,135.0,1.0,163.0,100.0
2025,KXHIGHNY-25AUG14-B86.5,1680,0.03999999999999998,39907.0,121.0,1.0,199.0,100.0
2025,KXHIGHNY-25AUG14-B88.5,1794,0.040000000000000036,33270.0,89.0,1.0,119.0,100.0
2025,KXHIGHNY-25AUG14-B90.5,1446,0.03,15946.0,198.0,2.0,119.0,100.0
2025,KXHIGHNY-25AUG14-T84,930,0.04,3556.0,254.0,2.0,215.0,100.0
2025,KXHIGHNY-25AUG14-T91,907,0.03,2095.0,184.0,3.0,109.0,100.0
2025,KXHIGHNY-25AUG15-B83.5,1335,0.019999999999999997,1349.0,247.0,1.0,39.0,100.0
2025,KXHIGHNY-25AUG15-B85.5,1734,0.030000000000000027,11372.0,80.0,2.0,73.0,100.0
2025,KXHIGHNY-25AUG15-B87.5,1792,0.039999999999999925,18349.0,66.0,1.0,99.0,100.0
2025,KXHIGHNY-25AUG15-B89.5,1734,0.039999999999999994,16006.0,94.0,1.0,94.0,100.0
2025,KXHIGHNY-25AUG15-T83,1258,0.03,175.0,254.0,1.0,39.0,100.0
2025,KXHIGHNY-25AUG15-T90,1167,0.03,3304.0,303.0,1.0,39.0,100.0
2025,KXHIGHNY-25AUG16-B83.5,1768,0.03999999999999998,12580.0,95.0,1.0,100.0,100.0
2025,KXHIGHNY-25AUG16-B85.5,1754,0.03999999999999998,11520.0,81.0,1.0,107.0,100.0
2025,KXHIGHNY-25AUG16-B87.5,1646,0.03,4720.0,102.0,1.0,96.0,100.0
2025,KXHIGHNY-25AUG16-B89.5,1276,0.020000000000000004,2752.0,168.0,2.0,36.0,100.0
2025,KXHIGHNY-25AUG16-T83,1424,0.030000000000000027,11166.0,184.0,1.0,110.0,100.0
2025,KXHIGHNY-25AUG16-T90,829,0.04,182.0,198.0,2.0,51.0,100.0
2025,KXHIGHNY-25AUG17-B86.5,1274,0.03,8537.0,259.0,1.0,144.0,100.0
2025,KXHIGHNY-25AUG17-B88.5,1776,0.04000000000000001,27781.0,95.0,1.0,64.0,100.0
2025,KXHIGHNY-25AUG17-B90.5,1807,0.040000000000000036,16861.0,73.0,1.0,111.0,100.0
2025,KXHIGHNY-25AUG17-B92.5,1794,0.04000000000000001,15910.0,75.0,2.0,128.0,100.0
2025,KXHIGHNY-25AUG17-T86,1154,0.03,5427.0,229.0,2.0,39.0,100.0
2025,KXHIGHNY-25AUG17-T93,1375,0.039999999999999994,2478.0,205.0,1.0,39.0,100.0
2025,KXHIGHNY-25AUG18-B75.5,1714,0.07,29787.0,172.0,2.0,55.0,100.0
2025,KXHIGHNY-25AUG18-B77.5,1786,0.04999999999999999,28766.0,164.0,1.0,77.0,100.0
2025,KXHIGHNY-25AUG18-B79.5,1586,0.04000000000000001,10838.0,200.0,1.0,115.0,100.0
2025,KXHIGHNY-25AUG18-B81.5,1436,0.030000000000000002,1619.0,268.0,1.0,137.0,100.0
2025,KXHIGHNY-25AUG18-T75,1125,0.04000000000000001,68542.0,257.0,2.0,115.0,100.0
2025,KXHIGHNY-25AUG18-T82,1123,0.05,1975.0,293.0,2.0,136.0,100.0
2025,KXHIGHNY-25AUG19-B75.5,1691,0.030000000000000027,16166.0,69.0,1.0,104.0,100.0
2025,KXHIGHNY-25AUG19-B77.5,1675,0.02999999999999997,22085.0,113.0,1.0,64.0,100.0
2025,KXHIGHNY-25AUG19-B79.5,1328,0.03,8665.0,211.0,1.0,55.0,100.0
2025,KXHIGHNY-25AUG19-B81.5,1017,0.04,152.0,243.0,1.0,54.0,100.0
2025,KXHIGHNY-25AUG19-T75,1470,0.020000000000000004,5102.0,179.0,1.0,104.0,100.0
2025,KXHIGHNY-25AUG19-T82,905,0.04,102.0,212.0,1.0,54.0,100.0
2025,KXHIGHNY-25AUG20-B70.5,1618,0.04000000000000001,17039.0,102.0,1.0,107.0,100.0
2025,KXHIGHNY-25AUG20-B72.5,1617,0.030000000000000027,13352.0,102.0,1.0,41.0,100.0
2025,KXHIGHNY-25AUG20-B74.5,1516,0.020000000000000018,7893.0,127.0,1.0,135.0,100.0
2025,KXHIGHNY-25AUG20-B76.5,1177,0.03,4552.0,220.0,2.0,156.0,100.0
2025,KXHIGHNY-25AUG20-T70,1215,0.039999999999999994,25767.0,262.0,2.0,117.0,100.0
2025,KXHIGHNY-25AUG20-T77,1044,0.04,3559.0,229.0,2.0,156.0,100.0
2025,KXHIGHNY-25AUG21-B69.5,1507,0.04000000000000001,14629.0,197.0,1.0,112.0,100.0
2025,KXHIGHNY-25AUG21-B71.5,1625,0.03999999999999998,15525.0,127.0,1.0,112.0,100.0
2025,KXHIGHNY-25AUG21-B73.5,1657,0.03999999999999998,17443.0,104.0,1.0,109.0,100.0
2025,KXHIGHNY-25AUG21-B75.5,1299,0.039999999999999994,5958.0,190.0,2.0,121.0,100.0
2025,KXHIGHNY-25AUG21-T69,981,0.05,11383.0,228.0,2.0,112.0,100.0
2025,KXHIGHNY-25AUG21-T76,776,0.04,0.0,136.0,5.0,112.0,100.0
2025,KXHIGHNY-25AUG22-B81.5,1697,0.09000000000000002,22526.0,135.0,1.0,74.0,100.0
2025,KXHIGHNY-25AUG22-B83.5,1755,0.06,24428.0,99.0,1.0,145.0,100.0
2025,KXHIGHNY-25AUG22-B85.5,1468,0.03,7842.0,191.0,1.0,41.0,100.0
2025,KXHIGHNY-25AUG22-B87.5,1016,0.02,1080.0,248.0,2.0,46.0,100.0
2025,KXHIGHNY-25AUG22-T81,1413,0.05,7485.0,179.0,1.0,43.0,100.0
2025,KXHIGHNY-25AUG22-T88,842,0.06,684.0,192.0,2.0,47.0,100.0
2025,KXHIGHNY-25AUG23-B82.5,1710,0.04999999999999999,19086.0,85.0,1.0,70.0,100.0
2025,KXHIGHNY-25AUG23-B84.5,1705,0.02999999999999997,7514.0,76.0,1.0,128.0,100.0
2025,KXHIGHNY-25AUG23-B86.5,1332,0.030000000000000002,832.0,168.0,1.0,49.0,100.0
2025,KXHIGHNY-25AUG23-B88.5,917,0.05,0.0,244.0,1.0,49.0,100.0
2025,KXHIGHNY-25AUG23-T82,1506,0.020000000000000004,42494.0,127.0,1.0,99.0,100.0
2025,KXHIGHNY-25AUG23-T89,759,0.02,0.0,111.0,5.0,215.0,100.0
2025,KXHIGHNY-25AUG24-B79.5,1733,0.040000000000000036,13621.0,81.0,1.0,209.0,100.0
2025,KXHIGHNY-25AUG24-B81.5,1732,0.020000000000000018,10646.0,71.0,1.0,139.0,100.0
2025,KXHIGHNY-25AUG24-B83.5,1638,0.03,2339.0,121.0,1.0,37.0,100.0
2025,KXHIGHNY-25AUG24-B85.5,1190,0.03,94.0,251.0,1.0,39.0,100.0
2025,KXHIGHNY-25AUG24-T79,1471,0.019999999999999997,4398.0,185.0,1.0,41.0,100.0
2025,KXHIGHNY-25AUG24-T86,909,0.04,100.0,312.0,2.0,40.0,100.0
2025,KXHIGHNY-25AUG25-B82.5,1582,0.039999999999999994,9853.0,126.0,1.0,76.0,100.0
2025,KXHIGHNY-25AUG25-B84.5,1799,0.03999999999999998,60788.0,76.0,1.0,78.0,100.0
2025,KXHIGHNY-25AUG25-B86.5,1618,0.03999999999999998,20593.0,138.0,1.0,69.0,100.0
2025,KXHIGHNY-25AUG25-B88.5,1155,0.019999999999999997,4407.0,150.0,3.0,65.0,100.0
2025,KXHIGHNY-25AUG25-T82,1237,0.02,4403.0,194.0,2.0,57.0,100.0
2025,KXHIGHNY-25AUG25-T89,593,0.01,136.0,203.0,4.0,78.0,100.0
2025,KXHIGHNY-25AUG26-B77.5,1787,0.04000000000000001,17081.0,77.0,1.0,71.0,100.0
2025,KXHIGHNY-25AUG26-B79.5,1778,0.02999999999999997,21790.0,85.0,1.0,75.0,100.0
2025,KXHIGHNY-25AUG26-B81.5,1649,0.03999999999999998,8884.0,136.0,1.0,62.0,100.0
2025,KXHIGHNY-25AUG26-B83.5,1130,0.03,284.0,326.0,1.0,71.0,100.0
2025,KXHIGHNY-25AUG26-T77,1406,0.02,3872.0,193.0,2.0,71.0,100.0
2025,KXHIGHNY-25AUG26-T84,990,0.04,310.0,288.0,2.0,71.0,100.0
2025,KXHIGHNY-25AUG27-B75.5,1830,0.04999999999999999,21223.0,147.0,1.0,65.0,100.0
2025,KXHIGHNY-25AUG27-B77.5,1916,0.030000000000000027,9407.0,69.0,1.0,188.0,100.0
2025,KXHIGHNY-25AUG27-B79.5,1464,0.030000000000000006,2514.0,195.0,1.0,188.0,100.0
2025,KXHIGHNY-25AUG27-B81.5,951,0.03,570.0,254.0,2.0,188.0,100.0
2025,KXHIGHNY-25AUG27-T75,1651,0.030000000000000006,17189.0,128.0,2.0,65.0,100.0
2025,KXHIGHNY-25AUG27-T82,630,0.03,8.0,238.0,2.0,188.0,100.0
2025,KXHIGHNY-25AUG28-B76.5,1565,0.02999999999999997,14254.0,72.0,1.0,109.0,100.0
2025,KXHIGHNY-25AUG28-B78.5,1589,0.02999999999999997,14719.0,80.0,1.0,224.0,100.0
2025,KXHIGHNY-25AUG28-B80.5,1553,0.04000000000000001,7854.0,81.0,1.0,109.0,100.0
2025,KXHIGHNY-25AUG28-B82.5,1154,0.030000000000000002,1465.0,212.0,2.0,118.0,100.0
2025,KXHIGHNY-25AUG28-T76,1399,0.019999999999999997,3362.0,147.0,2.0,109.0,100.0
2025,KXHIGHNY-25AUG28-T83,960,0.01,1130.0,217.0,1.0,118.0,100.0
2025,KXHIGHNY-25AUG29-B77.5,1754,0.040000000000000036,22489.0,110.0,1.0,43.0,100.0
2025,KXHIGHNY-25AUG29-B79.5,1759,0.030000000000000027,8746.0,93.0,1.0,125.0,100.0
2025,KXHIGHNY-25AUG29-B81.5,1689,0.019999999999999997,3688.0,115.0,1.0,48.0,100.0
2025,KXHIGHNY-25AUG29-B83.5,992,0.03,88.0,285.0,2.0,48.0,100.0
2025,KXHIGHNY-25AUG29-T77,1572,0.030000000000000006,51038.0,159.0,1.0,166.0,100.0
2025,KXHIGHNY-25AUG29-T84,895,0.01,0.0,201.0,2.0,118.0,100.0
2025,KXHIGHNY-25AUG30-B73.5,1680,0.03,15850.0,108.0,1.0,86.0,100.0
2025,KXHIGHNY-25AUG30-B75.5,1860,0.039999999999999925,15981.0,89.0,1.0,83.0,100.0
2025,KXHIGHNY-25AUG30-B77.5,1805,0.02999999999999997,11547.0,110.0,1.0,50.0,100.0
2025,KXHIGHNY-25AUG30-B79.5,1534,0.03,476.0,147.0,3.0,49.0,100.0
2025,KXHIGHNY-25AUG30-T73,1746,0.03,2142.0,108.0,2.0,64.0,100.0
2025,KXHIGHNY-25AUG30-T80,1584,0.02,599.0,143.0,1.0,49.0,100.0
2025,KXHIGHNY-25AUG31-B76.5,1676,0.020000000000000018,10855.0,113.0,1.0,102.0,100.0
2025,KXHIGHNY-25AUG31-B78.5,1780,0.040000000000000036,21159.0,114.0,1.0,83.0,100.0
2025,KXHIGHNY-25AUG31-B80.5,1814,0.04000000000000001,7484.0,62.0,1.0,49.0,100.0
2025,KXHIGHNY-25AUG31-B82.5,1234,0.03,150.0,222.0,2.0,204.0,100.0
2025,KXHIGHNY-25AUG31-T76,2073,0.019999999999999997,2501.0,138.0,1.0,10.0,100.0
2025,KXHIGHNY-25AUG31-T83,1056,0.03,33.0,164.0,2.5,204.0,100.0
2025,KXHIGHNY-25DEC01-B40.5,1906,0.020000000000000018,34949.0,198.0,1.0,11.0,100.0
2025,KXHIGHNY-25DEC01-B42.5,2181,0.030000000000000027,17094.0,65.0,1.0,11.0,100.0
2025,KXHIGHNY-25DEC01-B44.5,1886,0.04000000000000001,12077.0,180.0,1.0,23.0,100.0
2025,KXHIGHNY-25DEC01-B46.5,1302,0.02,2808.0,292.0,1.0,96.0,100.0
2025,KXHIGHNY-25DEC01-T40,1873,0.01,20876.0,208.0,1.0,17.0,100.0
2025,KXHIGHNY-25DEC01-T47,1020,0.03,223.0,286.0,1.0,89.0,100.0
2025,KXHIGHNY-25DEC02-B39.5,2065,0.020000000000000018,45216.0,71.0,1.0,22.0,100.0
2025,KXHIGHNY-25DEC02-B41.5,2144,0.030000000000000002,27754.0,29.0,2.0,28.0,100.0
2025,KXHIGHNY-25DEC02-B43.5,2093,0.01999999999999999,13918.0,46.0,1.0,29.0,100.0
2025,KXHIGHNY-25DEC02-B45.5,1878,0.01,4327.0,96.0,3.0,32.0,100.0
2025,KXHIGHNY-25DEC02-T39,2124,0.01,6559.0,48.0,1.0,25.0,100.0
2025,KXHIGHNY-25DEC02-T46,1676,0.01,4037.0,124.0,3.0,28.0,100.0
2025,KXHIGHNY-25DEC03-B37.5,1935,0.01999999999999999,23510.0,65.0,2.0,52.0,100.0
2025,KXHIGHNY-25DEC03-B39.5,1971,0.010000000000000009,53586.0,55.0,3.0,52.0,100.0
2025,KXHIGHNY-25DEC03-B41.5,1945,0.010000000000000009,46689.0,59.0,2.0,47.0,100.0
2025,KXHIGHNY-25DEC03-B43.5,1907,0.010000000000000002,14126.0,62.0,2.0,52.0,100.0
2025,KXHIGHNY-25DEC03-T37,1795,0.010000000000000002,15918.0,120.0,2.0,38.0,100.0
2025,KXHIGHNY-25DEC03-T44,1897,0.01,735.0,59.0,3.0,36.0,100.0
2025,KXHIGHNY-25DEC04-B37.5,2095,0.010000000000000002,25885.0,44.0,1.0,126.0,100.0
2025,KXHIGHNY-25DEC04-B39.5,2079,0.010000000000000009,30311.0,35.0,1.0,130.0,100.0
2025,KXHIGHNY-25DEC04-B41.5,1924,0.020000000000000018,32355.0,62.0,1.0,128.0,100.0
2025,KXHIGHNY-25DEC04-B43.5,2029,0.02,30806.0,69.0,1.0,126.0,100.0
2025,KXHIGHNY-25DEC04-T37,1749,0.01,18602.0,149.0,1.0,136.0,100.0
2025,KXHIGHNY-25DEC04-T44,1921,0.01,10814.0,105.0,1.0,136.0,100.0
2025,KXHIGHNY-25DEC05-B30.5,2259,0.010000000000000009,67254.0,15.0,1.0,3.0,100.0
2025,KXHIGHNY-25DEC05-B32.5,2249,0.010000000000000009,54959.0,20.0,1.0,6.0,100.0
2025,KXHIGHNY-25DEC05-B34.5,2240,0.010000000000000009,33608.0,19.0,1.0,5.0,100.0
2025,KXHIGHNY-25DEC05-B36.5,2236,0.01,3740.0,22.0,1.0,5.0,100.0
2025,KXHIGHNY-25DEC05-T30,2012,0.01,34926.0,132.0,1.0,15.0,100.0
2025,KXHIGHNY-25DEC05-T37,2243,0.01,4722.0,21.0,1.0,3.0,100.0
2025,KXHIGHNY-25DEC06-B39.5,2036,0.010000000000000009,28155.0,92.0,2.0,23.0,100.0
2025,KXHIGHNY-25DEC06-B41.5,2030,0.010000000000000009,27477.0,92.0,1.5,22.0,100.0
2025,KXHIGHNY-25DEC06-B43.5,1944,0.01999999999999999,22225.0,105.0,1.0,40.0,100.0
2025,KXHIGHNY-25DEC06-B45.5,2028,0.01,2696.0,96.0,2.0,22.0,100.0
2025,KXHIGHNY-25DEC06-T39,2048,0.010000000000000009,23037.0,96.0,2.0,11.0,100.0
2025,KXHIGHNY-25DEC06-T46,2038,0.01,1152.0,94.0,1.0,23.0,100.0
2025,KXHIGHNY-25DEC07-B37.5,1834,0.010000000000000002,4150.0,130.0,2.0,14.0,100.0
2025,KXHIGHNY-25DEC07-B39.5,1843,0.010000000000000009,22634.0,150.0,2.0,14.0,100.0
2025,KXHIGHNY-25DEC07-B41.5,1906,0.020000000000000018,80510.0,142.0,2.0,13.0,100.0
2025,KXHIGHNY-25DEC07-B43.5,1838,0.020000000000000004,41463.0,134.0,2.0,13.0,100.0
2025,KXHIGHNY-25DEC07-T37,1840,0.01,14022.0,142.0,2.0,14.0,100.0
2025,KXHIGHNY-25DEC07-T44,1735,0.019999999999999997,14372.0,134.0,3.0,26.0,100.0
2025,KXHIGHNY-25DEC08-B33.5,1983,0.01,71788.0,182.0,1.0,9.0,100.0
2025,KXHIGHNY-25DEC08-B35.5,1749,0.01,75581.0,264.0,1.0,12.0,100.0
2025,KXHIGHNY-25DEC08-B37.5,2047,0.010000000000000009,170695.0,120.0,1.0,8.0,100.0
2025,KXHIGHNY-25DEC08-B39.5,2144,0.010000000000000009,152343.0,73.0,1.0,9.0,100.0
2025,KXHIGHNY-25DEC08-T33,2044,0.01,264441.0,152.0,1.0,9.0,100.0
2025,KXHIGHNY-25DEC08-T40,2001,0.01,31422.0,163.0,1.0,9.0,100.0
2025,KXHIGHNY-25DEC09-B32.5,2143,0.020000000000000018,98055.0,67.0,1.0,11.0,100.0
2025,KXHIGHNY-25DEC09-B34.5,2202,0.020000000000000018,49242.0,50.0,1.0,4.0,100.0
2025,KXHIGHNY-25DEC09-B36.5,2221,0.01999999999999999,48933.0,43.0,1.0,4.0,100.0
2025,KXHIGHNY-25DEC09-B38.5,2098,0.010000000000000002,23051.0,86.0,2.0,7.0,100.0
2025,KXHIGHNY-25DEC09-T32,2112,0.01999999999999999,56510.0,63.0,2.0,28.0,100.0
2025,KXHIGHNY-25DEC09-T39,2113,0.01,22610.0,78.0,1.0,8.0,100.0
2025,KXHIGHNY-25DEC10-B40.5,2048,0.010000000000000002,13228.0,85.0,1.0,9.0,100.0
2025,KXHIGHNY-25DEC10-B42.5,1968,0.019999999999999962,56312.0,128.0,1.0,9.0,100.0
2025,KXHIGHNY-25DEC10-B44.5,1982,0.020000000000000018,65732.0,118.0,2.0,9.0,100.0
2025,KXHIGHNY-25DEC10-B46.5,2012,0.019999999999999962,67460.0,107.0,1.0,9.0,100.0
2025,KXHIGHNY-25DEC10-T40,1876,0.01,9880.0,171.0,1.0,9.0,100.0
2025,KXHIGHNY-25DEC10-T47,1929,0.010000000000000002,56032.0,110.0,2.0,9.0,100.0
2025,KXHIGHNY-25DEC11-B38.5,1462,0.01,221450.0,252.0,2.0,101.0,100.0
2025,KXHIGHNY-25DEC11-B40.5,1743,0.010000000000000009,81279.0,184.0,1.0,88.0,100.0
2025,KXHIGHNY-25DEC11-B42.5,1393,0.010000000000000009,42852.0,250.0,2.0,102.0,100.0
2025,KXHIGHNY-25DEC11-B44.5,1296,0.01,9847.0,257.0,2.0,128.0,100.0
2025,KXHIGHNY-25DEC11-T38,1795,0.01,368185.0,201.0,1.0,100.0,100.0
2025,KXHIGHNY-25DEC11-T45,1413,0.01,18955.0,211.0,1.0,113.0,100.0
2025,KXHIGHNY-25DEC12-B32.5,1806,0.010000000000000009,35722.0,139.0,1.0,29.0,100.0
2025,KXHIGHNY-25DEC12-B34.5,1915,0.010000000000000009,47156.0,144.0,1.0,9.0,100.0
2025,KXHIGHNY-25DEC12-B36.5,1702,0.010000000000000009,69948.0,170.0,1.5,28.0,100.0
2025,KXHIGHNY-25DEC12-B38.5,1857,0.010000000000000002,22653.0,144.0,1.0,44.0,100.0
2025,KXHIGHNY-25DEC12-T32,1636,0.01,19759.0,206.0,1.5,42.0,100.0
2025,KXHIGHNY-25DEC12-T39,1745,0.01,12463.0,210.0,1.0,48.0,100.0
2025,KXHIGHNY-25DEC13-B36.5,1891,0.010000000000000002,26594.0,200.0,1.0,8.0,100.0
2025,KXHIGHNY-25DEC13-B38.5,1724,0.010000000000000009,47192.0,182.0,2.0,9.0,100.0
2025,KXHIGHNY-25DEC13-B40.5,1992,0.010000000000000009,30841.0,164.0,1.0,7.0,100.0
2025,KXHIGHNY-25DEC13-B42.5,1947,0.010000000000000009,31133.0,176.0,1.0,9.0,100.0
2025,KXHIGHNY-25DEC13-T36,1831,0.01,20312.0,219.0,1.0,12.0,100.0
2025,KXHIGHNY-25DEC13-T43,1890,0.010000000000000002,8039.0,210.0,1.0,7.0,100.0
2025,KXHIGHNY-25DEC14-B34.5,1954,0.010000000000000009,61267.0,119.0,2.0,9.0,100.0
2025,KXHIGHNY-25DEC14-B36.5,1957,0.01,25494.0,113.0,2.0,9.0,100.0
2025,KXHIGHNY-25DEC14-B38.5,1907,0.01,17659.0,131.0,2.0,9.0,100.0
2025,KXHIGHNY-25DEC14-B40.5,1924,0.01,10539.0,130.0,2.0,9.0,100.0
2025,KXHIGHNY-25DEC14-T34,1933,0.010000000000000009,46447.0,115.0,2.0,9.0,100.0
2025,KXHIGHNY-25DEC14-T41,1935,0.01,12623.0,117.0,2.0,9.0,100.0
2025,KXHIGHNY-25DEC15-B26.5,2059,0.010000000000000009,23826.0,130.0,1.0,9.0,100.0
2025,KXHIGHNY-25DEC15-B28.5,2018,0.010000000000000009,53670.0,116.0,1.0,9.0,100.0
2025,KXHIGHNY-25DEC15-B30.5,2084,0.010000000000000009,46822.0,104.0,1.0,8.0,100.0
2025,KXHIGHNY-25DEC15-B32.5,1999,0.010000000000000002,13848.0,143.0,1.0,9.0,100.0
2025,KXHIGHNY-25DEC15-T26,2015,0.01,15051.0,154.0,1.0,9.0,100.0
2025,KXHIGHNY-25DEC15-T33,2001,0.01,6978.0,139.0,1.0,9.0,100.0
2025,KXHIGHNY-25DEC16-B28.5,1838,0.01,16206.0,267.0,1.0,9.0,100.0
2025,KXHIGHNY-25DEC16-B30.5,1966,0.010000000000000009,55219.0,171.0,1.0,9.0,100.0
2025,KXHIGHNY-25DEC16-B32.5,1948,0.010000000000000009,28941.0,165.0,1.0,9.0,100.0
2025,KXHIGHNY-25DEC16-B34.5,1995,0.010000000000000009,47825.0,153.0,1.0,9.0,100.0
2025,KXHIGHNY-25DEC16-T28,1825,0.01,15011.0,287.0,1.0,9.0,100.0
2025,KXHIGHNY-25DEC16-T35,1905,0.01,8021.0,229.0,1.0,9.0,100.0
2025,KXHIGHNY-25DEC17-B43.5,1945,0.010000000000000009,58695.0,163.0,1.0,9.0,100.0
2025,KXHIGHNY-25DEC17-B45.5,1949,0.010000000000000009,67670.0,159.0,1.0,9.0,100.0
2025,KXHIGHNY-25DEC17-B47.5,1894,0.010000000000000009,60858.0,154.0,1.5,9.0,100.0
2025,KXHIGHNY-25DEC17-B49.5,1866,0.010000000000000002,30246.0,178.0,2.0,9.0,100.0
2025,KXHIGHNY-25DEC17-T43,1928,0.010000000000000009,43724.0,150.0,1.0,9.0,100.0
2025,KXHIGHNY-25DEC17-T50,1800,0.01,24855.0,209.0,1.0,9.0,100.0
2025,KXHIGHNY-25DEC18-B50.5,2098,0.02999999999999997,44017.0,47.0,1.0,119.0,100.0
2025,KXHIGHNY-25DEC18-B52.5,2094,0.01999999999999999,33858.0,55.0,1.0,119.0,100.0
2025,KXHIGHNY-25DEC18-B54.5,2072,0.010000000000000002,27436.0,64.0,1.0,119.0,100.0
2025,KXHIGHNY-25DEC18-B56.5,2032,0.01,9140.0,80.0,1.0,119.0,100.0
2025,KXHIGHNY-25DEC18-T50,2107,0.01999999999999999,97388.0,50.0,1.0,119.0,100.0
2025,KXHIGHNY-25DEC18-T57,2038,0.01,4486.0,79.0,1.0,119.0,100.0
2025,KXHIGHNY-25DEC19-B54.5,1774,0.01999999999999999,53905.0,274.0,1.0,16.0,100.0
2025,KXHIGHNY-25DEC19-B56.5,1801,0.010000000000000009,177029.0,237.0,1.0,16.0,100.0
2025,KXHIGHNY-25DEC19-B58.5,1635,0.03,80450.0,247.0,2.0,9.0,100.0
2025,KXHIGHNY-25DEC19-B60.5,1734,0.01999999999999999,30015.0,242.0,2.0,11.0,100.0
2025,KXHIGHNY-25DEC19-T54,1739,0.01,100086.0,245.0,1.0,16.0,100.0
2025,KXHIGHNY-25DEC19-T61,1732,0.01,14549.0,248.0,1.0,16.0,100.0
2025,KXHIGHNY-25DEC20-B36.5,2089,0.020000000000000018,61873.0,136.0,1.0,5.0,100.0
2025,KXHIGHNY-25DEC20-B38.5,2134,0.030000000000000027,54795.0,102.0,1.0,8.0,100.0
2025,KXHIGHNY-25DEC20-B40.5,2057,0.01999999999999999,22193.0,156.0,1.0,5.0,100.0
2025,KXHIGHNY-25DEC20-B42.5,1988,0.010000000000000002,8905.0,195.0,1.0,7.0,100.0
2025,KXHIGHNY-25DEC20-T36,1958,0.01,9878.0,210.0,1.0,15.0,100.0
2025,KXHIGHNY-25DEC20-T43,1937,0.01,6538.0,219.0,1.0,9.0,100.0
2025,KXHIGHNY-25DEC21-B40.5,1912,0.010000000000000002,6389.0,217.0,1.0,11.0,100.0
2025,KXHIGHNY-25DEC21-B42.5,2000,0.010000000000000009,36408.0,176.0,1.0,15.0,100.0
2025,KXHIGHNY-25DEC21-B44.5,2116,0.010000000000000009,85854.0,122.0,1.0,5.0,100.0
2025,KXHIGHNY-25DEC21-B46.5,2183,0.01999999999999999,33049.0,66.0,1.0,6.0,100.0
2025,KXHIGHNY-25DEC21-T40,1658,0.01,22488.0,301.0,1.0,15.0,100.0
2025,KXHIGHNY-25DEC21-T47,2061,0.01,19861.0,151.0,1.0,6.0,100.0
2025,KXHIGHNY-25DEC22-B36.5,2156,0.010000000000000009,28505.0,86.0,1.0,10.0,100.0
2025,KXHIGHNY-25DEC22-B38.5,2203,0.020000000000000018,63680.0,65.0,1.0,7.0,100.0
2025,KXHIGHNY-25DEC22-B40.5,2192,0.019999999999999962,57638.0,66.0,1.0,7.0,100.0
2025,KXHIGHNY-25DEC22-B42.5,2036,0.010000000000000002,11031.0,167.0,1.0,10.0,100.0
2025,KXHIGHNY-25DEC22-T36,1899,0.01,20620.0,254.0,1.0,10.0,100.0
2025,KXHIGHNY-25DEC22-T43,1989,0.01,15638.0,205.0,1.0,9.0,100.0
2025,KXHIGHNY-25DEC23-B38.5,2010,0.010000000000000009,374700.0,153.0,1.0,16.0,100.0
2025,KXHIGHNY-25DEC23-B40.5,2208,0.030000000000000027,48419.0,50.0,1.0,6.0,100.0
2025,KXHIGHNY-25DEC23-B42.5,2173,0.020000000000000004,27113.0,71.0,1.0,5.0,100.0
2025,KXHIGHNY-25DEC23-B44.5,1845,0.02,10803.0,228.0,1.0,16.0,100.0
2025,KXHIGHNY-25DEC23-T38,2218,0.01,101996.0,43.0,1.0,4.0,100.0
2025,KXHIGHNY-25DEC23-T45,1759,0.01,5201.0,261.0,1.0,19.0,100.0
2025,KXHIGHNY-25DEC24-B40.5,2058,0.01,20845.0,140.0,1.0,10.0,100.0
2025,KXHIGHNY-25DEC24-B42.5,1981,0.010000000000000009,37489.0,186.0,1.0,16.0,100.0
2025,KXHIGHNY-25DEC24-B44.5,2084,0.010000000000000009,66176.0,134.0,1.0,10.0,100.0
2025,KXHIGHNY-25DEC24-B46.5,2003,0.01999999999999999,40661.0,178.0,1.0,10.0,100.0
2025,KXHIGHNY-25DEC24-T40,1540,0.01,34734.0,340.0,1.0,20.0,100.0
2025,KXHIGHNY-25DEC24-T47,1853,0.01,20343.0,213.0,1.0,20.0,100.0
2025,KXHIGHNY-25DEC25-B41.5,1732,0.01,4067.0,261.0,1.0,114.0,100.0
2025,KXHIGHNY-25DEC25-B43.5,1962,0.010000000000000009,11344.0,135.0,1.0,114.0,100.0
2025,KXHIGHNY-25DEC25-B45.5,2110,0.010000000000000009,40917.0,22.0,2.0,114.0,100.0
2025,KXHIGHNY-25DEC25-B47.5,2038,0.020000000000000018,52698.0,87.0,1.0,73.0,100.0
2025,KXHIGHNY-25DEC25-T41,1499,0.01,7387.0,363.0,1.0,114.0,100.0
2025,KXHIGHNY-25DEC25-T48,2110,0.010000000000000009,56793.0,31.0,1.0,92.0,100.0
2025,KXHIGHNY-25DEC26-B27.5,1777,0.01,72602.0,174.0,2.0,37.0,100.0
2025,KXHIGHNY-25DEC26-B29.5,2134,0.030000000000000027,57843.0,79.0,1.0,14.0,100.0
2025,KXHIGHNY-25DEC26-B31.5,2170,0.010000000000000009,29146.0,40.0,1.0,13.0,100.0
2025,KXHIGHNY-25DEC26-B33.5,2069,0.01999999999999999,28331.0,106.0,1.0,17.0,100.0
2025,KXHIGHNY-25DEC26-T27,1855,0.01,21204.0,205.0,1.0,16.0,100.0
2025,KXHIGHNY-25DEC26-T34,1580,0.01,21811.0,245.0,1.0,55.0,100.0
2025,KXHIGHNY-25DEC27-B29.5,1875,0.01,173154.0,196.0,1.0,14.0,100.0
2025,KXHIGHNY-25DEC27-B31.5,1847,0.020000000000000018,27117.0,148.0,1.5,16.0,100.0
2025,KXHIGHNY-25DEC27-B33.5,2023,0.010000000000000009,18600.0,109.0,1.0,16.0,100.0
2025,KXHIGHNY-25DEC27-B35.5,1142,0.02,6158.0,312.0,2.0,32.0,100.0
2025,KXHIGHNY-25DEC27-T29,1307,0.01,33078.0,395.0,1.0,52.0,100.0
2025,KXHIGHNY-25DEC27-T36,1430,0.01,2383.0,222.0,1.0,66.0,100.0
2025,KXHIGHNY-25DEC28-B37.5,2126,0.020000000000000018,41077.0,85.0,1.0,9.0,100.0
2025,KXHIGHNY-25DEC28-B39.5,2086,0.020000000000000018,39249.0,94.0,1.0,29.0,100.0
2025,KXHIGHNY-25DEC28-B41.5,2053,0.010000000000000009,27387.0,144.0,1.0,29.0,100.0
2025,KXHIGHNY-25DEC28-B43.5,1621,0.01,8739.0,391.0,1.0,43.0,100.0
2025,KXHIGHNY-25DEC28-T37,2170,0.02,105189.0,53.0,1.0,11.0,100.0
2025,KXHIGHNY-25DEC28-T44,1502,0.01,5944.0,363.0,1.0,27.0,100.0
2025,KXHIGHNY-25DEC29-B46.5,1598,0.010000000000000009,68534.0,289.0,2.0,12.0,100.0
2025,KXHIGHNY-25DEC29-B48.5,1706,0.019999999999999962,43909.0,250.0,2.0,9.0,100.0
2025,KXHIGHNY-25DEC29-B50.5,1864,0.019999999999999962,38551.0,151.0,2.0,9.0,100.0
2025,KXHIGHNY-25DEC29-B52.5,1401,0.010000000000000002,21975.0,360.0,2.0,13.0,100.0
2025,KXHIGHNY-25DEC29-T46,1294,0.01,68011.0,474.0,1.0,9.0,100.0
2025,KXHIGHNY-25DEC29-T53,1268,0.01,6166.0,415.0,1.0,9.0,100.0
2025,KXHIGHNY-25DEC30-B30.5,1649,0.019999999999999962,106736.0,208.0,1.0,31.0,100.0
2025,KXHIGHNY-25DEC30-B32.5,1878,0.020000000000000018,65555.0,235.0,1.0,9.0,100.0
2025,KXHIGHNY-25DEC30-B34.5,1664,0.020000000000000018,32645.0,282.0,1.0,15.0,100.0
2025,KXHIGHNY-25DEC30-B36.5,1293,0.01,15634.0,374.0,1.0,46.0,100.0
2025,KXHIGHNY-25DEC30-T30,1262,0.01,24630.0,468.0,1.0,25.0,100.0
2025,KXHIGHNY-25DEC30-T37,1196,0.01,7006.0,442.0,1.0,46.0,100.0
2025,KXHIGHNY-25DEC31-B31.5,2144,0.029999999999999916,75949.0,82.0,1.0,8.0,100.0
2025,KXHIGHNY-25DEC31-B33.5,2175,0.020000000000000018,49778.0,72.0,1.0,9.0,100.0
2025,KXHIGHNY-25DEC31-B35.5,2161,0.010000000000000009,25440.0,69.0,1.0,9.0,100.0
2025,KXHIGHNY-25DEC31-B37.5,1926,0.01,5813.0,187.0,1.0,11.0,100.0
2025,KXHIGHNY-25DEC31-T31,1680,0.01,13187.0,266.0,1.0,24.0,100.0
2025,KXHIGHNY-25DEC31-T38,1699,0.01,2221.0,252.0,1.0,9.0,100.0
2025,KXHIGHNY-25FEB01-B41.5,163,0.05,4342.0,109.0,3.0,941.0,100.0
2025,KXHIGHNY-25FEB01-B43.5,317,0.050000000000000044,18282.0,152.0,2.0,777.0,100.0
2025,KXHIGHNY-25FEB01-B45.5,326,0.050000000000000044,30224.0,131.0,2.0,914.0,100.0
2025,KXHIGHNY-25FEB01-B47.5,364,0.05000000000000002,71587.0,158.0,3.0,446.0,100.0
2025,KXHIGHNY-25FEB01-T41,107,0.06,27339.0,81.0,5.0,828.0,100.0
2025,KXHIGHNY-25FEB01-T48,191,0.08,20902.0,108.0,4.0,883.0,100.0
2025,KXHIGHNY-25FEB02-B31.5,586,0.040000000000000036,26282.0,142.0,2.0,578.0,100.0
2025,KXHIGHNY-25FEB02-B33.5,673,0.04000000000000001,26499.0,233.0,2.0,576.0,100.0
2025,KXHIGHNY-25FEB02-B35.5,660,0.039999999999999994,21340.0,209.0,2.0,632.0,100.0
2025,KXHIGHNY-25FEB02-B37.5,440,0.020000000000000004,13620.0,227.0,2.0,695.0,100.0
2025,KXHIGHNY-25FEB02-T31,414,0.030000000000000027,37421.0,109.0,2.0,617.0,100.0
2025,KXHIGHNY-25FEB02-T38,410,0.03,14747.0,216.0,2.0,699.0,100.0
2025,KXHIGHNY-25FEB03-B42.5,187,0.04,5721.0,100.0,4.0,1036.0,100.0
2025,KXHIGHNY-25FEB03-B44.5,249,0.04999999999999999,11594.0,125.0,3.0,646.0,100.0
2025,KXHIGHNY-25FEB03-B46.5,296,0.04999999999999999,28272.0,141.0,3.0,499.0,100.0
2025,KXHIGHNY-25FEB03-B48.5,458,0.05,33168.0,173.0,2.0,425.0,100.0
2025,KXHIGHNY-25FEB03-T42,46,0.019999999999999997,787.0,35.0,22.0,624.0,100.0
2025,KXHIGHNY-25FEB03-T49,377,0.05999999999999994,15405.0,137.0,3.0,424.0,100.0
2025,KXHIGHNY-25FEB04-B40.5,27,0.03,2521.0,23.0,34.0,930.0,100.0
2025,KXHIGHNY-25FEB04-B42.5,153,0.03999999999999998,11943.0,111.0,3.0,629.0,100.0
2025,KXHIGHNY-25FEB04-B44.5,283,0.04,142408.0,169.0,3.0,629.0,100.0
2025,KXHIGHNY-25FEB04-B46.5,536,0.09,64296.0,243.0,2.0,441.0,100.0
2025,KXHIGHNY-25FEB04-T40,19,0.03,935.0,14.0,44.0,1141.0,100.0
2025,KXHIGHNY-25FEB04-T47,605,0.07999999999999996,131465.0,231.0,2.0,457.0,100.0
2025,KXHIGHNY-25FEB05-B29.5,27,0.04,214.0,24.0,33.0,833.0,100.0
2025,KXHIGHNY-25FEB05-B31.5,110,0.04,5389.0,84.0,8.0,1105.0,100.0
2025,KXHIGHNY-25FEB05-B33.5,332,0.06,27282.0,160.0,2.0,657.0,100.0
2025,KXHIGHNY-25FEB05-B35.5,532,0.05000000000000002,15455.0,223.0,2.0,503.0,100.0
2025,KXHIGHNY-25FEB05-T29,14,0.03,127.0,12.0,60.5,1311.0,100.0
2025,KXHIGHNY-25FEB05-T36,489,0.060000000000000026,30028.0,196.0,2.0,566.0,100.0
2025,KXHIGHNY-25FEB06-B37.5,602,0.06999999999999998,33086.0,177.0,2.0,426.0,100.0
2025,KXHIGHNY-25FEB06-B39.5,705,0.060000000000000026,20150.0,234.0,2.0,425.0,100.0
2025,KXHIGHNY-25FEB06-B41.5,569,0.039999999999999994,16341.0,256.0,2.0,435.0,100.0
2025,KXHIGHNY-25FEB06-B43.5,398,0.03,15679.0,183.0,3.0,520.0,100.0
2025,KXHIGHNY-25FEB06-T37,24,0.035,952.0,22.0,69.5,687.0,100.0
2025,KXHIGHNY-25FEB06-T44,214,0.02,6534.0,112.0,4.0,717.0,100.0
2025,KXHIGHNY-25FEB07-B36.5,51,0.05,4389.0,42.0,9.0,1751.0,100.0
2025,KXHIGHNY-25FEB07-B38.5,154,0.08999999999999997,12228.0,117.0,4.0,693.0,100.0
2025,KXHIGHNY-25FEB07-B40.5,158,0.22000000000000003,34933.0,116.0,4.0,1226.0,100.0
2025,KXHIGHNY-25FEB07-B42.5,242,0.050000000000000044,24048.0,166.0,4.0,897.0,100.0
2025,KXHIGHNY-25FEB07-T36,5,0.05,0.0,3.0,722.0,1967.0,100.0
2025,KXHIGHNY-25FEB07-T43,137,0.04999999999999999,21150.0,82.0,4.5,939.0,100.0
2025,KXHIGHNY-25FEB08-B30.5,50,0.03,1376.0,42.0,13.5,895.0,100.0
2025,KXHIGHNY-25FEB08-B32.5,174,0.04999999999999999,12296.0,110.0,5.0,895.0,100.0
2025,KXHIGHNY-25FEB08-B34.5,457,0.06,36276.0,192.0,3.0,426.0,100.0
2025,KXHIGHNY-25FEB08-B36.5,380,0.06000000000000001,24290.0,145.0,3.0,441.0,100.0
2025,KXHIGHNY-25FEB08-T30,26,0.04,3021.0,23.0,18.0,1771.0,100.0
2025,KXHIGHNY-25FEB08-T37,284,0.04000000000000001,17057.0,157.0,3.0,508.0,100.0
2025,KXHIGHNY-25FEB09-B35.5,525,0.06,36395.0,191.0,3.0,591.0,100.0
2025,KXHIGHNY-25FEB09-B37.5,529,0.04999999999999999,23097.0,196.0,3.0,591.0,100.0
2025,KXHIGHNY-25FEB09-B39.5,256,0.04999999999999999,6457.0,128.0,4.0,782.0,100.0
2025,KXHIGHNY-25FEB09-B41.5,185,0.04999999999999999,5183.0,124.0,4.5,1051.0,100.0
2025,KXHIGHNY-25FEB09-T35,290,0.06000000000000001,62278.0,84.0,3.0,689.0,100.0
2025,KXHIGHNY-25FEB09-T42,75,0.03,3568.0,54.0,11.0,906.0,100.0
2025,KXHIGHNY-25FEB10-B31.5,58,0.039999999999999994,3186.0,47.0,11.0,1888.0,100.0
2025,KXHIGHNY-25FEB10-B33.5,126,0.05000000000000002,14036.0,103.0,4.0,741.0,100.0
2025,KXHIGHNY-25FEB10-B35.5,458,0.050000000000000044,32509.0,173.0,3.0,697.0,100.0
2025,KXHIGHNY-25FEB10-B37.5,515,0.04999999999999999,10238.0,180.0,2.5,614.0,100.0
2025,KXHIGHNY-25FEB10-T31,18,0.04,269.0,17.0,35.0,2043.0,100.0
2025,KXHIGHNY-25FEB10-T38,416,0.039999999999999994,12494.0,139.0,2.0,742.0,100.0
2025,KXHIGHNY-25FEB11-B32.5,180,0.04000000000000001,29623.0,131.0,5.0,854.0,100.0
2025,KXHIGHNY-25FEB11-B34.5,925,0.040000000000000036,134051.0,203.0,2.0,587.0,100.0
2025,KXHIGHNY-25FEB11-B36.5,859,0.04999999999999999,113797.0,204.0,2.0,587.0,100.0
2025,KXHIGHNY-25FEB11-B38.5,575,0.03,35667.0,202.0,3.0,652.0,100.0
2025,KXHIGHNY-25FEB11-T32,39,0.03,7183.0,32.0,25.5,866.0,100.0
2025,KXHIGHNY-25FEB11-T39,205,0.02,7291.0,102.0,3.5,1019.0,100.0
2025,KXHIGHNY-25FEB12-B30.5,16,0.04,240.0,13.0,24.0,2346.0,100.0
2025,KXHIGHNY-25FEB12-B32.5,112,0.03,4445.0,77.0,6.0,978.0,100.0
2025,KXHIGHNY-25FEB12-B34.5,734,0.050000000000000044,110305.0,178.0,2.0,728.0,100.0
2025,KXHIGHNY-25FEB12-B36.5,893,0.040000000000000036,60768.0,248.0,2.0,657.0,100.0
2025,KXHIGHNY-25FEB12-T30,10,0.055,107.0,8.0,111.0,2372.0,100.0
2025,KXHIGHNY-25FEB12-T37,685,0.039999999999999994,41573.0,228.0,2.0,707.0,100.0
2025,KXHIGHNY-25FEB13-B41.5,107,0.03,22050.0,66.0,8.5,1011.0,100.0
2025,KXHIGHNY-25FEB13-B43.5,462,0.039999999999999994,74260.0,169.0,3.0,804.0,100.0
2025,KXHIGHNY-25FEB13-B45.5,751,0.04999999999999999,70078.0,223.0,2.0,669.0,100.0
2025,KXHIGHNY-25FEB13-B47.5,799,0.04999999999999999,52725.0,254.0,2.0,667.0,100.0
2025,KXHIGHNY-25FEB13-T41,25,0.02,3583.0,21.0,25.0,1230.0,100.0
2025,KXHIGHNY-25FEB13-T48,591,0.040000000000000036,32262.0,242.0,2.0,668.0,100.0
2025,KXHIGHNY-25FEB14-B31.5,30,0.05,859.0,26.0,21.5,1399.0,100.0
2025,KXHIGHNY-25FEB14-B33.5,253,0.04,37925.0,140.0,3.0,1220.0,100.0
2025,KXHIGHNY-25FEB14-B35.5,686,0.050000000000000044,46624.0,265.0,2.0,610.0,100.0
2025,KXHIGHNY-25FEB14-B37.5,674,0.06,40348.0,235.0,2.0,680.0,100.0
2025,KXHIGHNY-25FEB14-T31,13,0.06,74.0,11.0,41.0,1179.0,100.0
2025,KXHIGHNY-25FEB14-T38,381,0.03,11720.0,160.0,3.0,796.0,100.0
2025,KXHIGHNY-25FEB15-B33.5,155,0.03,12788.0,118.0,5.0,808.0,100.0
2025,KXHIGHNY-25FEB15-B35.5,629,0.050000000000000044,44511.0,309.0,2.0,665.0,100.0
2025,KXHIGHNY-25FEB15-B37.5,577,0.04999999999999999,37970.0,276.0,2.0,667.0,100.0
2025,KXHIGHNY-25FEB15-B39.5,389,0.02999999999999997,13067.0,215.0,2.0,694.0,100.0
2025,KXHIGHNY-25FEB15-T33,27,0.03,1778.0,26.0,29.5,763.0,100.0
2025,KXHIGHNY-25FEB15-T40,139,0.020000000000000004,10081.0,101.0,7.0,837.0,100.0
2025,KXHIGHNY-25FEB16-B48.5,691,0.07,41547.0,210.0,2.0,686.0,100.0
2025,KXHIGHNY-25FEB16-B50.5,547,0.05000000000000002,43367.0,246.0,2.0,712.0,100.0
2025,KXHIGHNY-25FEB16-B52.5,528,0.04999999999999999,32224.0,215.0,2.0,696.0,100.0
2025,KXHIGHNY-25FEB16-B54.5,580,0.04000000000000001,41116.0,292.0,2.0,915.0,100.0
2025,KXHIGHNY-25FEB16-T48,580,0.06999999999999995,88926.0,212.0,3.0,577.0,100.0
2025,KXHIGHNY-25FEB16-T55,406,0.04,47597.0,197.0,3.0,781.0,100.0
2025,KXHIGHNY-25FEB17-B31.5,73,0.020000000000000004,12526.0,62.0,7.5,1294.0,100.0
2025,KXHIGHNY-25FEB17-B33.5,363,0.03,113804.0,184.0,3.0,634.0,100.0
2025,KXHIGHNY-25FEB17-B35.5,755,0.06,108651.0,274.0,2.0,694.0,100.0
2025,KXHIGHNY-25FEB17-B37.5,673,0.07000000000000003,52484.0,246.0,2.0,673.0,100.0
2025,KXHIGHNY-25FEB17-T31,37,0.019999999999999997,3711.0,31.0,20.0,1112.0,100.0
2025,KXHIGHNY-25FEB17-T38,401,0.04000000000000001,14710.0,181.0,3.0,846.0,100.0
2025,KXHIGHNY-25FEB18-B23.5,58,0.04,7931.0,43.0,12.0,1222.0,100.0
2025,KXHIGHNY-25FEB18-B25.5,518,0.04000000000000001,37503.0,207.0,2.0,1159.0,100.0
2025,KXHIGHNY-25FEB18-B27.5,755,0.03999999999999998,31399.0,268.0,2.0,567.0,100.0
2025,KXHIGHNY-25FEB18-B29.5,544,0.03000000000000002,19102.0,235.0,2.0,770.0,100.0
2025,KXHIGHNY-25FEB18-T23,15,0.04,5221.0,13.0,41.0,1389.0,100.0
2025,KXHIGHNY-25FEB18-T30,313,0.03,8795.0,160.0,3.0,706.0,100.0
2025,KXHIGHNY-25FEB19-B26.5,37,0.02,949.0,32.0,21.5,1407.0,100.0
2025,KXHIGHNY-25FEB19-B28.5,627,0.03,31473.0,252.0,2.0,799.0,100.0
2025,KXHIGHNY-25FEB19-B30.5,630,0.030000000000000027,40095.0,231.0,2.0,647.0,100.0
2025,KXHIGHNY-25FEB19-B32.5,667,0.030000000000000027,21058.0,265.0,2.0,857.0,100.0
2025,KXHIGHNY-25FEB19-T26,13,0.02,467.0,12.0,113.0,1347.0,100.0
2025,KXHIGHNY-25FEB19-T33,108,0.03,4051.0,77.0,5.0,694.0,100.0
2025,KXHIGHNY-25FEB20-B24.5,30,0.035,443.0,24.0,34.0,1429.0,100.0
2025,KXHIGHNY-25FEB20-B26.5,281,0.03,19893.0,164.0,3.0,1167.0,100.0
2025,KXHIGHNY-25FEB20-B28.5,658,0.04999999999999993,44806.0,241.0,2.0,802.0,100.0
2025,KXHIGHNY-25FEB20-B30.5,594,0.04999999999999999,33011.0,215.0,2.0,1009.0,100.0
2025,KXHIGHNY-25FEB20-T24,20,0.03,3738.0,17.0,45.0,959.0,100.0
2025,KXHIGHNY-25FEB20-T31,351,0.04,17516.0,172.0,2.0,1081.0,100.0
2025,KXHIGHNY-25FEB21-B27.5,42,0.03,1404.0,38.0,29.0,817.0,100.0
2025,KXHIGHNY-25FEB21-B29.5,287,0.03,12769.0,157.0,3.0,817.0,100.0
2025,KXHIGHNY-25FEB21-B31.5,1114,0.050000000000000044,115497.0,252.0,2.0,661.0,100.0
2025,KXHIGHNY-25FEB21-B33.5,1287,0.04999999999999999,77456.0,226.0,1.0,663.0,100.0
2025,KXHIGHNY-25FEB21-T27,23,0.02,100.0,20.0,29.0,1381.0,100.0
2025,KXHIGHNY-25FEB21-T34,1145,0.06,96278.0,204.0,2.0,661.0,100.0
2025,KXHIGHNY-25FEB22-B34.5,60,0.039999999999999994,1961.0,47.0,10.0,710.0,100.0
2025,KXHIGHNY-25FEB22-B36.5,531,0.18000000000000002,16602.0,275.0,4.0,711.0,100.0
2025,KXHIGHNY-25FEB22-B38.5,1030,0.07999999999999996,49041.0,203.0,2.0,702.0,100.0
2025,KXHIGHNY-25FEB22-B40.5,1210,0.10999999999999999,33421.0,234.0,3.0,702.0,100.0
2025,KXHIGHNY-25FEB22-T34,14,0.02,201.0,13.0,121.0,1108.0,100.0
2025,KXHIGHNY-25FEB22-T41,640,0.05,23142.0,183.0,2.0,703.0,100.0
2025,KXHIGHNY-25FEB23-B40.5,75,0.02,670.0,46.0,3.0,1317.0,100.0
2025,KXHIGHNY-25FEB23-B42.5,290,0.06,5689.0,135.0,3.0,986.0,100.0
2025,KXHIGHNY-25FEB23-B44.5,421,0.04999999999999993,29724.0,145.0,5.0,589.0,100.0
2025,KXHIGHNY-25FEB23-B46.5,498,0.030000000000000027,21742.0,168.0,2.0,581.0,100.0
2025,KXHIGHNY-25FEB23-T40,42,0.035,11.0,26.0,3.0,1338.0,100.0
2025,KXHIGHNY-25FEB23-T47,489,0.04000000000000001,17295.0,179.0,3.0,576.0,100.0
2025,KXHIGHNY-25FEB24-B44.5,95,0.03,569.0,70.0,7.0,1138.0,100.0
2025,KXHIGHNY-25FEB24-B46.5,581,0.07000000000000003,28328.0,228.0,3.0,920.0,100.0
2025,KXHIGHNY-25FEB24-B48.5,1001,0.050000000000000044,21693.0,259.0,2.0,603.0,100.0
2025,KXHIGHNY-25FEB24-B50.5,946,0.06,19224.0,215.0,2.0,591.0,100.0
2025,KXHIGHNY-25FEB24-T44,64,0.02,455.0,42.0,5.5,1409.0,100.0
2025,KXHIGHNY-25FEB24-T51,641,0.04999999999999999,14845.0,239.0,2.0,811.0,100.0
2025,KXHIGHNY-25FEB25-B50.5,409,0.06999999999999999,8449.0,196.0,2.0,1242.0,100.0
2025,KXHIGHNY-25FEB25-B52.5,609,0.05,19188.0,221.0,2.0,596.0,100.0
2025,KXHIGHNY-25FEB25-B54.5,806,0.06999999999999995,36435.0,195.0,2.0,568.0,100.0
2025,KXHIGHNY-25FEB25-B56.5,925,0.04999999999999999,28893.0,274.0,2.0,574.0,100.0
2025,KXHIGHNY-25FEB25-T50,66,0.01,2054.0,46.0,15.0,1309.0,100.0
2025,KXHIGHNY-25FEB25-T57,621,0.04000000000000001,43795.0,138.0,3.0,646.0,100.0
2025,KXHIGHNY-25FEB26-B49.5,40,0.03,724.0,35.0,13.0,1555.0,100.0
2025,KXHIGHNY-25FEB26-B51.5,301,0.12000000000000001,3861.0,169.0,3.0,1211.0,100.0
2025,KXHIGHNY-25FEB26-B53.5,579,0.08999999999999997,13023.0,209.0,3.0,665.0,100.0
2025,KXHIGHNY-25FEB26-B55.5,765,0.06,21182.0,265.0,2.0,619.0,100.0
2025,KXHIGHNY-25FEB26-T49,11,0.02,286.0,9.0,35.0,2194.0,100.0
2025,KXHIGHNY-25FEB26-T56,671,0.06,25570.0,224.0,3.0,633.0,100.0
2025,KXHIGHNY-25FEB27-B52.5,381,0.049999999999999996,29345.0,126.0,2.0,862.0,100.0
2025,KXHIGHNY-25FEB27-B54.5,923,0.06000000000000001,20411.0,244.0,2.0,637.0,100.0
2025,KXHIGHNY-25FEB27-B56.5,932,0.04999999999999993,29737.0,237.0,3.0,710.0,100.0
2025,KXHIGHNY-25FEB27-B58.5,593,0.040000000000000036,10870.0,206.0,2.0,1113.0,100.0
2025,KXHIGHNY-25FEB27-T52,90,0.03,2165.0,54.0,3.0,1346.0,100.0
2025,KXHIGHNY-25FEB27-T59,438,0.06000000000000001,7293.0,235.0,2.0,897.0,100.0
2025,KXHIGHNY-25FEB28-B44.5,14,0.02,205.0,13.0,76.0,1344.0,100.0
2025,KXHIGHNY-25FEB28-B46.5,187,0.030000000000000002,9034.0,134.0,4.0,1436.0,100.0
2025,KXHIGHNY-25FEB28-B48.5,791,0.030000000000000027,38360.0,201.0,2.0,893.0,100.0
2025,KXHIGHNY-25FEB28-B50.5,857,0.04999999999999993,34598.0,240.0,2.0,811.0,100.0
2025,KXHIGHNY-25FEB28-T44,10,0.025,0.0,9.0,52.0,2436.0,100.0
2025,KXHIGHNY-25FEB28-T51,804,0.04000000000000001,32045.0,210.0,2.0,1001.0,100.0
2025,KXHIGHNY-25JAN01-B47.5,207,0.049999999999999996,9155.0,127.0,4.0,674.0,100.0
2025,KXHIGHNY-25JAN01-B49.5,601,0.12,51455.0,217.0,3.0,496.0,100.0
2025,KXHIGHNY-25JAN01-B51.5,617,0.08000000000000002,27430.0,224.0,3.0,493.0,100.0
2025,KXHIGHNY-25JAN01-B53.5,405,0.039999999999999994,8651.0,195.0,4.0,490.0,100.0
2025,KXHIGHNY-25JAN01-T47,53,0.05,509.0,37.0,12.0,690.0,100.0
2025,KXHIGHNY-25JAN01-T54,234,0.04,2417.0,142.0,4.0,1140.0,100.0
2025,KXHIGHNY-25JAN02-B36.5,34,0.049999999999999996,97.0,29.0,12.0,2167.0,100.0
2025,KXHIGHNY-25JAN02-B38.5,300,0.06,4485.0,176.0,2.0,746.0,100.0
2025,KXHIGHNY-25JAN02-B40.5,558,0.06999999999999995,21817.0,210.0,2.0,597.0,100.0
2025,KXHIGHNY-25JAN02-B42.5,723,0.07,15079.0,269.0,2.0,492.0,100.0
2025,KXHIGHNY-25JAN02-T36,13,0.06,0.0,11.0,29.0,2274.0,100.0
2025,KXHIGHNY-25JAN02-T43,555,0.06,18862.0,210.0,2.0,615.0,100.0
2025,KXHIGHNY-25JAN03-B35.5,51,0.03,91.0,42.0,7.0,1698.0,100.0
2025,KXHIGHNY-25JAN03-B37.5,594,0.04999999999999999,42201.0,189.0,2.0,1316.0,100.0
2025,KXHIGHNY-25JAN03-B39.5,621,0.04999999999999993,19841.0,241.0,3.0,896.0,100.0
2025,KXHIGHNY-25JAN03-B41.5,472,0.04000000000000001,9955.0,243.0,2.0,1181.0,100.0
2025,KXHIGHNY-25JAN03-T35,36,0.02,404.0,30.0,5.0,1483.0,100.0
2025,KXHIGHNY-25JAN03-T42,202,0.02,1923.0,124.0,3.0,1052.0,100.0
2025,KXHIGHNY-25JAN04-B31.5,282,0.020000000000000004,28285.0,138.0,4.0,516.0,100.0
2025,KXHIGHNY-25JAN04-B33.5,676,0.03999999999999998,32949.0,265.0,2.0,516.0,100.0
2025,KXHIGHNY-25JAN04-B35.5,713,0.04999999999999999,17189.0,228.0,2.0,516.0,100.0
2025,KXHIGHNY-25JAN04-B37.5,440,0.030000000000000013,5113.0,206.0,2.0,842.0,100.0
2025,KXHIGHNY-25JAN04-T31,36,0.02,0.0,28.0,5.5,1690.0,100.0
2025,KXHIGHNY-25JAN04-T38,187,0.02,758.0,116.0,3.0,1175.0,100.0
2025,KXHIGHNY-25JAN05-B30.5,155,0.02,2365.0,97.0,4.0,1022.0,100.0
2025,KXHIGHNY-25JAN05-B32.5,519,0.04999999999999999,56940.0,160.0,2.5,561.0,100.0
2025,KXHIGHNY-25JAN05-B34.5,569,0.050000000000000044,29464.0,177.0,2.0,561.0,100.0
2025,KXHIGHNY-25JAN05-B36.5,447,0.04999999999999999,8466.0,198.0,2.0,702.0,100.0
2025,KXHIGHNY-25JAN05-T30,36,0.03,60.0,22.0,15.5,1073.0,100.0
2025,KXHIGHNY-25JAN05-T37,121,0.019999999999999997,3788.0,92.0,5.0,878.0,100.0
2025,KXHIGHNY-25JAN06-B28.5,65,0.039999999999999994,10628.0,51.0,5.0,993.0,100.0
2025,KXHIGHNY-25JAN06-B30.5,635,0.05999999999999994,28785.0,180.0,2.0,482.0,100.0
2025,KXHIGHNY-25JAN06-B32.5,635,0.06,13008.0,180.0,2.0,482.0,100.0
2025,KXHIGHNY-25JAN06-B34.5,226,0.06,4068.0,135.0,3.0,713.0,100.0
2025,KXHIGHNY-25JAN06-T28,21,0.03,62.0,16.0,8.5,1804.0,100.0
2025,KXHIGHNY-25JAN06-T35,93,0.03,1466.0,62.0,3.0,1097.0,100.0
2025,KXHIGHNY-25JAN07-B26.5,199,0.019999999999999997,5300.0,48.0,6.5,1205.0,100.0
2025,KXHIGHNY-25JAN07-B28.5,416,0.04999999999999999,28035.0,112.0,3.5,730.0,100.0
2025,KXHIGHNY-25JAN07-B30.5,543,0.05999999999999994,20347.0,120.0,3.0,550.0,100.0
2025,KXHIGHNY-25JAN07-B32.5,617,0.03999999999999998,31861.0,170.0,2.0,667.0,100.0
2025,KXHIGHNY-25JAN07-T26,43,0.02,96.0,28.0,12.5,1205.0,100.0
2025,KXHIGHNY-25JAN07-T33,384,0.020000000000000004,28335.0,141.0,3.0,607.0,100.0
2025,KXHIGHNY-25JAN08-B23.5,20,0.02,1290.0,18.0,32.0,1901.0,100.0
2025,KXHIGHNY-25JAN08-B25.5,187,0.039999999999999994,24170.0,111.0,3.0,1119.0,100.0
2025,KXHIGHNY-25JAN08-B27.5,462,0.050000000000000044,27642.0,206.0,2.0,530.0,100.0
2025,KXHIGHNY-25JAN08-B29.5,526,0.06,23686.0,183.0,3.0,739.0,100.0
2025,KXHIGHNY-25JAN08-T23,10,0.03,50.0,8.0,99.0,2181.0,100.0
2025,KXHIGHNY-25JAN08-T30,437,0.06,11382.0,176.0,3.0,784.0,100.0
2025,KXHIGHNY-25JAN09-B26.5,13,0.04,0.0,12.0,96.0,1209.0,100.0
2025,KXHIGHNY-25JAN09-B28.5,78,0.02,8863.0,56.0,10.5,1110.0,100.0
2025,KXHIGHNY-25JAN09-B30.5,348,0.04999999999999999,27321.0,167.0,2.0,848.0,100.0
2025,KXHIGHNY-25JAN09-B32.5,569,0.050000000000000044,20502.0,185.0,2.0,459.0,100.0
2025,KXHIGHNY-25JAN09-T26,29,0.03,1.0,25.0,21.0,1288.0,100.0
2025,KXHIGHNY-25JAN09-T33,459,0.06,24414.0,227.0,2.0,547.0,100.0
2025,KXHIGHNY-25JAN10-B33.5,30,0.045,2096.0,22.0,26.5,1324.0,100.0
2025,KXHIGHNY-25JAN10-B35.5,101,0.02,9246.0,72.0,7.5,957.0,100.0
2025,KXHIGHNY-25JAN10-B37.5,374,0.07999999999999999,33012.0,140.0,3.0,597.0,100.0
2025,KXHIGHNY-25JAN10-B39.5,396,0.07000000000000003,14604.0,176.0,3.0,539.0,100.0
2025,KXHIGHNY-25JAN10-T33,9,0.08,1.0,7.0,109.0,1883.0,100.0
2025,KXHIGHNY-25JAN10-T40,425,0.04000000000000001,20438.0,159.0,2.0,745.0,100.0
2025,KXHIGHNY-25JAN11-B31.5,43,0.039999999999999994,555.0,34.0,12.0,1866.0,100.0
2025,KXHIGHNY-25JAN11-B33.5,204,0.03,115997.0,135.0,5.0,904.0,100.0
2025,KXHIGHNY-25JAN11-B35.5,465,0.030000000000000027,17605.0,204.0,2.5,476.0,100.0
2025,KXHIGHNY-25JAN11-B37.5,328,0.04999999999999999,19051.0,187.0,3.0,597.0,100.0
2025,KXHIGHNY-25JAN11-T31,11,0.05,0.0,9.0,19.0,2047.0,100.0
2025,KXHIGHNY-25JAN11-T38,86,0.04,2649.0,69.0,5.0,1005.0,100.0
2025,KXHIGHNY-25JAN12-B36.5,18,0.03,1.0,17.0,32.0,1296.0,100.0
2025,KXHIGHNY-25JAN12-B38.5,143,0.03,5585.0,122.0,5.0,970.0,100.0
2025,KXHIGHNY-25JAN12-B40.5,601,0.04999999999999999,116327.0,232.0,2.0,530.0,100.0
2025,KXHIGHNY-25JAN12-B42.5,657,0.050000000000000044,38468.0,259.0,2.0,516.0,100.0
2025,KXHIGHNY-25JAN12-T36,10,0.045,33.0,7.0,269.0,1296.0,100.0
2025,KXHIGHNY-25JAN12-T43,479,0.04000000000000001,20447.0,215.0,2.0,862.0,100.0
2025,KXHIGHNY-25JAN13-B37.5,14,0.025,171.0,13.0,67.0,1366.0,100.0
2025,KXHIGHNY-25JAN13-B39.5,82,0.03,8204.0,47.0,12.0,895.0,100.0
2025,KXHIGHNY-25JAN13-B41.5,588,0.06,47960.0,173.0,2.0,483.0,100.0
2025,KXHIGHNY-25JAN13-B43.5,632,0.06999999999999995,39898.0,181.0,2.0,492.0,100.0
2025,KXHIGHNY-25JAN13-T37,11,0.02,59.0,10.0,65.0,1728.0,100.0
2025,KXHIGHNY-25JAN13-T44,369,0.04,16889.0,199.0,2.0,804.0,100.0
2025,KXHIGHNY-25JAN14-B28.5,36,0.04,70.0,28.0,20.5,1986.0,100.0
2025,KXHIGHNY-25JAN14-B30.5,63,0.020000000000000004,3315.0,51.0,9.0,1852.0,100.0
2025,KXHIGHNY-25JAN14-B32.5,329,0.03,51488.0,206.0,3.0,737.0,100.0
2025,KXHIGHNY-25JAN14-B34.5,392,0.040000000000000036,37648.0,243.0,3.0,467.0,100.0
2025,KXHIGHNY-25JAN14-T28,27,0.04,0.0,21.0,23.0,1986.0,100.0
2025,KXHIGHNY-25JAN14-T35,369,0.050000000000000044,32887.0,190.0,2.0,914.0,100.0
2025,KXHIGHNY-25JAN15-B29.5,163,0.06,24007.0,104.0,5.0,985.0,100.0
2025,KXHIGHNY-25JAN15-B31.5,371,0.07,32896.0,221.0,3.0,505.0,100.0
2025,KXHIGHNY-25JAN15-B33.5,408,0.09,18553.0,203.0,3.0,588.0,100.0
2025,KXHIGHNY-25JAN15-B35.5,171,0.09,3996.0,131.0,5.0,892.0,100.0
2025,KXHIGHNY-25JAN15-T29,28,0.05,280.0,26.0,31.0,1247.0,100.0
2025,KXHIGHNY-25JAN15-T36,61,0.07,1415.0,51.0,14.0,1175.0,100.0
2025,KXHIGHNY-25JAN16-B28.5,297,0.04,63703.0,176.0,3.0,464.0,100.0
2025,KXHIGHNY-25JAN16-B30.5,523,0.05999999999999994,19690.0,263.0,3.0,449.0,100.0
2025,KXHIGHNY-25JAN16-B32.5,486,0.050000000000000044,15506.0,234.0,2.0,514.0,100.0
2025,KXHIGHNY-25JAN16-B34.5,222,0.020000000000000004,7116.0,160.0,2.0,600.0,100.0
2025,KXHIGHNY-25JAN16-T28,28,0.045,31.0,24.0,27.5,1205.0,100.0
2025,KXHIGHNY-25JAN16-T35,36,0.030000000000000002,670.0,32.0,22.0,723.0,100.0
2025,KXHIGHNY-25JAN17-B35.5,47,0.03,356.0,40.0,23.0,1159.0,100.0
2025,KXHIGHNY-25JAN17-B37.5,165,0.04999999999999999,7630.0,107.0,5.0,1041.0,100.0
2025,KXHIGHNY-25JAN17-B39.5,274,0.04999999999999999,17919.0,125.0,3.0,784.0,100.0
2025,KXHIGHNY-25JAN17-B41.5,364,0.06,19783.0,179.0,2.0,509.0,100.0
2025,KXHIGHNY-25JAN17-T35,14,0.01,200.0,10.0,100.0,1381.0,100.0
2025,KXHIGHNY-25JAN17-T42,278,0.06000000000000001,20662.0,118.0,2.5,456.0,100.0
2025,KXHIGHNY-25JAN18-B41.5,47,0.030000000000000002,779.0,43.0,8.0,1321.0,100.0
2025,KXHIGHNY-25JAN18-B43.5,225,0.04999999999999999,13354.0,142.0,2.0,927.0,100.0
2025,KXHIGHNY-25JAN18-B45.5,363,0.07000000000000006,9795.0,188.0,3.0,504.0,100.0
2025,KXHIGHNY-25JAN18-B47.5,310,0.06999999999999995,11953.0,191.0,2.0,497.0,100.0
2025,KXHIGHNY-25JAN18-T41,17,0.04,293.0,15.0,34.0,1379.0,100.0
2025,KXHIGHNY-25JAN18-T48,126,0.04,4445.0,89.0,4.0,1024.0,100.0
2025,KXHIGHNY-25JAN19-B35.5,58,0.03,2445.0,44.0,8.5,1061.0,100.0
2025,KXHIGHNY-25JAN19-B37.5,178,0.020000000000000018,18838.0,95.0,4.0,932.0,100.0
2025,KXHIGHNY-25JAN19-B39.5,456,0.044999999999999984,57469.0,215.0,2.0,558.0,100.0
2025,KXHIGHNY-25JAN19-B41.5,449,0.03999999999999998,33424.0,213.0,3.0,430.0,100.0
2025,KXHIGHNY-25JAN19-T35,15,0.04,703.0,13.0,51.0,1185.0,100.0
2025,KXHIGHNY-25JAN19-T42,218,0.04,11220.0,126.0,3.0,558.0,100.0
2025,KXHIGHNY-25JAN20-B22.5,14,0.01,6869.0,12.0,62.0,1216.0,100.0
2025,KXHIGHNY-25JAN20-B24.5,267,0.07000000000000003,20580.0,161.0,3.0,797.0,100.0
2025,KXHIGHNY-25JAN20-B26.5,402,0.06,15084.0,188.0,3.0,562.0,100.0
2025,KXHIGHNY-25JAN20-B28.5,341,0.06,10540.0,193.0,3.0,799.0,100.0
2025,KXHIGHNY-25JAN20-T22,10,0.03,1017.0,6.0,312.5,1388.0,100.0
2025,KXHIGHNY-25JAN20-T29,187,0.020000000000000018,4292.0,130.0,5.0,1018.0,100.0
2025,KXHIGHNY-25JAN21-B15.5,84,0.03,8802.0,57.0,8.0,1149.0,100.0
2025,KXHIGHNY-25JAN21-B17.5,312,0.039999999999999994,12801.0,142.0,4.0,472.0,100.0
2025,KXHIGHNY-25JAN21-B19.5,453,0.040000000000000036,20432.0,202.0,2.0,517.0,100.0
2025,KXHIGHNY-25JAN21-B21.5,411,0.03999999999999998,9648.0,187.0,3.0,840.0,100.0
2025,KXHIGHNY-25JAN21-T15,24,0.02,4558.0,19.0,15.0,1850.0,100.0
2025,KXHIGHNY-25JAN21-T22,218,0.030000000000000006,2691.0,157.0,4.0,966.0,100.0
2025,KXHIGHNY-25JAN22-B16.5,68,0.05,714.0,49.0,14.0,1152.0,100.0
2025,KXHIGHNY-25JAN22-B18.5,265,0.03,32000.0,139.0,3.0,806.0,100.0
2025,KXHIGHNY-25JAN22-B20.5,436,0.050000000000000044,14702.0,204.0,3.0,463.0,100.0
2025,KXHIGHNY-25JAN22-B22.5,405,0.040000000000000036,12643.0,192.0,3.0,506.0,100.0
2025,KXHIGHNY-25JAN22-T16,39,0.01,1800.0,25.0,7.0,1253.0,100.0
2025,KXHIGHNY-25JAN22-T23,190,0.02,3617.0,106.0,5.0,939.0,100.0
2025,KXHIGHNY-25JAN23-B26.5,290,0.03,32680.0,100.0,3.5,538.0,100.0
2025,KXHIGHNY-25JAN23-B28.5,506,0.04999999999999999,38026.0,172.0,2.0,475.0,100.0
2025,KXHIGHNY-25JAN23-B30.5,465,0.04999999999999999,25607.0,198.0,2.0,563.0,100.0
2025,KXHIGHNY-25JAN23-B32.5,196,0.020000000000000018,9341.0,98.0,5.0,618.0,100.0
2025,KXHIGHNY-25JAN23-T26,21,0.03,1850.0,19.0,47.0,1208.0,100.0
2025,KXHIGHNY-25JAN23-T33,66,0.03,857.0,56.0,14.0,1126.0,100.0
2025,KXHIGHNY-25JAN24-B27.5,19,0.03,220.0,18.0,53.0,1284.0,100.0
2025,KXHIGHNY-25JAN24-B29.5,154,0.020000000000000004,4445.0,104.0,4.0,887.0,100.0
2025,KXHIGHNY-25JAN24-B31.5,505,0.05999999999999994,46377.0,214.0,2.0,670.0,100.0
2025,KXHIGHNY-25JAN24-B33.5,444,0.04999999999999999,18123.0,192.0,2.0,499.0,100.0
2025,KXHIGHNY-25JAN24-T27,15,0.03,366.0,12.0,60.5,1816.0,100.0
2025,KXHIGHNY-25JAN24-T34,285,0.03,14860.0,174.0,2.0,690.0,100.0
2025,KXHIGHNY-25JAN25-B26.5,37,0.03,1483.0,31.0,26.0,744.0,100.0
2025,KXHIGHNY-25JAN25-B28.5,105,0.03,15423.0,73.0,8.0,773.0,100.0
2025,KXHIGHNY-25JAN25-B30.5,544,0.050000000000000044,67212.0,212.0,2.0,424.0,100.0
2025,KXHIGHNY-25JAN25-B32.5,609,0.05999999999999994,40215.0,240.0,2.0,424.0,100.0
2025,KXHIGHNY-25JAN25-T26,12,0.025,0.0,10.0,48.0,2038.0,100.0
2025,KXHIGHNY-25JAN25-T33,433,0.030000000000000006,20970.0,202.0,4.0,425.0,100.0
2025,KXHIGHNY-25JAN26-B35.5,26,0.04,667.0,23.0,18.0,1368.0,100.0
2025,KXHIGHNY-25JAN26-B37.5,117,0.039999999999999994,4638.0,90.0,6.5,519.0,100.0
2025,KXHIGHNY-25JAN26-B39.5,269,0.039999999999999994,44770.0,161.0,3.0,495.0,100.0
2025,KXHIGHNY-25JAN26-B41.5,490,0.04999999999999999,18449.0,209.0,2.0,495.0,100.0
2025,KXHIGHNY-25JAN26-T35,14,0.05,610.0,12.0,11.5,2067.0,100.0
2025,KXHIGHNY-25JAN26-T42,441,0.05,60352.0,184.0,3.0,554.0,100.0
2025,KXHIGHNY-25JAN27-B34.5,24,0.025,271.0,21.0,26.0,1957.0,100.0
2025,KXHIGHNY-25JAN27-B36.5,127,0.02,8355.0,93.0,5.0,651.0,100.0
2025,KXHIGHNY-25JAN27-B38.5,507,0.040000000000000036,29581.0,174.0,2.0,598.0,100.0
2025,KXHIGHNY-25JAN27-B40.5,547,0.04999999999999999,16095.0,220.0,2.0,534.0,100.0
2025,KXHIGHNY-25JAN27-T34,11,0.02,473.0,9.0,118.0,1080.0,100.0
2025,KXHIGHNY-25JAN27-T41,535,0.03,26463.0,215.0,2.0,615.0,100.0
2025,KXHIGHNY-25JAN28-B31.5,18,0.04,64.0,16.0,52.5,1578.0,100.0
2025,KXHIGHNY-25JAN28-B33.5,27,0.03,285.0,23.0,38.0,1578.0,100.0
2025,KXHIGHNY-25JAN28-B35.5,130,0.04999999999999999,1101.0,102.0,3.0,1357.0,100.0
2025,KXHIGHNY-25JAN28-B37.5,142,0.06,12604.0,106.0,4.0,905.0,100.0
2025,KXHIGHNY-25JAN28-T31,6,0.015,46.0,5.0,394.0,1840.0,100.0
2025,KXHIGHNY-25JAN28-T38,182,0.05499999999999999,13954.0,148.0,5.0,448.0,100.0
2025,KXHIGHNY-25JAN29-B41.5,17,0.03,244.0,16.0,29.0,1212.0,100.0
2025,KXHIGHNY-25JAN29-B43.5,83,0.020000000000000004,2722.0,72.0,5.0,1169.0,100.0
2025,KXHIGHNY-25JAN29-B45.5,228,0.03,5747.0,159.0,2.0,1113.0,100.0
2025,KXHIGHNY-25JAN29-B47.5,372,0.03999999999999998,9984.0,182.0,2.0,1149.0,100.0
2025,KXHIGHNY-25JAN29-T41,13,0.03,187.0,12.0,156.5,930.0,100.0
2025,KXHIGHNY-25JAN29-T48,350,0.039999999999999925,24809.0,205.0,2.0,511.0,100.0
2025,KXHIGHNY-25JAN30-B32.5,55,0.01,5027.0,33.0,19.0,537.0,100.0
2025,KXHIGHNY-25JAN30-B34.5,246,0.030000000000000006,46553.0,109.0,5.0,434.0,100.0
2025,KXHIGHNY-25JAN30-B36.5,776,0.050000000000000044,48388.0,206.0,2.0,423.0,100.0
2025,KXHIGHNY-25JAN30-B38.5,715,0.050000000000000044,35677.0,205.0,2.0,422.0,100.0
2025,KXHIGHNY-25JAN30-T32,10,0.025,0.0,8.0,38.5,2321.0,100.0
2025,KXHIGHNY-25JAN30-T39,488,0.03,38453.0,222.0,2.5,424.0,100.0
2025,KXHIGHNY-25JAN31-B37.5,23,0.03,0.0,19.0,26.0,1804.0,100.0
2025,KXHIGHNY-25JAN31-B39.5,63,0.049999999999999996,2931.0,52.0,9.0,1379.0,100.0
2025,KXHIGHNY-25JAN31-B41.5,123,0.04999999999999999,6585.0,95.0,3.0,669.0,100.0
2025,KXHIGHNY-25JAN31-B43.5,244,0.03,16501.0,151.0,2.0,665.0,100.0
2025,KXHIGHNY-25JAN31-T37,15,0.04,0.0,13.0,58.0,1804.0,100.0
2025,KXHIGHNY-25JAN31-T44,273,0.03999999999999998,14080.0,177.0,2.0,507.0,100.0
2025,KXHIGHNY-25JUL01-B84.5,827,0.010000000000000009,6881.0,179.0,3.0,229.0,100.0
2025,KXHIGHNY-25JUL01-B86.5,1014,0.030000000000000027,40942.0,172.0,2.0,229.0,100.0
2025,KXHIGHNY-25JUL01-B88.5,1121,0.03999999999999998,16555.0,182.0,2.0,127.0,100.0
2025,KXHIGHNY-25JUL01-B90.5,1043,0.03,17906.0,159.0,2.0,141.0,100.0
2025,KXHIGHNY-25JUL01-T84,756,0.02,1749.0,274.0,1.0,269.0,100.0
2025,KXHIGHNY-25JUL01-T91,878,0.02,7233.0,170.0,2.0,229.0,100.0
2025,KXHIGHNY-25JUL02-B79.5,942,0.020000000000000004,4895.0,228.0,2.0,229.0,100.0
2025,KXHIGHNY-25JUL02-B81.5,1137,0.020000000000000018,26023.0,146.0,2.0,229.0,100.0
2025,KXHIGHNY-25JUL02-B83.5,1193,0.030000000000000027,17569.0,166.0,2.0,229.0,100.0
2025,KXHIGHNY-25JUL02-B85.5,1319,0.03999999999999998,21893.0,128.0,2.0,229.0,100.0
2025,KXHIGHNY-25JUL02-T79,738,0.03,1332.0,296.0,2.0,229.0,100.0
2025,KXHIGHNY-25JUL02-T86,1103,0.03,7843.0,223.0,2.0,229.0,100.0
2025,KXHIGHNY-25JUL03-B85.5,671,0.020000000000000018,8436.0,217.0,2.0,235.0,100.0
2025,KXHIGHNY-25JUL03-B87.5,1165,0.030000000000000027,20840.0,150.0,2.0,240.0,100.0
2025,KXHIGHNY-25JUL03-B89.5,1135,0.030000000000000027,20436.0,146.0,2.0,233.0,100.0
2025,KXHIGHNY-25JUL03-B91.5,958,0.020000000000000004,9139.0,173.0,2.0,233.0,100.0
2025,KXHIGHNY-25JUL03-T85,271,0.01,1328.0,197.0,4.0,289.0,100.0
2025,KXHIGHNY-25JUL03-T92,666,0.019999999999999997,3236.0,143.0,4.0,289.0,100.0
2025,KXHIGHNY-25JUL04-B82.5,1346,0.030000000000000027,17297.0,175.0,1.0,229.0,100.0
2025,KXHIGHNY-25JUL04-B84.5,1282,0.03999999999999998,15190.0,184.0,1.0,229.0,100.0
2025,KXHIGHNY-25JUL04-B86.5,1081,0.020000000000000004,4263.0,218.0,2.0,238.0,100.0
2025,KXHIGHNY-25JUL04-B88.5,783,0.03,1128.0,274.0,2.0,238.0,100.0
2025,KXHIGHNY-25JUL04-T82,1019,0.020000000000000004,32826.0,229.0,2.0,238.0,100.0
2025,KXHIGHNY-25JUL04-T89,956,0.02,1728.0,205.0,1.0,238.0,100.0
2025,KXHIGHNY-25JUL05-B82.5,1258,0.020000000000000018,32076.0,150.0,2.0,289.0,100.0
2025,KXHIGHNY-25JUL05-B84.5,1444,0.02999999999999997,34254.0,131.0,1.0,289.0,100.0
2025,KXHIGHNY-25JUL05-B86.5,1327,0.03999999999999998,15655.0,181.0,2.0,229.0,100.0
2025,KXHIGHNY-25JUL05-B88.5,1125,0.039999999999999994,4358.0,210.0,2.0,289.0,100.0
2025,KXHIGHNY-25JUL05-T82,942,0.019999999999999997,1007.0,300.0,2.0,289.0,100.0
2025,KXHIGHNY-25JUL05-T89,772,0.02,424.0,264.0,2.0,289.0,100.0
2025,KXHIGHNY-25JUL06-B86.5,1243,0.03,21369.0,244.0,2.0,106.0,100.0
2025,KXHIGHNY-25JUL06-B88.5,1183,0.030000000000000027,14083.0,221.0,2.0,169.0,100.0
2025,KXHIGHNY-25JUL06-B90.5,1124,0.03,20948.0,173.0,2.0,175.0,100.0
2025,KXHIGHNY-25JUL06-B92.5,832,0.03,596.0,296.0,2.0,239.0,100.0
2025,KXHIGHNY-25JUL06-T86,841,0.02,1339.0,319.0,2.0,239.0,100.0
2025,KXHIGHNY-25JUL06-T93,880,0.03,400.0,236.0,2.0,239.0,100.0
2025,KXHIGHNY-25JUL07-B83.5,1100,0.010000000000000009,16449.0,217.0,2.0,289.0,100.0
2025,KXHIGHNY-25JUL07-B85.5,1204,0.029999999999999916,38397.0,165.0,2.0,229.0,100.0
2025,KXHIGHNY-25JUL07-B87.5,1130,0.03,16093.0,215.0,2.0,229.0,100.0
2025,KXHIGHNY-25JUL07-B89.5,700,0.019999999999999997,2100.0,245.0,2.0,289.0,100.0
2025,KXHIGHNY-25JUL07-T83,1035,0.010000000000000009,13544.0,242.0,2.0,199.0,100.0
2025,KXHIGHNY-25JUL07-T90,581,0.02,418.0,281.0,3.0,289.0,100.0
2025,KXHIGHNY-25JUL08-B88.5,887,0.010000000000000009,8818.0,286.0,2.0,188.0,100.0
2025,KXHIGHNY-25JUL08-B90.5,905,0.019999999999999962,11330.0,251.0,2.0,188.0,100.0
2025,KXHIGHNY-25JUL08-B92.5,1176,0.04999999999999999,37961.0,195.0,2.0,188.0,100.0
2025,KXHIGHNY-25JUL08-B94.5,1080,0.039999999999999994,27367.0,200.0,2.0,188.0,100.0
2025,KXHIGHNY-25JUL08-T88,648,0.010000000000000002,3985.0,277.0,3.0,188.0,100.0
2025,KXHIGHNY-25JUL08-T95,910,0.020000000000000004,10169.0,196.0,2.0,188.0,100.0
2025,KXHIGHNY-25JUL09-B84.5,693,0.019999999999999997,3628.0,296.0,1.0,289.0,100.0
2025,KXHIGHNY-25JUL09-B86.5,981,0.03999999999999998,20588.0,160.0,2.0,289.0,100.0
2025,KXHIGHNY-25JUL09-B88.5,1037,0.04999999999999999,47360.0,175.0,2.0,289.0,100.0
2025,KXHIGHNY-25JUL09-B90.5,992,0.04000000000000001,21371.0,194.0,2.0,229.0,100.0
2025,KXHIGHNY-25JUL09-T84,479,0.01,892.0,275.0,2.0,289.0,100.0
2025,KXHIGHNY-25JUL09-T91,870,0.039999999999999994,12965.0,219.0,2.0,229.0,100.0
2025,KXHIGHNY-25JUL10-B77.5,787,0.01999999999999999,38927.0,305.0,2.0,230.0,100.0
2025,KXHIGHNY-25JUL10-B79.5,882,0.03999999999999998,42110.0,249.0,2.0,165.0,100.0
2025,KXHIGHNY-25JUL10-B81.5,941,0.04999999999999993,23724.0,240.0,2.0,229.0,100.0
2025,KXHIGHNY-25JUL10-B83.5,979,0.04999999999999999,16882.0,281.0,2.0,191.0,100.0
2025,KXHIGHNY-25JUL10-T77,626,0.02,2623.0,283.0,2.0,239.0,100.0
2025,KXHIGHNY-25JUL10-T84,927,0.04,10233.0,232.0,2.0,230.0,100.0
2025,KXHIGHNY-25JUL11-B83.5,1175,0.06,23023.0,175.0,2.0,229.0,100.0
2025,KXHIGHNY-25JUL11-B85.5,1243,0.040000000000000036,15366.0,217.0,1.0,229.0,100.0
2025,KXHIGHNY-25JUL11-B87.5,1121,0.04000000000000001,6708.0,203.0,2.0,158.0,100.0
2025,KXHIGHNY-25JUL11-B89.5,938,0.04000000000000001,2264.0,250.0,1.0,229.0,100.0
2025,KXHIGHNY-25JUL11-T83,1057,0.04000000000000001,8222.0,264.0,1.0,229.0,100.0
2025,KXHIGHNY-25JUL11-T90,932,0.03,2668.0,253.0,1.0,229.0,100.0
2025,KXHIGHNY-25JUL12-B82.5,1076,0.03999999999999998,21054.0,191.0,2.0,229.0,100.0
2025,KXHIGHNY-25JUL12-B84.5,1115,0.040000000000000036,14078.0,143.0,2.0,229.0,100.0
2025,KXHIGHNY-25JUL12-B86.5,1088,0.05,8583.0,151.0,2.0,229.0,100.0
2025,KXHIGHNY-25JUL12-B88.5,859,0.019999999999999997,2217.0,232.0,2.0,229.0,100.0
2025,KXHIGHNY-25JUL12-T82,788,0.010000000000000002,13420.0,246.0,2.0,229.0,100.0
2025,KXHIGHNY-25JUL12-T89,791,0.019999999999999997,619.0,257.0,1.0,229.0,100.0
2025,KXHIGHNY-25JUL13-B82.5,1257,0.06,16310.0,187.0,1.0,289.0,100.0
2025,KXHIGHNY-25JUL13-B84.5,1269,0.07999999999999999,12259.0,202.0,1.0,289.0,100.0
2025,KXHIGHNY-25JUL13-B86.5,1002,0.06,7066.0,278.0,1.0,289.0,100.0
2025,KXHIGHNY-25JUL13-B88.5,628,0.03,76.0,199.0,3.0,289.0,100.0
2025,KXHIGHNY-25JUL13-T82,1191,0.06,38170.0,204.0,2.0,289.0,100.0
2025,KXHIGHNY-25JUL13-T89,583,0.04,20.0,226.0,3.0,289.0,100.0
2025,KXHIGHNY-25JUL14-B82.5,991,0.020000000000000018,14383.0,255.0,2.0,289.0,100.0
2025,KXHIGHNY-25JUL14-B84.5,1225,0.040000000000000036,21362.0,207.0,2.0,269.0,100.0
2025,KXHIGHNY-25JUL14-B86.5,1082,0.050000000000000044,16704.0,177.0,2.0,289.0,100.0
2025,KXHIGHNY-25JUL14-B88.5,837,0.030000000000000002,8654.0,239.0,2.0,289.0,100.0
2025,KXHIGHNY-25JUL14-T82,807,0.02000000000000001,4504.0,275.0,2.0,289.0,100.0
2025,KXHIGHNY-25JUL14-T89,796,0.03,870.0,245.0,2.0,289.0,100.0
2025,KXHIGHNY-25JUL15-B82.5,815,0.04999999999999999,8131.0,162.0,3.0,223.0,100.0
2025,KXHIGHNY-25JUL15-B84.5,1180,0.07999999999999996,16784.0,130.0,2.0,229.0,100.0
2025,KXHIGHNY-25JUL15-B86.5,1159,0.06,14470.0,191.0,2.0,229.0,100.0
2025,KXHIGHNY-25JUL15-B88.5,955,0.06,3385.0,200.0,2.0,229.0,100.0
2025,KXHIGHNY-25JUL15-T82,654,0.03,3383.0,238.0,2.5,229.0,100.0
2025,KXHIGHNY-25JUL15-T89,885,0.04,688.0,254.0,2.0,229.0,100.0
2025,KXHIGHNY-25JUL16-B86.5,1211,0.040000000000000036,24150.0,159.0,2.0,229.0,100.0
2025,KXHIGHNY-25JUL16-B88.5,1229,0.04999999999999999,20321.0,153.0,2.0,229.0,100.0
2025,KXHIGHNY-25JUL16-B90.5,1151,0.04999999999999999,11907.0,165.0,2.0,181.0,100.0
2025,KXHIGHNY-25JUL16-B92.5,976,0.019999999999999997,5171.0,194.0,2.0,229.0,100.0
2025,KXHIGHNY-25JUL16-T86,756,0.019999999999999997,3358.0,236.0,2.0,229.0,100.0
2025,KXHIGHNY-25JUL16-T93,872,0.019999999999999997,888.0,239.0,2.0,229.0,100.0
2025,KXHIGHNY-25JUL17-B87.5,985,0.049999999999999996,29775.0,231.0,2.0,181.0,100.0
2025,KXHIGHNY-25JUL17-B89.5,1180,0.05000000000000002,30443.0,221.0,2.0,251.0,100.0
2025,KXHIGHNY-25JUL17-B91.5,1209,0.040000000000000036,30082.0,201.0,2.0,229.0,100.0
2025,KXHIGHNY-25JUL17-B93.5,1111,0.030000000000000027,8832.0,207.0,2.0,229.0,100.0
2025,KXHIGHNY-25JUL17-T87,564,0.01,11047.0,245.0,3.0,289.0,100.0
2025,KXHIGHNY-25JUL17-T94,875,0.01999999999999999,3328.0,271.0,2.0,289.0,100.0
2025,KXHIGHNY-25JUL18-B81.5,1332,0.050000000000000044,34469.0,260.0,1.0,229.0,100.0
2025,KXHIGHNY-25JUL18-B83.5,1492,0.06,26634.0,192.0,1.0,229.0,100.0
2025,KXHIGHNY-25JUL18-B85.5,1395,0.04000000000000001,16809.0,220.0,1.0,229.0,100.0
2025,KXHIGHNY-25JUL18-B87.5,1133,0.04,8699.0,356.0,1.0,229.0,100.0
2025,KXHIGHNY-25JUL18-T81,812,0.019999999999999997,11235.0,357.0,2.0,229.0,100.0
2025,KXHIGHNY-25JUL18-T88,880,0.02,993.0,401.0,2.0,229.0,100.0
2025,KXHIGHNY-25JUL19-B79.5,959,0.01999999999999999,25242.0,213.0,2.0,289.0,100.0
2025,KXHIGHNY-25JUL19-B81.5,1026,0.020000000000000018,18420.0,216.0,2.0,289.0,100.0
2025,KXHIGHNY-25JUL19-B83.5,1075,0.02999999999999997,8196.0,229.0,2.0,289.0,100.0
2025,KXHIGHNY-25JUL19-B85.5,1096,0.020000000000000004,4256.0,219.0,2.0,289.0,100.0
2025,KXHIGHNY-25JUL19-T79,787,0.020000000000000004,6225.0,247.0,2.0,289.0,100.0
2025,KXHIGHNY-25JUL19-T86,898,0.03,632.0,226.0,2.0,289.0,100.0
2025,KXHIGHNY-25JUL20-B87.5,1318,0.03999999999999998,19286.0,244.0,1.0,289.0,100.0
2025,KXHIGHNY-25JUL20-B89.5,1299,0.03999999999999998,17707.0,191.0,1.0,289.0,100.0
2025,KXHIGHNY-25JUL20-B91.5,1047,0.03,5188.0,263.0,2.0,289.0,100.0
2025,KXHIGHNY-25JUL20-B93.5,903,0.019999999999999997,866.0,285.0,2.0,289.0,100.0
2025,KXHIGHNY-25JUL20-T87,1175,0.03,11329.0,248.0,1.0,195.0,100.0
2025,KXHIGHNY-25JUL20-T94,617,0.02,432.0,315.0,3.0,289.0,100.0
2025,KXHIGHNY-25JUL21-B80.5,934,0.010000000000000009,3746.0,300.0,2.0,198.0,100.0
2025,KXHIGHNY-25JUL21-B82.5,1079,0.020000000000000018,23912.0,258.0,2.0,196.0,100.0
2025,KXHIGHNY-25JUL21-B84.5,1172,0.03999999999999998,21129.0,236.0,1.0,229.0,100.0
2025,KXHIGHNY-25JUL21-B86.5,1017,0.04000000000000001,19110.0,221.0,2.0,229.0,100.0
2025,KXHIGHNY-25JUL21-T80,587,0.01,711.0,303.0,2.0,229.0,100.0
2025,KXHIGHNY-25JUL21-T87,794,0.03,3689.0,254.0,2.0,229.0,100.0
2025,KXHIGHNY-25JUL22-B78.5,1154,0.030000000000000027,45590.0,192.0,1.0,193.0,100.0
2025,KXHIGHNY-25JUL22-B80.5,1156,0.03999999999999998,20060.0,204.0,2.0,193.0,100.0
2025,KXHIGHNY-25JUL22-B82.5,1158,0.03999999999999998,24232.0,146.0,2.0,229.0,100.0
2025,KXHIGHNY-25JUL22-B84.5,661,0.04,4777.0,255.0,2.0,289.0,100.0
2025,KXHIGHNY-25JUL22-T78,912,0.020000000000000018,13425.0,197.0,2.0,289.0,100.0
2025,KXHIGHNY-25JUL22-T85,719,0.04,1845.0,236.0,2.0,289.0,100.0
2025,KXHIGHNY-25JUL23-B84.5,1179,0.02999999999999997,9683.0,232.0,1.0,229.0,100.0
2025,KXHIGHNY-25JUL23-B86.5,982,0.020000000000000018,2519.0,288.0,2.0,229.0,100.0
2025,KXHIGHNY-25JUL23-B88.5,873,0.020000000000000004,1212.0,280.0,2.0,229.0,100.0
2025,KXHIGHNY-25JUL23-B90.5,854,0.04,102.0,236.0,3.0,229.0,100.0
2025,KXHIGHNY-25JUL23-T84,1347,0.029999999999999916,28591.0,187.0,1.0,229.0,100.0
2025,KXHIGHNY-25JUL23-T91,362,0.04,0.0,117.0,5.0,229.0,100.0
2025,KXHIGHNY-25JUL24-B86.5,1083,0.030000000000000027,28140.0,256.0,1.5,244.0,100.0
2025,KXHIGHNY-25JUL24-B88.5,1053,0.03999999999999998,14412.0,229.0,2.0,289.0,100.0
2025,KXHIGHNY-25JUL24-B90.5,804,0.03,7323.0,286.0,2.0,289.0,100.0
2025,KXHIGHNY-25JUL24-B92.5,610,0.04,224.0,226.0,3.0,289.0,100.0
2025,KXHIGHNY-25JUL24-T86,867,0.02999999999999997,17606.0,211.0,2.0,275.0,100.0
2025,KXHIGHNY-25JUL24-T93,589,0.04,83.0,226.0,2.5,289.0,100.0
2025,KXHIGHNY-25JUL25-B100.5,573,0.02,2818.0,227.0,2.0,289.0,100.0
2025,KXHIGHNY-25JUL25-B94.5,999,0.039999999999999925,35337.0,192.0,2.0,289.0,100.0
2025,KXHIGHNY-25JUL25-B96.5,946,0.03999999999999998,21057.0,202.0,2.0,289.0,100.0
2025,KXHIGHNY-25JUL25-B98.5,689,0.02,12373.0,211.0,2.0,289.0,100.0
2025,KXHIGHNY-25JUL25-T101,382,0.01,84.0,155.0,4.0,289.0,100.0
2025,KXHIGHNY-25JUL25-T94,900,0.03999999999999998,24219.0,205.0,2.0,289.0,100.0
2025,KXHIGHNY-25JUL26-B83.5,1154,0.030000000000000027,24175.0,134.0,3.0,229.0,100.0
2025,KXHIGHNY-25JUL26-B85.5,1063,0.040000000000000036,24296.0,194.0,3.0,229.0,100.0
2025,KXHIGHNY-25JUL26-B87.5,905,0.039999999999999994,8521.0,176.0,3.0,229.0,100.0
2025,KXHIGHNY-25JUL26-B89.5,764,0.02,1880.0,173.0,3.0,229.0,100.0
2025,KXHIGHNY-25JUL26-T83,518,0.019999999999999997,4139.0,217.0,3.0,229.0,100.0
2025,KXHIGHNY-25JUL26-T90,661,0.03,180.0,159.0,3.0,229.0,100.0
2025,KXHIGHNY-25JUL27-B77.5,985,0.02,6652.0,332.0,2.0,172.0,100.0
2025,KXHIGHNY-25JUL27-B79.5,1380,0.03,17445.0,249.0,1.0,229.0,100.0
2025,KXHIGHNY-25JUL27-B81.5,1490,0.030000000000000027,24663.0,230.0,1.0,229.0,100.0
2025,KXHIGHNY-25JUL27-B83.5,1321,0.04000000000000001,29330.0,242.0,1.0,181.0,100.0
2025,KXHIGHNY-25JUL27-T77,748,0.03,568.0,342.0,2.0,181.0,100.0
2025,KXHIGHNY-25JUL27-T84,1057,0.049999999999999996,18017.0,323.0,2.0,181.0,100.0
2025,KXHIGHNY-25JUL28-B90.5,827,0.020000000000000004,10018.0,246.0,2.0,256.0,100.0
2025,KXHIGHNY-25JUL28-B92.5,1378,0.03999999999999998,41751.0,330.0,1.0,232.0,100.0
2025,KXHIGHNY-25JUL28-B94.5,1111,0.03999999999999998,30639.0,251.0,1.0,289.0,100.0
2025,KXHIGHNY-25JUL28-B96.5,764,0.039999999999999994,17852.0,232.0,2.0,157.0,100.0
2025,KXHIGHNY-25JUL28-T90,533,0.01,427.0,252.0,2.5,157.0,100.0
2025,KXHIGHNY-25JUL28-T97,567,0.04,3841.0,241.0,2.0,161.0,100.0
2025,KXHIGHNY-25JUL29-B93.5,546,0.019999999999999997,7398.0,224.0,3.0,279.0,100.0
2025,KXHIGHNY-25JUL29-B95.5,1048,0.03,19663.0,304.0,1.0,279.0,100.0
2025,KXHIGHNY-25JUL29-B97.5,1207,0.02999999999999997,32501.0,340.0,1.0,279.0,100.0
2025,KXHIGHNY-25JUL29-B99.5,871,0.020000000000000018,19738.0,265.0,2.0,252.0,100.0
2025,KXHIGHNY-25JUL29-T100,751,0.03,6794.0,261.0,2.0,278.0,100.0
2025,KXHIGHNY-25JUL29-T93,362,0.01,895.0,199.0,3.0,279.0,100.0
2025,KXHIGHNY-25JUL30-B93.5,836,0.03,11713.0,240.0,1.5,144.0,100.0
2025,KXHIGHNY-25JUL30-B95.5,1182,0.029999999999999916,23696.0,277.0,1.0,181.0,100.0
2025,KXHIGHNY-25JUL30-B97.5,824,0.039999999999999994,9955.0,257.0,2.0,226.0,100.0
2025,KXHIGHNY-25JUL30-B99.5,677,0.03,2802.0,274.0,2.0,226.0,100.0
2025,KXHIGHNY-25JUL30-T100,439,0.01,211.0,213.0,3.0,235.0,100.0
2025,KXHIGHNY-25JUL30-T93,578,0.01,1644.0,273.0,3.0,201.0,100.0
2025,KXHIGHNY-25JUL31-B82.5,1098,0.03999999999999998,17763.0,285.0,1.0,231.0,100.0
2025,KXHIGHNY-25JUL31-B84.5,1109,0.030000000000000027,23815.0,280.0,1.0,229.0,100.0
2025,KXHIGHNY-25JUL31-B86.5,943,0.04,43662.0,239.0,2.0,231.0,100.0
2025,KXHIGHNY-25JUL31-B88.5,690,0.05,35280.0,161.0,3.0,231.0,100.0
2025,KXHIGHNY-25JUL31-T82,865,0.015,7380.0,203.0,2.0,229.0,100.0
2025,KXHIGHNY-25JUL31-T89,737,0.02,26694.0,193.0,2.0,231.0,100.0
2025,KXHIGHNY-25JUN01-B66.5,910,0.04999999999999999,18706.0,210.0,2.0,229.0,100.0
2025,KXHIGHNY-25JUN01-B68.5,880,0.03999999999999998,11930.0,186.0,2.0,229.0,100.0
2025,KXHIGHNY-25JUN01-B70.5,745,0.039999999999999994,3548.0,211.0,2.0,229.0,100.0
2025,KXHIGHNY-25JUN01-B72.5,640,0.04,543.0,172.0,3.0,229.0,100.0
2025,KXHIGHNY-25JUN01-T66,822,0.04999999999999999,46682.0,206.0,2.0,289.0,100.0
2025,KXHIGHNY-25JUN01-T73,690,0.03,817.0,198.0,2.0,229.0,100.0
2025,KXHIGHNY-25JUN02-B72.5,949,0.04999999999999999,14777.0,163.0,2.0,229.0,100.0
2025,KXHIGHNY-25JUN02-B74.5,911,0.03999999999999998,11774.0,163.0,2.0,229.0,100.0
2025,KXHIGHNY-25JUN02-B76.5,910,0.039999999999999994,5325.0,189.0,2.0,229.0,100.0
2025,KXHIGHNY-25JUN02-B78.5,751,0.03,1494.0,220.0,2.0,229.0,100.0
2025,KXHIGHNY-25JUN02-T72,1065,0.04000000000000001,35537.0,160.0,2.0,229.0,100.0
2025,KXHIGHNY-25JUN02-T79,809,0.04,464.0,161.0,2.0,229.0,100.0
2025,KXHIGHNY-25JUN03-B78.5,978,0.050000000000000044,11938.0,218.0,2.0,229.0,100.0
2025,KXHIGHNY-25JUN03-B80.5,954,0.050000000000000044,27475.0,248.0,2.0,162.0,100.0
2025,KXHIGHNY-25JUN03-B82.5,859,0.04999999999999999,6681.0,242.0,2.0,229.0,100.0
2025,KXHIGHNY-25JUN03-B84.5,669,0.030000000000000002,376.0,268.0,2.0,229.0,100.0
2025,KXHIGHNY-25JUN03-T78,634,0.05,27111.0,254.0,2.0,229.0,100.0
2025,KXHIGHNY-25JUN03-T85,697,0.04,346.0,251.0,2.0,229.0,100.0
2025,KXHIGHNY-25JUN04-B82.5,1013,0.04999999999999999,14835.0,239.0,1.0,284.0,100.0
2025,KXHIGHNY-25JUN04-B84.5,982,0.04999999999999999,12307.0,205.0,2.0,289.0,100.0
2025,KXHIGHNY-25JUN04-B86.5,840,0.03,7164.0,238.0,2.0,188.0,100.0
2025,KXHIGHNY-25JUN04-B88.5,548,0.04,259.0,249.0,2.0,289.0,100.0
2025,KXHIGHNY-25JUN04-T82,680,0.04000000000000001,7579.0,269.0,2.0,289.0,100.0
2025,KXHIGHNY-25JUN04-T89,566,0.03,142.0,246.0,2.0,289.0,100.0
2025,KXHIGHNY-25JUN05-B84.5,814,0.020000000000000004,9795.0,311.0,2.0,245.0,100.0
2025,KXHIGHNY-25JUN05-B86.5,1020,0.04999999999999999,31619.0,263.0,2.0,245.0,100.0
2025,KXHIGHNY-25JUN05-B88.5,997,0.040000000000000036,16112.0,264.0,2.0,245.0,100.0
2025,KXHIGHNY-25JUN05-B90.5,893,0.05,10091.0,283.0,2.0,196.0,100.0
2025,KXHIGHNY-25JUN05-T84,644,0.01,4992.0,296.0,2.0,245.0,100.0
2025,KXHIGHNY-25JUN05-T91,826,0.04999999999999999,3848.0,314.0,2.0,140.0,100.0
2025,KXHIGHNY-25JUN06-B81.5,723,0.03999999999999998,5974.0,323.0,2.0,144.0,100.0
2025,KXHIGHNY-25JUN06-B83.5,979,0.04999999999999999,18926.0,288.0,2.0,186.0,100.0
2025,KXHIGHNY-25JUN06-B85.5,948,0.040000000000000036,20064.0,273.0,2.0,186.0,100.0
2025,KXHIGHNY-25JUN06-B87.5,1072,0.03,9900.0,238.0,3.0,186.0,100.0
2025,KXHIGHNY-25JUN06-T81,554,0.02,1207.0,317.0,3.0,186.0,100.0
2025,KXHIGHNY-25JUN06-T88,759,0.019999999999999997,3360.0,294.0,3.0,186.0,100.0
2025,KXHIGHNY-25JUN07-B77.5,1312,0.05000000000000002,9520.0,229.0,2.0,229.0,100.0
2025,KXHIGHNY-25JUN07-B79.5,1044,0.03999999999999998,2912.0,305.0,2.0,229.0,100.0
2025,KXHIGHNY-25JUN07-B81.5,814,0.01,1383.0,349.0,2.0,229.0,100.0
2025,KXHIGHNY-25JUN07-B83.5,682,0.02,191.0,322.0,3.0,229.0,100.0
2025,KXHIGHNY-25JUN07-T77,1248,0.04999999999999999,21760.0,251.0,2.0,229.0,100.0
2025,KXHIGHNY-25JUN07-T84,627,0.01,393.0,306.0,3.0,289.0,100.0
2025,KXHIGHNY-25JUN08-B74.5,871,0.03999999999999998,10431.0,209.0,2.0,289.0,100.0
2025,KXHIGHNY-25JUN08-B76.5,913,0.04999999999999999,8830.0,199.0,2.0,289.0,100.0
2025,KXHIGHNY-25JUN08-B78.5,846,0.05,2124.0,194.0,2.0,289.0,100.0
2025,KXHIGHNY-25JUN08-B80.5,636,0.03,523.0,179.0,3.0,289.0,100.0
2025,KXHIGHNY-25JUN08-T74,832,0.040000000000000036,27841.0,209.0,2.0,278.0,100.0
2025,KXHIGHNY-25JUN08-T81,505,0.03,1208.0,167.0,5.0,289.0,100.0
2025,KXHIGHNY-25JUN09-B69.5,915,0.040000000000000036,5429.0,223.0,2.0,216.0,100.0
2025,KXHIGHNY-25JUN09-B71.5,716,0.039999999999999994,1328.0,244.0,2.0,229.0,100.0
2025,KXHIGHNY-25JUN09-B73.5,596,0.04,296.0,228.0,3.0,229.0,100.0
2025,KXHIGHNY-25JUN09-B75.5,533,0.04,457.0,215.0,3.0,229.0,100.0
2025,KXHIGHNY-25JUN09-T69,805,0.04999999999999993,9743.0,273.0,2.0,229.0,100.0
2025,KXHIGHNY-25JUN09-T76,399,0.019999999999999997,405.0,217.0,3.0,229.0,100.0
2025,KXHIGHNY-25JUN10-B75.5,1411,0.04999999999999999,17996.0,188.0,1.0,144.0,100.0
2025,KXHIGHNY-25JUN10-B77.5,1251,0.04999999999999999,12772.0,222.0,1.0,144.0,100.0
2025,KXHIGHNY-25JUN10-B79.5,1058,0.020000000000000004,4168.0,270.0,2.0,289.0,100.0
2025,KXHIGHNY-25JUN10-B81.5,683,0.02,206.0,304.0,2.0,289.0,100.0
2025,KXHIGHNY-25JUN10-T75,1281,0.040000000000000036,30227.0,268.0,1.5,229.0,100.0
2025,KXHIGHNY-25JUN10-T82,852,0.01,684.0,269.0,2.0,289.0,100.0
2025,KXHIGHNY-25JUN11-B82.5,1010,0.04999999999999999,14363.0,224.0,2.0,231.0,100.0
2025,KXHIGHNY-25JUN11-B84.5,965,0.030000000000000027,6947.0,219.0,2.0,226.0,100.0
2025,KXHIGHNY-25JUN11-B86.5,893,0.04,3171.0,243.0,3.0,226.0,100.0
2025,KXHIGHNY-25JUN11-B88.5,597,0.03,350.0,210.0,3.0,231.0,100.0
2025,KXHIGHNY-25JUN11-T82,962,0.05000000000000002,26255.0,235.0,2.0,232.0,100.0
2025,KXHIGHNY-25JUN11-T89,668,0.02,100.0,171.0,3.0,230.0,100.0
2025,KXHIGHNY-25JUN12-B85.5,1013,0.07999999999999999,41492.0,152.0,2.0,228.0,100.0
2025,KXHIGHNY-25JUN12-B87.5,1092,0.08000000000000002,21888.0,147.0,2.0,156.0,100.0
2025,KXHIGHNY-25JUN12-B89.5,1065,0.07499999999999998,27534.0,149.0,2.0,161.0,100.0
2025,KXHIGHNY-25JUN12-B91.5,815,0.04,9682.0,171.0,3.0,229.0,100.0
2025,KXHIGHNY-25JUN12-T85,715,0.020000000000000004,5957.0,205.0,2.0,227.0,100.0
2025,KXHIGHNY-25JUN12-T92,722,0.01,4575.0,209.0,2.0,153.0,100.0
2025,KXHIGHNY-25JUN13-B76.5,916,0.030000000000000027,14222.0,171.0,3.0,239.0,100.0
2025,KXHIGHNY-25JUN13-B78.5,974,0.04999999999999999,13572.0,152.0,2.0,239.0,100.0
2025,KXHIGHNY-25JUN13-B80.5,938,0.05,8619.0,174.0,2.0,239.0,100.0
2025,KXHIGHNY-25JUN13-B82.5,711,0.030000000000000002,5907.0,179.0,2.0,239.0,100.0
2025,KXHIGHNY-25JUN13-T76,692,0.02,2968.0,244.0,2.0,171.0,100.0
2025,KXHIGHNY-25JUN13-T83,700,0.02,1534.0,175.0,2.0,239.0,100.0
2025,KXHIGHNY-25JUN14-B65.5,568,0.039999999999999994,5978.0,253.0,3.0,289.0,100.0
2025,KXHIGHNY-25JUN14-B67.5,657,0.04999999999999999,9479.0,211.0,2.0,207.0,100.0
2025,KXHIGHNY-25JUN14-B69.5,674,0.06,6319.0,218.0,3.0,213.0,100.0
2025,KXHIGHNY-25JUN14-B71.5,574,0.05,2240.0,228.0,3.0,289.0,100.0
2025,KXHIGHNY-25JUN14-T65,441,0.06999999999999999,5323.0,234.0,3.0,289.0,100.0
2025,KXHIGHNY-25JUN14-T72,412,0.03,530.0,235.0,3.0,289.0,100.0
2025,KXHIGHNY-25JUN15-B64.5,1129,0.04000000000000001,10415.0,224.0,2.0,228.0,100.0
2025,KXHIGHNY-25JUN15-B66.5,1071,0.04000000000000001,9782.0,224.0,2.0,227.0,100.0
2025,KXHIGHNY-25JUN15-B68.5,903,0.019999999999999997,1281.0,274.0,2.0,229.0,100.0
2025,KXHIGHNY-25JUN15-B70.5,695,0.035,236.0,314.0,2.0,171.0,100.0
2025,KXHIGHNY-25JUN15-T64,1010,0.040000000000000036,24701.0,243.0,2.0,227.0,100.0
2025,KXHIGHNY-25JUN15-T71,716,0.01,310.0,219.0,2.0,172.0,100.0
2025,KXHIGHNY-25JUN16-B66.5,939,0.040000000000000036,15264.0,203.0,2.0,289.0,100.0
2025,KXHIGHNY-25JUN16-B68.5,998,0.04999999999999999,17882.0,172.0,2.0,289.0,100.0
2025,KXHIGHNY-25JUN16-B70.5,858,0.05,9099.0,198.0,2.0,289.0,100.0
2025,KXHIGHNY-25JUN16-B72.5,755,0.03,1515.0,197.0,2.0,289.0,100.0
2025,KXHIGHNY-25JUN16-T66,764,0.04000000000000001,9528.0,222.0,2.0,289.0,100.0
2025,KXHIGHNY-25JUN16-T73,584,0.01,265.0,189.0,2.0,289.0,100.0
2025,KXHIGHNY-25JUN17-B69.5,1252,0.03999999999999998,10886.0,247.0,2.0,188.0,100.0
2025,KXHIGHNY-25JUN17-B71.5,1086,0.030000000000000027,6001.0,201.0,2.0,289.0,100.0
2025,KXHIGHNY-25JUN17-B73.5,982,0.03,8664.0,231.0,2.0,229.0,100.0
2025,KXHIGHNY-25JUN17-B75.5,797,0.02,1321.0,223.0,3.0,229.0,100.0
2025,KXHIGHNY-25JUN17-T69,1234,0.039999999999999994,11235.0,264.0,2.0,197.0,100.0
2025,KXHIGHNY-25JUN17-T76,898,0.019999999999999997,649.0,198.0,2.0,288.0,100.0
2025,KXHIGHNY-25JUN18-B77.5,946,0.03999999999999998,10899.0,274.0,2.0,227.0,100.0
2025,KXHIGHNY-25JUN18-B79.5,983,0.04999999999999999,9634.0,272.0,2.0,127.0,100.0
2025,KXHIGHNY-25JUN18-B81.5,1033,0.04000000000000001,26071.0,247.0,2.0,228.0,100.0
2025,KXHIGHNY-25JUN18-B83.5,929,0.030000000000000006,14850.0,283.0,2.0,228.0,100.0
2025,KXHIGHNY-25JUN18-T77,754,0.03,8512.0,301.0,3.0,228.0,100.0
2025,KXHIGHNY-25JUN18-T84,1005,0.020000000000000004,8345.0,293.0,2.0,228.0,100.0
2025,KXHIGHNY-25JUN19-B87.5,917,0.03,13938.0,232.0,2.0,239.0,100.0
2025,KXHIGHNY-25JUN19-B89.5,939,0.03999999999999998,16230.0,243.0,2.0,239.0,100.0
2025,KXHIGHNY-25JUN19-B91.5,889,0.040000000000000036,17751.0,243.0,2.0,187.0,100.0
2025,KXHIGHNY-25JUN19-B93.5,754,0.039999999999999994,6626.0,294.0,2.0,239.0,100.0
2025,KXHIGHNY-25JUN19-T87,680,0.019999999999999997,5353.0,318.0,3.0,239.0,100.0
2025,KXHIGHNY-25JUN19-T94,775,0.019999999999999997,1550.0,258.0,3.0,239.0,100.0
2025,KXHIGHNY-25JUN20-B81.5,972,0.040000000000000036,11893.0,194.0,3.0,229.0,100.0
2025,KXHIGHNY-25JUN20-B83.5,982,0.040000000000000036,11449.0,256.0,2.0,170.0,100.0
2025,KXHIGHNY-25JUN20-B85.5,876,0.039999999999999994,8210.0,268.0,2.0,153.0,100.0
2025,KXHIGHNY-25JUN20-B87.5,861,0.03,1455.0,201.0,3.0,229.0,100.0
2025,KXHIGHNY-25JUN20-T81,734,0.010000000000000002,6850.0,226.0,2.0,229.0,100.0
2025,KXHIGHNY-25JUN20-T88,661,0.019999999999999997,447.0,246.0,3.0,229.0,100.0
2025,KXHIGHNY-25JUN21-B86.5,1076,0.040000000000000036,11229.0,232.0,2.0,229.0,100.0
2025,KXHIGHNY-25JUN21-B88.5,1105,0.04999999999999999,9618.0,230.0,2.0,229.0,100.0
2025,KXHIGHNY-25JUN21-B90.5,925,0.04999999999999999,1804.0,244.0,2.0,229.0,100.0
2025,KXHIGHNY-25JUN21-B92.5,836,0.019999999999999997,216.0,232.0,2.0,229.0,100.0
2025,KXHIGHNY-25JUN21-T86,874,0.020000000000000018,17860.0,249.0,2.0,229.0,100.0
2025,KXHIGHNY-25JUN21-T93,760,0.03,459.0,228.0,2.0,229.0,100.0
2025,KXHIGHNY-25JUN22-B93.5,973,0.03999999999999998,10529.0,244.0,2.0,289.0,100.0
2025,KXHIGHNY-25JUN22-B95.5,944,0.03,4899.0,259.0,2.0,169.0,100.0
2025,KXHIGHNY-25JUN22-B97.5,891,0.03,1508.0,277.0,2.0,170.0,100.0
2025,KXHIGHNY-25JUN22-B99.5,811,0.02,147.0,275.0,3.0,289.0,100.0
2025,KXHIGHNY-25JUN22-T100,589,0.01,162.0,269.0,2.0,289.0,100.0
2025,KXHIGHNY-25JUN22-T93,846,0.039999999999999994,26139.0,244.0,3.0,199.0,100.0
2025,KXHIGHNY-25JUN23-B100.5,829,0.04,4627.0,250.0,3.0,233.0,100.0
2025,KXHIGHNY-25JUN23-B94.5,973,0.04999999999999999,21881.0,262.0,2.0,229.0,100.0
2025,KXHIGHNY-25JUN23-B96.5,946,0.04999999999999999,27595.0,227.0,3.0,289.0,100.0
2025,KXHIGHNY-25JUN23-B98.5,868,0.05,21057.0,253.0,3.0,289.0,100.0
2025,KXHIGHNY-25JUN23-T101,628,0.01,758.0,280.0,3.0,289.0,100.0
2025,KXHIGHNY-25JUN23-T94,768,0.030000000000000002,15322.0,296.0,3.0,229.0,100.0
2025,KXHIGHNY-25JUN24-B100.5,990,0.04999999999999999,29502.0,162.0,2.0,229.0,100.0
2025,KXHIGHNY-25JUN24-B102.5,840,0.06,6584.0,194.0,2.0,289.0,100.0
2025,KXHIGHNY-25JUN24-B104.5,676,0.019999999999999997,932.0,202.0,2.0,229.0,100.0
2025,KXHIGHNY-25JUN24-B98.5,973,0.040000000000000036,25853.0,176.0,2.0,229.0,100.0
2025,KXHIGHNY-25JUN24-T105,668,0.02,571.0,187.0,2.0,229.0,100.0
2025,KXHIGHNY-25JUN24-T98,792,0.03,28340.0,217.0,2.0,229.0,100.0
2025,KXHIGHNY-25JUN25-B90.5,611,0.010000000000000002,1017.0,221.0,3.0,229.0,100.0
2025,KXHIGHNY-25JUN25-B92.5,820,0.020000000000000004,10332.0,219.0,2.0,229.0,100.0
2025,KXHIGHNY-25JUN25-B94.5,907,0.020000000000000018,47003.0,188.0,2.0,229.0,100.0
2025,KXHIGHNY-25JUN25-B96.5,1008,0.030000000000000027,27436.0,164.0,2.0,229.0,100.0
2025,KXHIGHNY-25JUN25-T90,389,0.01,491.0,223.0,3.0,289.0,100.0
2025,KXHIGHNY-25JUN25-T97,974,0.04,32443.0,159.0,2.0,229.0,100.0
2025,KXHIGHNY-25JUN26-B83.5,854,0.03999999999999998,49614.0,225.0,2.0,160.0,100.0
2025,KXHIGHNY-25JUN26-B85.5,956,0.04999999999999999,245198.0,207.0,2.0,221.0,100.0
2025,KXHIGHNY-25JUN26-B87.5,762,0.030000000000000002,8249.0,228.0,2.0,221.0,100.0
2025,KXHIGHNY-25JUN26-B89.5,408,0.02,3062.0,236.0,3.0,289.0,100.0
2025,KXHIGHNY-25JUN26-T83,659,0.05,65990.0,233.0,2.0,289.0,100.0
2025,KXHIGHNY-25JUN26-T90,420,0.01,724.0,214.0,3.0,289.0,100.0
2025,KXHIGHNY-25JUN27-B67.5,995,0.03,5085.0,300.0,2.0,177.0,100.0
2025,KXHIGHNY-25JUN27-B69.5,1200,0.03,13104.0,232.0,1.5,173.0,100.0
2025,KXHIGHNY-25JUN27-B71.5,1341,0.04000000000000001,29435.0,172.0,1.0,157.0,100.0
2025,KXHIGHNY-25JUN27-B73.5,1326,0.040000000000000036,26719.0,146.0,2.0,229.0,100.0
2025,KXHIGHNY-25JUN27-T67,890,0.02,259.0,302.0,2.0,177.0,100.0
2025,KXHIGHNY-25JUN27-T74,1290,0.04000000000000001,21904.0,179.0,2.0,175.0,100.0
2025,KXHIGHNY-25JUN28-B82.5,1197,0.03999999999999998,16218.0,209.0,1.0,289.0,100.0
2025,KXHIGHNY-25JUN28-B84.5,1247,0.04999999999999999,17358.0,190.0,2.0,289.0,100.0
2025,KXHIGHNY-25JUN28-B86.5,1140,0.03,10641.0,244.0,2.0,229.0,100.0
2025,KXHIGHNY-25JUN28-B88.5,887,0.04,1236.0,314.0,2.0,289.0,100.0
2025,KXHIGHNY-25JUN28-T82,1069,0.03,46466.0,280.0,1.0,289.0,100.0
2025,KXHIGHNY-25JUN28-T89,805,0.03,42.0,258.0,2.0,289.0,100.0
2025,KXHIGHNY-25JUN29-B88.5,1341,0.040000000000000036,30160.0,121.0,2.0,289.0,100.0
2025,KXHIGHNY-25JUN29-B90.5,1199,0.03,27992.0,176.0,2.0,289.0,100.0
2025,KXHIGHNY-25JUN29-B92.5,1131,0.039999999999999994,5066.0,239.0,2.0,289.0,100.0
2025,KXHIGHNY-25JUN29-B94.5,959,0.04,455.0,311.0,2.0,289.0,100.0
2025,KXHIGHNY-25JUN29-T88,1282,0.029999999999999916,38373.0,170.0,2.0,235.0,100.0
2025,KXHIGHNY-25JUN29-T95,732,0.04,774.0,290.0,2.0,289.0,100.0
2025,KXHIGHNY-25JUN30-B86.5,1096,0.020000000000000018,11880.0,210.0,2.0,276.0,100.0
2025,KXHIGHNY-25JUN30-B88.5,1136,0.030000000000000027,34040.0,179.0,2.0,193.0,100.0
2025,KXHIGHNY-25JUN30-B90.5,1038,0.030000000000000013,29268.0,191.0,2.0,229.0,100.0
2025,KXHIGHNY-25JUN30-B92.5,882,0.04,4577.0,197.0,2.0,289.0,100.0
2025,KXHIGHNY-25JUN30-T86,913,0.020000000000000018,11775.0,244.0,2.0,289.0,100.0
2025,KXHIGHNY-25JUN30-T93,577,0.03,1546.0,201.0,3.0,289.0,100.0
2025,KXHIGHNY-25MAR01-B51.5,68,0.02,766.0,45.0,6.0,1572.0,100.0
2025,KXHIGHNY-25MAR01-B53.5,232,0.030000000000000006,3688.0,135.0,2.0,1168.0,100.0
2025,KXHIGHNY-25MAR01-B55.5,476,0.04999999999999999,9169.0,165.0,2.0,1340.0,100.0
2025,KXHIGHNY-25MAR01-B57.5,623,0.030000000000000027,19338.0,181.0,2.0,846.0,100.0
2025,KXHIGHNY-25MAR01-T51,41,0.04,1904.0,26.0,8.0,1583.0,100.0
2025,KXHIGHNY-25MAR01-T58,584,0.04000000000000001,38600.0,175.0,2.0,925.0,100.0
2025,KXHIGHNY-25MAR02-B27.5,20,0.04,25.0,19.0,11.0,1083.0,100.0
2025,KXHIGHNY-25MAR02-B29.5,247,0.03,14510.0,114.0,3.0,1083.0,100.0
2025,KXHIGHNY-25MAR02-B31.5,495,0.05000000000000002,22999.0,204.0,2.0,556.0,100.0
2025,KXHIGHNY-25MAR02-B33.5,732,0.050000000000000044,41746.0,269.0,2.0,557.0,100.0
2025,KXHIGHNY-25MAR02-T27,11,0.05,20.0,10.0,51.5,1092.0,100.0
2025,KXHIGHNY-25MAR02-T34,641,0.03999999999999998,21115.0,264.0,2.0,722.0,100.0
2025,KXHIGHNY-25MAR03-B33.5,36,0.02,1902.0,25.0,16.0,1067.0,100.0
2025,KXHIGHNY-25MAR03-B35.5,374,0.030000000000000006,22318.0,174.0,2.0,716.0,100.0
2025,KXHIGHNY-25MAR03-B37.5,574,0.04999999999999999,75323.0,242.0,2.0,593.0,100.0
2025,KXHIGHNY-25MAR03-B39.5,619,0.04999999999999999,41491.0,230.0,2.0,467.0,100.0
2025,KXHIGHNY-25MAR03-T33,11,0.04,200.0,9.0,39.0,1972.0,100.0
2025,KXHIGHNY-25MAR03-T40,323,0.039999999999999994,10029.0,195.0,3.0,423.0,100.0
2025,KXHIGHNY-25MAR04-B47.5,25,0.049999999999999996,200.0,22.0,12.5,2014.0,100.0
2025,KXHIGHNY-25MAR04-B49.5,231,0.020000000000000004,10299.0,147.0,3.0,673.0,100.0
2025,KXHIGHNY-25MAR04-B51.5,721,0.04000000000000001,41931.0,257.0,2.0,423.0,100.0
2025,KXHIGHNY-25MAR04-B53.5,826,0.04999999999999999,28712.0,241.0,2.0,686.0,100.0
2025,KXHIGHNY-25MAR04-T47,7,0.03,200.0,6.0,136.0,2014.0,100.0
2025,KXHIGHNY-25MAR04-T54,527,0.04,36109.0,167.0,2.0,657.0,100.0
2025,KXHIGHNY-25MAR05-B54.5,665,0.05999999999999994,53242.0,254.0,2.0,424.0,100.0
2025,KXHIGHNY-25MAR05-B56.5,624,0.050000000000000044,26872.0,249.0,2.0,425.0,100.0
2025,KXHIGHNY-25MAR05-B58.5,392,0.039999999999999994,15253.0,174.0,2.0,450.0,100.0
2025,KXHIGHNY-25MAR05-B60.5,128,0.04,4082.0,86.0,5.5,693.0,100.0
2025,KXHIGHNY-25MAR05-T54,207,0.05,18893.0,123.0,4.0,474.0,100.0
2025,KXHIGHNY-25MAR05-T61,20,0.01,884.0,15.0,100.0,769.0,100.0
2025,KXHIGHNY-25MAR06-B50.5,78,0.035,5507.0,60.0,10.5,738.0,100.0
2025,KXHIGHNY-25MAR06-B52.5,390,0.04999999999999999,32112.0,176.0,2.0,526.0,100.0
2025,KXHIGHNY-25MAR06-B54.5,527,0.039999999999999925,26463.0,231.0,2.0,436.0,100.0
2025,KXHIGHNY-25MAR06-B56.5,364,0.04999999999999999,9381.0,198.0,3.0,789.0,100.0
2025,KXHIGHNY-25MAR06-T50,26,0.015,1636.0,23.0,28.0,1262.0,100.0
2025,KXHIGHNY-25MAR06-T57,80,0.03,2232.0,64.0,10.5,1097.0,100.0
2025,KXHIGHNY-25MAR07-B45.5,153,0.020000000000000004,14707.0,107.0,5.0,628.0,100.0
2025,KXHIGHNY-25MAR07-B47.5,517,0.049999999999999996,42247.0,198.0,3.0,778.0,100.0
2025,KXHIGHNY-25MAR07-B49.5,557,0.050000000000000044,24433.0,249.0,2.0,468.0,100.0
2025,KXHIGHNY-25MAR07-B51.5,373,0.04999999999999999,9598.0,214.0,3.0,710.0,100.0
2025,KXHIGHNY-25MAR07-T45,38,0.010000000000000002,2830.0,27.0,23.0,1209.0,100.0
2025,KXHIGHNY-25MAR07-T52,119,0.02,1309.0,81.0,8.0,954.0,100.0
2025,KXHIGHNY-25MAR08-B40.5,36,0.04,3161.0,27.0,12.0,907.0,100.0
2025,KXHIGHNY-25MAR08-B42.5,249,0.03,46566.0,172.0,3.0,1152.0,100.0
2025,KXHIGHNY-25MAR08-B44.5,611,0.050000000000000044,30152.0,294.0,2.0,840.0,100.0
2025,KXHIGHNY-25MAR08-B46.5,655,0.040000000000000036,23659.0,266.0,2.0,663.0,100.0
2025,KXHIGHNY-25MAR08-T40,10,0.025,289.0,8.0,213.0,1028.0,100.0
2025,KXHIGHNY-25MAR08-T47,349,0.05999999999999997,9996.0,210.0,2.0,1114.0,100.0
2025,KXHIGHNY-25MAR09-B45.5,30,0.04,386.0,27.0,22.0,1122.0,100.0
2025,KXHIGHNY-25MAR09-B47.5,235,0.03,4344.0,134.0,2.0,846.0,100.0
2025,KXHIGHNY-25MAR09-B49.5,564,0.04000000000000001,20598.0,252.0,2.0,894.0,100.0
2025,KXHIGHNY-25MAR09-B51.5,788,0.04999999999999999,31258.0,318.0,2.0,417.0,100.0
2025,KXHIGHNY-25MAR09-T45,29,0.04,889.0,26.0,38.5,681.0,100.0
2025,KXHIGHNY-25MAR09-T52,733,0.04999999999999999,41863.0,270.0,2.0,478.0,100.0
2025,KXHIGHNY-25MAR10-B59.5,215,0.04999999999999999,1615.0,131.0,3.0,787.0,95.41984732824427
2025,KXHIGHNY-25MAR10-B61.5,499,0.03999999999999998,27878.0,247.0,2.0,806.0,95.1417004048583
2025,KXHIGHNY-25MAR10-B63.5,632,0.039999999999999994,31537.0,204.0,2.0,478.0,94.6078431372549
2025,KXHIGHNY-25MAR10-B65.5,738,0.04999999999999999,42268.0,232.0,2.0,648.0,98.27586206896551
2025,KXHIGHNY-25MAR10-T59,33,0.02,2906.0,31.0,13.0,534.0,93.54838709677419
2025,KXHIGHNY-25MAR10-T66,586,0.04499999999999997,82290.0,241.0,2.0,591.0,99.5850622406639
2025,KXHIGHNY-25MAR11-B58.5,28,0.03,207.0,25.0,54.0,1407.0,100.0
2025,KXHIGHNY-25MAR11-B60.5,231,0.030000000000000002,4049.0,148.0,4.0,991.0,100.0
2025,KXHIGHNY-25MAR11-B62.5,421,0.03,39784.0,214.0,2.0,756.0,100.0
2025,KXHIGHNY-25MAR11-B64.5,769,0.03999999999999998,27069.0,296.0,2.0,632.0,100.0
2025,KXHIGHNY-25MAR11-T58,8,0.025,124.0,7.0,83.0,2128.0,100.0
2025,KXHIGHNY-25MAR11-T65,716,0.03999999999999998,30945.0,236.0,2.0,813.0,100.0
2025,KXHIGHNY-25MAR12-B50.5,120,0.04,3250.0,93.0,5.0,1223.0,100.0
2025,KXHIGHNY-25MAR12-B52.5,358,0.05000000000000002,53510.0,190.0,2.0,1170.0,100.0
2025,KXHIGHNY-25MAR12-B54.5,653,0.04999999999999999,35918.0,293.0,2.0,745.0,100.0
2025,KXHIGHNY-25MAR12-B56.5,580,0.06,24908.0,300.0,2.0,908.0,100.0
2025,KXHIGHNY-25MAR12-T50,5,0.03,0.0,4.0,256.5,2345.0,100.0
2025,KXHIGHNY-25MAR12-T57,242,0.05,10438.0,137.0,3.0,658.0,100.0
2025,KXHIGHNY-25MAR13-B44.5,115,0.06,919.0,89.0,6.0,768.0,100.0
2025,KXHIGHNY-25MAR13-B46.5,339,0.04999999999999999,4107.0,172.0,3.0,768.0,100.0
2025,KXHIGHNY-25MAR13-B48.5,576,0.04999999999999999,32478.0,184.0,2.0,772.0,100.0
2025,KXHIGHNY-25MAR13-B50.5,611,0.06,30879.0,162.0,3.0,670.0,100.0
2025,KXHIGHNY-25MAR13-T44,10,0.01,193.0,9.0,132.0,770.0,100.0
2025,KXHIGHNY-25MAR13-T51,425,0.04,16751.0,186.0,3.0,764.0,100.0
2025,KXHIGHNY-25MAR14-B50.5,86,0.02,351.0,62.0,4.0,974.0,100.0
2025,KXHIGHNY-25MAR14-B52.5,303,0.06999999999999999,5718.0,184.0,4.0,1026.0,100.0
2025,KXHIGHNY-25MAR14-B54.5,623,0.09,47021.0,191.0,4.0,626.0,100.0
2025,KXHIGHNY-25MAR14-B56.5,639,0.07000000000000006,25406.0,236.0,4.0,425.0,100.0
2025,KXHIGHNY-25MAR14-T50,12,0.05,311.0,11.0,67.0,974.0,100.0
2025,KXHIGHNY-25MAR14-T57,645,0.07,46335.0,207.0,2.0,805.0,100.0
2025,KXHIGHNY-25MAR15-B56.5,330,0.06,3402.0,214.0,4.0,680.0,100.0
2025,KXHIGHNY-25MAR15-B58.5,185,0.039999999999999994,1437.0,141.0,4.0,679.0,100.0
2025,KXHIGHNY-25MAR15-B60.5,157,0.049999999999999996,269.0,109.0,4.0,830.0,100.0
2025,KXHIGHNY-25MAR15-B62.5,54,0.03,0.0,49.0,4.0,1119.0,100.0
2025,KXHIGHNY-25MAR15-T56,382,0.040000000000000036,13198.0,226.0,2.0,627.0,100.0
2025,KXHIGHNY-25MAR15-T63,37,0.02,0.0,36.0,4.0,1382.0,100.0
2025,KXHIGHNY-25MAR16-B59.5,481,0.04999999999999999,15867.0,218.0,2.0,828.0,100.0
2025,KXHIGHNY-25MAR16-B61.5,450,0.06,12918.0,191.0,3.0,439.0,100.0
2025,KXHIGHNY-25MAR16-B63.5,545,0.040000000000000036,13764.0,264.0,2.0,483.0,100.0
2025,KXHIGHNY-25MAR16-B65.5,251,0.04000000000000001,10603.0,173.0,4.0,551.0,100.0
2025,KXHIGHNY-25MAR16-T59,127,0.03,5555.0,94.0,5.0,1024.0,100.0
2025,KXHIGHNY-25MAR16-T66,114,0.020000000000000004,5942.0,92.0,4.5,603.0,100.0
2025,KXHIGHNY-25MAR17-B57.5,775,0.06999999999999995,85135.0,275.0,2.0,893.0,100.0
2025,KXHIGHNY-25MAR17-B59.5,613,0.06000000000000005,28786.0,276.0,2.0,616.0,100.0
2025,KXHIGHNY-25MAR17-B61.5,482,0.040000000000000036,13361.0,242.0,2.0,994.0,100.0
2025,KXHIGHNY-25MAR17-B63.5,106,0.03,3358.0,85.0,5.0,1253.0,100.0
2025,KXHIGHNY-25MAR17-T57,165,0.03,35293.0,112.0,3.0,1093.0,100.0
2025,KXHIGHNY-25MAR17-T64,30,0.05,400.0,28.0,17.0,1300.0,100.0
2025,KXHIGHNY-25MAR18-B58.5,815,0.030000000000000027,34511.0,167.0,2.0,728.0,100.0
2025,KXHIGHNY-25MAR18-B60.5,739,0.04999999999999999,61578.0,256.0,2.0,424.0,100.0
2025,KXHIGHNY-25MAR18-B62.5,724,0.03999999999999998,28863.0,219.0,2.0,434.0,100.0
2025,KXHIGHNY-25MAR18-B64.5,246,0.03,7337.0,172.0,2.0,558.0,100.0
2025,KXHIGHNY-25MAR18-T58,335,0.04999999999999999,19780.0,187.0,2.0,755.0,100.0
2025,KXHIGHNY-25MAR18-T65,148,0.020000000000000004,1205.0,62.0,8.0,857.0,100.0
2025,KXHIGHNY-25MAR19-B58.5,257,0.020000000000000018,5818.0,154.0,2.0,593.0,100.0
2025,KXHIGHNY-25MAR19-B60.5,391,0.04999999999999999,62381.0,214.0,2.0,916.0,100.0
2025,KXHIGHNY-25MAR19-B62.5,618,0.04999999999999999,18541.0,238.0,2.0,503.0,100.0
2025,KXHIGHNY-25MAR19-B64.5,464,0.05000000000000002,21112.0,223.0,2.0,593.0,100.0
2025,KXHIGHNY-25MAR19-T58,85,0.03,3430.0,70.0,5.0,736.0,100.0
2025,KXHIGHNY-25MAR19-T65,185,0.03,4882.0,131.0,5.0,853.0,100.0
2025,KXHIGHNY-25MAR20-B52.5,586,0.050000000000000044,23097.0,265.0,2.0,589.0,100.0
2025,KXHIGHNY-25MAR20-B54.5,480,0.05,10936.0,232.0,2.0,589.0,100.0
2025,KXHIGHNY-25MAR20-B56.5,216,0.030000000000000002,4243.0,139.0,4.0,928.0,100.0
2025,KXHIGHNY-25MAR20-B58.5,61,0.04,512.0,50.0,13.0,1092.0,100.0
2025,KXHIGHNY-25MAR20-T52,405,0.04999999999999999,40553.0,162.0,2.0,744.0,100.0
2025,KXHIGHNY-25MAR20-T59,32,0.04,603.0,30.0,34.0,1004.0,100.0
2025,KXHIGHNY-25MAR21-B49.5,704,0.040000000000000036,205826.0,218.0,2.0,615.0,100.0
2025,KXHIGHNY-25MAR21-B51.5,606,0.04999999999999999,21874.0,252.0,2.0,660.0,100.0
2025,KXHIGHNY-25MAR21-B53.5,484,0.040000000000000036,16957.0,257.0,2.0,615.0,100.0
2025,KXHIGHNY-25MAR21-B55.5,321,0.04000000000000001,4242.0,178.0,3.0,627.0,100.0
2025,KXHIGHNY-25MAR21-T49,81,0.02,10312.0,58.0,8.0,807.0,100.0
2025,KXHIGHNY-25MAR21-T56,53,0.04,2560.0,43.0,17.0,807.0,100.0
2025,KXHIGHNY-25MAR22-B57.5,228,0.04000000000000001,3648.0,145.0,3.0,1019.0,100.0
2025,KXHIGHNY-25MAR22-B59.5,378,0.030000000000000027,7012.0,169.0,3.0,864.0,100.0
2025,KXHIGHNY-25MAR22-B61.5,440,0.04999999999999999,11230.0,169.0,2.0,952.0,100.0
2025,KXHIGHNY-25MAR22-B63.5,426,0.050000000000000044,23663.0,135.0,3.0,739.0,100.0
2025,KXHIGHNY-25MAR22-T57,209,0.020000000000000004,1719.0,125.0,3.0,1121.0,100.0
2025,KXHIGHNY-25MAR22-T64,200,0.04000000000000001,8226.0,81.0,4.0,678.0,100.0
2025,KXHIGHNY-25MAR23-B47.5,691,0.06,16992.0,255.0,2.0,680.0,100.0
2025,KXHIGHNY-25MAR23-B49.5,647,0.050000000000000044,26471.0,200.0,3.0,682.0,100.0
2025,KXHIGHNY-25MAR23-B51.5,440,0.039999999999999994,10525.0,222.0,2.0,788.0,100.0
2025,KXHIGHNY-25MAR23-B53.5,159,0.03,1307.0,83.0,4.0,1429.0,100.0
2025,KXHIGHNY-25MAR23-T47,370,0.05,7149.0,177.0,3.0,813.0,100.0
2025,KXHIGHNY-25MAR23-T54,32,0.035,522.0,26.0,23.5,1432.0,100.0
2025,KXHIGHNY-25MAR24-B54.5,367,0.04999999999999999,11342.0,210.0,2.0,700.0,100.0
2025,KXHIGHNY-25MAR24-B56.5,297,0.030000000000000013,3168.0,164.0,3.0,850.0,100.0
2025,KXHIGHNY-25MAR24-B58.5,168,0.039999999999999994,413.0,112.0,5.5,917.0,100.0
2025,KXHIGHNY-25MAR24-B60.5,94,0.03,200.0,74.0,5.5,1026.0,100.0
2025,KXHIGHNY-25MAR24-T54,414,0.04999999999999993,23288.0,215.0,2.0,553.0,100.0
2025,KXHIGHNY-25MAR24-T61,28,0.04,1.0,21.0,37.0,1331.0,100.0
2025,KXHIGHNY-25MAR25-B55.5,672,0.040000000000000036,10735.0,189.0,2.0,927.0,100.0
2025,KXHIGHNY-25MAR25-B57.5,705,0.040000000000000036,17331.0,278.0,2.0,431.0,100.0
2025,KXHIGHNY-25MAR25-B59.5,939,0.04000000000000001,15386.0,200.0,2.0,436.0,100.0
2025,KXHIGHNY-25MAR25-B61.5,322,0.030000000000000002,4608.0,148.0,3.0,942.0,100.0
2025,KXHIGHNY-25MAR25-T55,201,0.030000000000000013,7150.0,164.0,3.0,1045.0,100.0
2025,KXHIGHNY-25MAR25-T62,83,0.02,800.0,58.0,5.5,850.0,100.0
2025,KXHIGHNY-25MAR26-B50.5,639,0.06999999999999995,53311.0,229.0,2.0,971.0,100.0
2025,KXHIGHNY-25MAR26-B52.5,601,0.050000000000000044,34987.0,199.0,2.0,972.0,100.0
2025,KXHIGHNY-25MAR26-B54.5,518,0.05,41044.0,184.0,2.0,972.0,100.0
2025,KXHIGHNY-25MAR26-B56.5,107,0.08,1718.0,63.0,5.0,1236.0,100.0
2025,KXHIGHNY-25MAR26-T50,254,0.07,18378.0,155.0,3.0,1393.0,100.0
2025,KXHIGHNY-25MAR26-T57,27,0.05,2646.0,23.0,26.0,997.0,100.0
2025,KXHIGHNY-25MAR27-B50.5,1026,0.04500000000000001,52173.0,89.0,2.0,1061.0,100.0
2025,KXHIGHNY-25MAR27-B52.5,889,0.04999999999999993,14681.0,218.0,2.0,748.0,100.0
2025,KXHIGHNY-25MAR27-B54.5,1001,0.03999999999999998,13853.0,158.0,1.5,872.0,100.0
2025,KXHIGHNY-25MAR27-B56.5,301,0.04,2051.0,103.0,3.0,1073.0,100.0
2025,KXHIGHNY-25MAR27-T50,401,0.020000000000000004,6629.0,152.0,2.0,709.0,100.0
2025,KXHIGHNY-25MAR27-T57,183,0.02,2209.0,52.0,1.0,1125.0,100.0
2025,KXHIGHNY-25MAR28-B59.5,440,0.06,12142.0,156.0,3.0,825.0,100.0
2025,KXHIGHNY-25MAR28-B61.5,767,0.06,26657.0,288.0,2.0,763.0,100.0
2025,KXHIGHNY-25MAR28-B63.5,831,0.050000000000000044,18570.0,180.0,1.0,730.0,100.0
2025,KXHIGHNY-25MAR28-B65.5,528,0.030000000000000027,16695.0,148.0,2.0,841.0,100.0
2025,KXHIGHNY-25MAR28-T59,315,0.07,2170.0,175.0,2.0,825.0,100.0
2025,KXHIGHNY-25MAR28-T66,388,0.020000000000000004,12662.0,95.0,1.0,824.0,100.0
2025,KXHIGHNY-25MAR29-B77.5,501,0.04000000000000001,5359.0,243.0,2.0,866.0,100.0
2025,KXHIGHNY-25MAR29-B79.5,553,0.02999999999999997,15627.0,205.0,2.0,806.0,100.0
2025,KXHIGHNY-25MAR29-B81.5,597,0.050000000000000044,11301.0,265.0,4.0,481.0,100.0
2025,KXHIGHNY-25MAR29-B83.5,467,0.03,15283.0,226.0,2.0,456.0,100.0
2025,KXHIGHNY-25MAR29-T77,163,0.019999999999999997,2840.0,91.0,3.0,1017.0,100.0
2025,KXHIGHNY-25MAR29-T84,442,0.020000000000000004,5422.0,246.0,2.0,870.0,100.0
2025,KXHIGHNY-25MAR30-B53.5,715,0.09,28315.0,232.0,2.0,831.0,100.0
2025,KXHIGHNY-25MAR30-B55.5,398,0.05,9440.0,239.0,5.0,680.0,100.0
2025,KXHIGHNY-25MAR30-B57.5,366,0.25,2144.0,194.0,2.0,1105.0,100.0
2025,KXHIGHNY-25MAR30-B59.5,237,0.12,2586.0,136.0,4.0,902.0,100.0
2025,KXHIGHNY-25MAR30-T53,783,0.06999999999999998,31723.0,285.0,2.0,734.0,100.0
2025,KXHIGHNY-25MAR30-T60,205,0.01,725.0,70.0,3.0,1105.0,100.0
2025,KXHIGHNY-25MAR31-B67.5,556,0.04999999999999999,8264.0,195.0,2.0,972.0,100.0
2025,KXHIGHNY-25MAR31-B69.5,641,0.04000000000000001,18365.0,181.0,2.0,797.0,100.0
2025,KXHIGHNY-25MAR31-B71.5,922,0.04000000000000001,93210.0,210.0,1.0,495.0,100.0
2025,KXHIGHNY-25MAR31-B73.5,841,0.030000000000000027,35369.0,221.0,2.0,579.0,100.0
2025,KXHIGHNY-25MAR31-T67,433,0.06,9401.0,181.0,3.0,797.0,100.0
2025,KXHIGHNY-25MAR31-T74,679,0.03,33432.0,177.0,1.0,556.0,100.0
2025,KXHIGHNY-25MAY01-B66.5,1286,0.04999999999999999,16208.0,147.0,1.0,229.0,100.0
2025,KXHIGHNY-25MAY01-B68.5,1318,0.04999999999999999,33024.0,142.0,1.0,229.0,100.0
2025,KXHIGHNY-25MAY01-B70.5,1273,0.04000000000000001,17962.0,173.0,1.0,229.0,100.0
2025,KXHIGHNY-25MAY01-B72.5,1016,0.04999999999999999,11762.0,161.0,3.0,229.0,100.0
2025,KXHIGHNY-25MAY01-T66,877,0.01,1974.0,230.0,2.0,229.0,100.0
2025,KXHIGHNY-25MAY01-T73,793,0.05,6517.0,135.0,2.0,229.0,100.0
2025,KXHIGHNY-25MAY02-B77.5,946,0.019999999999999997,5875.0,228.0,2.0,184.0,100.0
2025,KXHIGHNY-25MAY02-B79.5,1305,0.03,35122.0,131.0,1.0,229.0,100.0
2025,KXHIGHNY-25MAY02-B81.5,1306,0.03999999999999998,57636.0,133.0,1.0,229.0,100.0
2025,KXHIGHNY-25MAY02-B83.5,1218,0.03999999999999998,13637.0,190.0,1.0,229.0,100.0
2025,KXHIGHNY-25MAY02-T77,738,0.019999999999999997,3910.0,203.0,2.0,183.0,100.0
2025,KXHIGHNY-25MAY02-T84,1105,0.03,30962.0,174.0,2.0,229.0,100.0
2025,KXHIGHNY-25MAY03-B78.5,1172,0.03,26260.0,203.0,1.0,176.0,100.0
2025,KXHIGHNY-25MAY03-B80.5,1385,0.04999999999999999,41513.0,140.0,1.0,229.0,100.0
2025,KXHIGHNY-25MAY03-B82.5,1564,0.02999999999999997,54761.0,110.0,1.0,229.0,100.0
2025,KXHIGHNY-25MAY03-B84.5,1223,0.03,28286.0,191.0,1.0,229.0,100.0
2025,KXHIGHNY-25MAY03-T78,758,0.019999999999999997,1767.0,237.0,2.0,229.0,100.0
2025,KXHIGHNY-25MAY03-T85,996,0.03,25081.0,159.0,2.0,184.0,100.0
2025,KXHIGHNY-25MAY04-B70.5,1363,0.04999999999999999,9962.0,141.0,1.0,229.0,100.0
2025,KXHIGHNY-25MAY04-B72.5,1370,0.04000000000000001,9354.0,100.0,1.0,229.0,100.0
2025,KXHIGHNY-25MAY04-B74.5,1130,0.03,5343.0,186.0,1.0,229.0,100.0
2025,KXHIGHNY-25MAY04-B76.5,1033,0.05,399.0,143.0,2.0,229.0,100.0
2025,KXHIGHNY-25MAY04-T70,1394,0.04999999999999999,31225.0,116.0,1.0,235.0,100.0
2025,KXHIGHNY-25MAY04-T77,545,0.03,92.0,205.0,2.0,289.0,100.0
2025,KXHIGHNY-25MAY05-B60.5,1494,0.05,47989.0,295.0,1.0,239.0,100.0
2025,KXHIGHNY-25MAY05-B62.5,1668,0.04999999999999999,20270.0,202.0,1.0,229.0,100.0
2025,KXHIGHNY-25MAY05-B64.5,1515,0.04999999999999999,8310.0,238.0,2.0,229.0,100.0
2025,KXHIGHNY-25MAY05-B66.5,1261,0.020000000000000004,4073.0,298.0,2.0,239.0,100.0
2025,KXHIGHNY-25MAY05-T60,836,0.01,5043.0,360.0,2.0,229.0,100.0
2025,KXHIGHNY-25MAY05-T67,1028,0.019999999999999997,558.0,301.0,2.0,229.0,100.0
2025,KXHIGHNY-25MAY06-B64.5,1238,0.03999999999999998,13052.0,149.0,2.0,229.0,100.0
2025,KXHIGHNY-25MAY06-B66.5,1272,0.03999999999999998,10242.0,191.0,1.0,148.0,100.0
2025,KXHIGHNY-25MAY06-B68.5,1209,0.039999999999999994,5451.0,182.0,1.0,142.0,100.0
2025,KXHIGHNY-25MAY06-B70.5,1133,0.03,6620.0,184.0,1.0,239.0,100.0
2025,KXHIGHNY-25MAY06-T64,1105,0.03,58494.0,173.0,2.0,223.0,100.0
2025,KXHIGHNY-25MAY06-T71,867,0.01,1475.0,218.0,2.0,229.0,100.0
2025,KXHIGHNY-25MAY07-B68.5,1029,0.03,701.0,250.0,2.0,229.0,100.0
2025,KXHIGHNY-25MAY07-B70.5,1345,0.04000000000000001,11573.0,126.0,1.0,223.0,100.0
2025,KXHIGHNY-25MAY07-B72.5,1406,0.04999999999999999,20317.0,135.0,1.0,164.0,100.0
2025,KXHIGHNY-25MAY07-B74.5,1361,0.04000000000000001,10824.0,141.0,1.0,258.0,100.0
2025,KXHIGHNY-25MAY07-T68,869,0.020000000000000004,1456.0,257.0,2.0,223.0,100.0
2025,KXHIGHNY-25MAY07-T75,1154,0.03,8651.0,224.0,2.0,239.0,100.0
2025,KXHIGHNY-25MAY08-B71.5,1160,0.03,6974.0,189.0,1.0,198.0,100.0
2025,KXHIGHNY-25MAY08-B73.5,1257,0.040000000000000036,11626.0,135.0,1.0,194.0,100.0
2025,KXHIGHNY-25MAY08-B75.5,1214,0.020000000000000018,26951.0,180.0,1.0,184.0,100.0
2025,KXHIGHNY-25MAY08-B77.5,899,0.039999999999999994,13047.0,181.0,2.0,239.0,100.0
2025,KXHIGHNY-25MAY08-T71,679,0.019999999999999997,728.0,238.0,2.0,208.0,100.0
2025,KXHIGHNY-25MAY08-T78,684,0.020000000000000004,13030.0,169.0,4.0,153.0,100.0
2025,KXHIGHNY-25MAY09-B60.5,1410,0.050000000000000044,20158.0,123.0,1.0,229.0,100.0
2025,KXHIGHNY-25MAY09-B62.5,1415,0.04999999999999999,12182.0,111.0,1.0,229.0,100.0
2025,KXHIGHNY-25MAY09-B64.5,1247,0.039999999999999994,1189.0,151.0,1.0,270.0,100.0
2025,KXHIGHNY-25MAY09-B66.5,1070,0.03,440.0,215.0,2.0,229.0,100.0
2025,KXHIGHNY-25MAY09-T60,1186,0.04,50155.0,218.0,1.0,229.0,100.0
2025,KXHIGHNY-25MAY09-T67,906,0.03,1192.0,201.0,2.0,239.0,100.0
2025,KXHIGHNY-25MAY10-B68.5,1377,0.039999999999999994,11748.0,169.0,2.0,229.0,100.0
2025,KXHIGHNY-25MAY10-B70.5,1613,0.030000000000000027,17781.0,86.0,1.0,229.0,100.0
2025,KXHIGHNY-25MAY10-B72.5,1652,0.04999999999999999,18989.0,90.0,1.0,193.0,100.0
2025,KXHIGHNY-25MAY10-B74.5,1384,0.030000000000000013,4693.0,92.0,2.0,239.0,100.0
2025,KXHIGHNY-25MAY10-T68,924,0.020000000000000004,4781.0,255.0,2.0,239.0,100.0
2025,KXHIGHNY-25MAY10-T75,1110,0.03,2394.0,136.0,2.0,229.0,100.0
2025,KXHIGHNY-25MAY11-B71.5,1167,0.030000000000000002,1754.0,229.0,1.0,229.0,100.0
2025,KXHIGHNY-25MAY11-B73.5,1346,0.03,9050.0,127.0,2.0,229.0,100.0
2025,KXHIGHNY-25MAY11-B75.5,1299,0.019999999999999962,8266.0,154.0,1.0,229.0,100.0
2025,KXHIGHNY-25MAY11-B77.5,1223,0.03999999999999998,13412.0,195.0,2.0,229.0,100.0
2025,KXHIGHNY-25MAY11-T71,954,0.010000000000000002,288.0,269.0,2.0,239.0,100.0
2025,KXHIGHNY-25MAY11-T78,1112,0.03,7039.0,181.0,2.0,239.0,100.0
2025,KXHIGHNY-25MAY12-B70.5,1100,0.020000000000000004,11731.0,201.0,2.0,229.0,100.0
2025,KXHIGHNY-25MAY12-B72.5,1364,0.02999999999999997,14482.0,183.0,1.0,229.0,100.0
2025,KXHIGHNY-25MAY12-B74.5,1447,0.030000000000000027,13732.0,121.0,1.0,229.0,100.0
2025,KXHIGHNY-25MAY12-B76.5,1304,0.01999999999999999,7842.0,148.0,1.0,239.0,100.0
2025,KXHIGHNY-25MAY12-T70,729,0.03,2062.0,238.0,2.0,239.0,100.0
2025,KXHIGHNY-25MAY12-T77,1229,0.02,5155.0,142.0,1.5,239.0,100.0
2025,KXHIGHNY-25MAY13-B70.5,1393,0.04999999999999999,13421.0,99.0,1.0,229.0,100.0
2025,KXHIGHNY-25MAY13-B72.5,1397,0.03999999999999998,18032.0,80.0,1.0,229.0,100.0
2025,KXHIGHNY-25MAY13-B74.5,1272,0.04000000000000001,8454.0,141.0,1.0,229.0,100.0
2025,KXHIGHNY-25MAY13-B76.5,936,0.03,6307.0,198.0,2.0,229.0,100.0
2025,KXHIGHNY-25MAY13-T70,1421,0.039999999999999994,21360.0,96.0,2.0,117.0,100.0
2025,KXHIGHNY-25MAY13-T77,805,0.02,5465.0,221.0,2.0,229.0,100.0
2025,KXHIGHNY-25MAY14-B63.5,1848,0.04999999999999999,20308.0,103.0,1.0,238.0,100.0
2025,KXHIGHNY-25MAY14-B65.5,1615,0.040000000000000036,12213.0,197.0,2.0,238.0,100.0
2025,KXHIGHNY-25MAY14-B67.5,1325,0.03,2139.0,318.0,2.0,229.0,100.0
2025,KXHIGHNY-25MAY14-B69.5,944,0.01,776.0,328.0,2.0,229.0,100.0
2025,KXHIGHNY-25MAY14-T63,1834,0.04999999999999999,40262.0,114.0,1.0,238.0,100.0
2025,KXHIGHNY-25MAY14-T70,824,0.01,2750.0,321.0,2.0,229.0,100.0
2025,KXHIGHNY-25MAY15-B69.5,1641,0.04999999999999999,30461.0,146.0,1.0,239.0,100.0
2025,KXHIGHNY-25MAY15-B71.5,1557,0.04000000000000001,17405.0,154.0,1.0,132.0,100.0
2025,KXHIGHNY-25MAY15-B73.5,1181,0.030000000000000002,1570.0,240.0,1.0,239.0,100.0
2025,KXHIGHNY-25MAY15-B75.5,864,0.010000000000000002,963.0,269.0,2.0,229.0,100.0
2025,KXHIGHNY-25MAY15-T69,1583,0.04000000000000001,122688.0,149.0,1.0,169.0,100.0
2025,KXHIGHNY-25MAY15-T76,797,0.010000000000000002,674.0,247.0,2.0,229.0,100.0
2025,KXHIGHNY-25MAY16-B71.5,1492,0.03999999999999998,22911.0,173.0,1.0,85.0,100.0
2025,KXHIGHNY-25MAY16-B73.5,1563,0.03,12266.0,203.0,1.0,229.0,100.0
2025,KXHIGHNY-25MAY16-B75.5,1376,0.03999999999999998,13346.0,134.0,1.0,229.0,100.0
2025,KXHIGHNY-25MAY16-B77.5,1220,0.020000000000000004,8592.0,183.0,2.0,177.0,100.0
2025,KXHIGHNY-25MAY16-T71,1229,0.03,9998.0,206.0,2.0,175.0,100.0
2025,KXHIGHNY-25MAY16-T78,1207,0.020000000000000004,3312.0,171.0,2.0,239.0,100.0
2025,KXHIGHNY-25MAY17-B76.5,1001,0.04,1240.0,282.0,2.0,229.0,100.0
2025,KXHIGHNY-25MAY17-B78.5,1333,0.039999999999999994,7637.0,205.0,1.0,229.0,100.0
2025,KXHIGHNY-25MAY17-B80.5,1464,0.040000000000000036,271873.0,178.0,1.0,239.0,100.0
2025,KXHIGHNY-25MAY17-B82.5,1359,0.04999999999999999,19127.0,174.0,1.0,239.0,100.0
2025,KXHIGHNY-25MAY17-T76,960,0.04,1079.0,244.0,2.0,229.0,100.0
2025,KXHIGHNY-25MAY17-T83,1336,0.04000000000000001,17131.0,124.0,1.0,229.0,100.0
2025,KXHIGHNY-25MAY18-B68.5,1106,0.02,1001.0,235.0,2.0,191.0,100.0
2025,KXHIGHNY-25MAY18-B70.5,1395,0.03,7544.0,133.0,1.0,191.0,100.0
2025,KXHIGHNY-25MAY18-B72.5,1579,0.040000000000000036,13964.0,130.0,1.0,191.0,100.0
2025,KXHIGHNY-25MAY18-B74.5,1585,0.040000000000000036,12092.0,270.0,1.0,191.0,100.0
2025,KXHIGHNY-25MAY18-T68,551,0.049999999999999996,0.0,141.0,5.0,191.0,100.0
2025,KXHIGHNY-25MAY18-T75,1297,0.05,10070.0,99.0,2.0,191.0,100.0
2025,KXHIGHNY-25MAY19-B69.5,1545,0.04000000000000001,17984.0,150.0,1.0,229.0,100.0
2025,KXHIGHNY-25MAY19-B71.5,1486,0.04999999999999999,13392.0,112.0,1.0,229.0,100.0
2025,KXHIGHNY-25MAY19-B73.5,1669,0.03999999999999998,13296.0,248.0,1.0,229.0,100.0
2025,KXHIGHNY-25MAY19-B75.5,996,0.019999999999999997,2032.0,220.0,2.0,239.0,100.0
2025,KXHIGHNY-25MAY19-T69,1182,0.039999999999999994,10701.0,218.0,1.0,210.0,100.0
2025,KXHIGHNY-25MAY19-T76,808,0.03,130.0,222.0,1.0,229.0,100.0
2025,KXHIGHNY-25MAY20-B66.5,1680,0.04999999999999999,13360.0,123.0,1.0,238.0,100.0
2025,KXHIGHNY-25MAY20-B68.5,1785,0.03999999999999998,14563.0,152.0,1.0,229.0,100.0
2025,KXHIGHNY-25MAY20-B70.5,1411,0.03,7806.0,177.0,1.0,239.0,100.0
2025,KXHIGHNY-25MAY20-B72.5,960,0.03,743.0,234.0,2.0,229.0,100.0
2025,KXHIGHNY-25MAY20-T66,1321,0.03,13618.0,205.0,2.0,229.0,100.0
2025,KXHIGHNY-25MAY20-T73,945,0.03,218.0,169.0,2.0,229.0,100.0
2025,KXHIGHNY-25MAY21-B58.5,1275,0.03999999999999998,32759.0,201.0,1.0,229.0,100.0
2025,KXHIGHNY-25MAY21-B60.5,1229,0.03999999999999998,8511.0,142.0,1.0,287.0,100.0
2025,KXHIGHNY-25MAY21-B62.5,960,0.03,1619.0,203.0,2.0,452.0,100.0
2025,KXHIGHNY-25MAY21-B64.5,554,0.05,0.0,221.0,2.0,459.0,100.0
2025,KXHIGHNY-25MAY21-T58,1060,0.03,159603.0,164.0,2.0,227.0,100.0
2025,KXHIGHNY-25MAY21-T65,615,0.01,3596.0,178.0,2.0,357.0,100.0
2025,KXHIGHNY-25MAY22-B51.5,1575,0.04999999999999999,10337.0,138.0,1.0,116.0,100.0
2025,KXHIGHNY-25MAY22-B53.5,1663,0.04999999999999999,11423.0,92.0,1.0,229.0,100.0
2025,KXHIGHNY-25MAY22-B55.5,1477,0.020000000000000004,4945.0,165.0,1.0,229.0,100.0
2025,KXHIGHNY-25MAY22-B57.5,1043,0.03,1656.0,267.0,2.0,229.0,100.0
2025,KXHIGHNY-25MAY22-T51,1286,0.039999999999999994,7149.0,235.0,1.0,229.0,100.0
2025,KXHIGHNY-25MAY22-T58,1011,0.04,1052.0,240.0,2.0,229.0,100.0
2025,KXHIGHNY-25MAY23-B56.5,1027,0.04,6322.0,233.0,2.0,239.0,100.0
2025,KXHIGHNY-25MAY23-B58.5,1219,0.03,12777.0,188.0,2.0,239.0,100.0
2025,KXHIGHNY-25MAY23-B60.5,1446,0.03,46320.0,142.0,1.0,229.0,100.0
2025,KXHIGHNY-25MAY23-B62.5,1347,0.030000000000000027,14593.0,121.0,2.0,239.0,100.0
2025,KXHIGHNY-25MAY23-T56,966,0.04,2769.0,173.0,2.0,229.0,100.0
2025,KXHIGHNY-25MAY23-T63,1414,0.03,16973.0,67.0,2.0,229.0,100.0
2025,KXHIGHNY-25MAY24-B62.5,1493,0.040000000000000036,16747.0,91.0,1.0,229.0,100.0
2025,KXHIGHNY-25MAY24-B64.5,1551,0.03999999999999998,14585.0,88.0,1.0,239.0,100.0
2025,KXHIGHNY-25MAY24-B66.5,1308,0.04999999999999999,8293.0,199.0,1.0,239.0,100.0
2025,KXHIGHNY-25MAY24-B68.5,789,0.05,340.0,251.0,2.0,229.0,100.0
2025,KXHIGHNY-25MAY24-T62,1372,0.04999999999999999,16017.0,120.0,1.0,232.0,100.0
2025,KXHIGHNY-25MAY24-T69,932,0.05,69.0,135.0,3.0,229.0,100.0
2025,KXHIGHNY-25MAY25-B65.5,1050,0.04999999999999999,11095.0,228.0,1.0,289.0,100.0
2025,KXHIGHNY-25MAY25-B67.5,1141,0.040000000000000036,7467.0,204.0,1.0,289.0,100.0
2025,KXHIGHNY-25MAY25-B69.5,1143,0.04000000000000001,9514.0,188.0,1.0,289.0,100.0
2025,KXHIGHNY-25MAY25-B71.5,612,0.04,1675.0,214.0,2.0,289.0,100.0
2025,KXHIGHNY-25MAY25-T65,632,0.04999999999999999,4269.0,234.0,2.0,289.0,100.0
2025,KXHIGHNY-25MAY25-T72,327,0.04,0.0,175.0,2.0,289.0,100.0
2025,KXHIGHNY-25MAY26-B68.5,977,0.03,2914.0,284.0,2.0,207.0,100.0
2025,KXHIGHNY-25MAY26-B70.5,1244,0.03,13868.0,261.0,1.0,184.0,100.0
2025,KXHIGHNY-25MAY26-B72.5,1353,0.040000000000000036,11623.0,245.0,1.0,272.0,100.0
2025,KXHIGHNY-25MAY26-B74.5,1364,0.04999999999999999,15609.0,224.0,1.0,273.0,100.0
2025,KXHIGHNY-25MAY26-T68,698,0.03,242.0,327.0,3.0,289.0,100.0
2025,KXHIGHNY-25MAY26-T75,1062,0.030000000000000002,2380.0,279.0,2.0,289.0,100.0
2025,KXHIGHNY-25MAY27-B71.5,873,0.03,2853.0,223.0,2.0,289.0,100.0
2025,KXHIGHNY-25MAY27-B73.5,1160,0.050000000000000044,15160.0,258.0,1.0,289.0,100.0
2025,KXHIGHNY-25MAY27-B75.5,1234,0.04999999999999999,9259.0,236.0,1.0,289.0,100.0
2025,KXHIGHNY-25MAY27-B77.5,1018,0.039999999999999994,9863.0,174.0,2.0,229.0,100.0
2025,KXHIGHNY-25MAY27-T71,355,0.01,630.0,225.0,3.0,289.0,100.0
2025,KXHIGHNY-25MAY27-T78,713,0.02,4436.0,184.0,2.0,289.0,100.0
2025,KXHIGHNY-25MAY28-B62.5,934,0.03,8291.0,220.0,2.0,289.0,100.0
2025,KXHIGHNY-25MAY28-B64.5,1232,0.02999999999999997,21178.0,120.0,1.0,289.0,100.0
2025,KXHIGHNY-25MAY28-B66.5,1146,0.040000000000000036,13212.0,132.0,1.0,229.0,100.0
2025,KXHIGHNY-25MAY28-B68.5,1065,0.039999999999999994,11573.0,152.0,2.0,229.0,100.0
2025,KXHIGHNY-25MAY28-T62,600,0.02,753.0,272.0,3.0,289.0,100.0
2025,KXHIGHNY-25MAY28-T69,1005,0.03,8737.0,175.0,2.0,229.0,100.0
2025,KXHIGHNY-25MAY29-B68.5,1348,0.04999999999999999,38939.0,176.0,1.0,289.0,100.0
2025,KXHIGHNY-25MAY29-B70.5,1323,0.040000000000000036,21345.0,177.0,1.0,240.0,100.0
2025,KXHIGHNY-25MAY29-B72.5,1271,0.030000000000000027,12401.0,200.0,1.0,182.0,100.0
2025,KXHIGHNY-25MAY29-B74.5,1035,0.02,2688.0,268.0,2.0,289.0,100.0
2025,KXHIGHNY-25MAY29-T68,1052,0.04,77316.0,206.0,2.0,287.0,100.0
2025,KXHIGHNY-25MAY29-T75,880,0.02,175.0,275.0,2.0,289.0,100.0
2025,KXHIGHNY-25MAY30-B73.5,818,0.03999999999999998,29217.0,193.0,2.0,289.0,100.0
2025,KXHIGHNY-25MAY30-B75.5,854,0.04999999999999999,31276.0,193.0,2.0,289.0,100.0
2025,KXHIGHNY-25MAY30-B77.5,786,0.03,12638.0,213.0,2.0,289.0,100.0
2025,KXHIGHNY-25MAY30-B79.5,622,0.03,1695.0,176.0,2.0,289.0,100.0
2025,KXHIGHNY-25MAY30-T73,821,0.04999999999999999,14274.0,209.0,2.0,289.0,100.0
2025,KXHIGHNY-25MAY30-T80,611,0.03,448.0,179.0,2.0,289.0,100.0
2025,KXHIGHNY-25MAY31-B68.5,1016,0.04999999999999999,16813.0,190.0,2.0,165.0,100.0
2025,KXHIGHNY-25MAY31-B70.5,931,0.030000000000000013,12706.0,206.0,2.0,229.0,100.0
2025,KXHIGHNY-25MAY31-B72.5,840,0.02,6532.0,213.0,2.0,229.0,100.0
2025,KXHIGHNY-25MAY31-B74.5,750,0.04,360.0,231.0,3.0,229.0,100.0
2025,KXHIGHNY-25MAY31-T68,1010,0.04000000000000001,22534.0,204.0,2.0,165.0,100.0
2025,KXHIGHNY-25MAY31-T75,774,0.019999999999999997,720.0,186.0,3.0,229.0,100.0
2025,KXHIGHNY-25NOV01-B53.5,1806,0.010000000000000009,7118.0,469.0,1.0,3.0,100.0
2025,KXHIGHNY-25NOV01-B55.5,1808,0.010000000000000009,18059.0,406.0,1.0,21.0,100.0
2025,KXHIGHNY-25NOV01-B57.5,1771,0.019999999999999962,14481.0,294.0,1.0,38.0,100.0
2025,KXHIGHNY-25NOV01-B59.5,1840,0.010000000000000009,19116.0,428.0,1.0,9.0,100.0
2025,KXHIGHNY-25NOV01-T53,1471,0.01,2943.0,804.0,1.0,3.0,100.0
2025,KXHIGHNY-25NOV01-T60,1597,0.01,2936.0,683.0,1.0,1.0,100.0
2025,KXHIGHNY-25NOV02-B55.5,1701,0.01,5537.0,579.0,1.0,1.0,100.0
2025,KXHIGHNY-25NOV02-B57.5,1559,0.020000000000000018,19248.0,373.0,1.0,48.0,100.0
2025,KXHIGHNY-25NOV02-B59.5,1564,0.030000000000000027,16646.0,384.0,1.0,50.0,100.0
2025,KXHIGHNY-25NOV02-B61.5,1770,0.020000000000000018,21321.0,510.0,1.0,1.0,100.0
2025,KXHIGHNY-25NOV02-T55,1438,0.02,4326.0,839.0,1.0,3.0,100.0
2025,KXHIGHNY-25NOV02-T62,1709,0.01,3038.0,570.0,1.0,1.0,100.0
2025,KXHIGHNY-25NOV03-B57.5,1023,0.01999999999999999,68461.0,332.0,1.0,1.0,100.0
2025,KXHIGHNY-25NOV03-B59.5,1098,0.03999999999999998,33493.0,257.0,1.0,1.0,100.0
2025,KXHIGHNY-25NOV03-B61.5,1168,0.019999999999999962,11867.0,187.0,1.0,1.0,100.0
2025,KXHIGHNY-25NOV03-B63.5,1065,0.01,2511.0,286.0,1.0,3.0,100.0
2025,KXHIGHNY-25NOV03-T57,836,0.01,7075.0,460.0,1.0,23.0,100.0
2025,KXHIGHNY-25NOV03-T64,968,0.01,3599.0,387.0,1.0,1.0,100.0
2025,KXHIGHNY-25NOV04-B58.5,1631,0.050000000000000044,29703.0,201.0,1.0,1.0,100.0
2025,KXHIGHNY-25NOV04-B60.5,1623,0.04999999999999999,29714.0,209.0,1.0,1.0,100.0
2025,KXHIGHNY-25NOV04-B62.5,1415,0.010000000000000002,4274.0,349.0,1.0,14.0,100.0
2025,KXHIGHNY-25NOV04-B64.5,1239,0.01,2008.0,469.0,1.0,13.0,100.0
2025,KXHIGHNY-25NOV04-T58,1564,0.010000000000000002,13979.0,262.0,1.0,4.0,100.0
2025,KXHIGHNY-25NOV04-T65,1062,0.01,351.0,521.0,1.0,16.0,100.0
2025,KXHIGHNY-25NOV05-B60.5,1911,0.01,8196.0,369.0,1.0,1.0,100.0
2025,KXHIGHNY-25NOV05-B62.5,2057,0.02999999999999997,24468.0,218.0,1.0,3.0,100.0
2025,KXHIGHNY-25NOV05-B64.5,1998,0.020000000000000018,35448.0,274.0,1.0,3.0,100.0
2025,KXHIGHNY-25NOV05-B66.5,1894,0.020000000000000018,53483.0,362.0,1.0,7.0,100.0
2025,KXHIGHNY-25NOV05-T60,1407,0.01,2827.0,692.0,1.0,36.0,100.0
2025,KXHIGHNY-25NOV05-T67,1618,0.02,14825.0,484.0,1.0,26.0,100.0
2025,KXHIGHNY-25NOV06-B53.5,1814,0.01,179277.0,358.0,1.0,64.0,100.0
2025,KXHIGHNY-25NOV06-B55.5,1902,0.019999999999999962,51476.0,285.0,1.0,44.0,100.0
2025,KXHIGHNY-25NOV06-B57.5,1978,0.010000000000000009,55198.0,205.0,1.0,50.0,100.0
2025,KXHIGHNY-25NOV06-B59.5,1697,0.01,20335.0,451.0,1.0,35.0,100.0
2025,KXHIGHNY-25NOV06-T53,1826,0.01,51999.0,353.0,1.0,64.0,100.0
2025,KXHIGHNY-25NOV06-T60,1519,0.01,11103.0,564.0,1.0,35.0,100.0
2025,KXHIGHNY-25NOV07-B55.5,1798,0.010000000000000002,6517.0,351.0,1.0,32.0,100.0
2025,KXHIGHNY-25NOV07-B57.5,2069,0.010000000000000009,28118.0,193.0,1.0,9.0,100.0
2025,KXHIGHNY-25NOV07-B59.5,1972,0.010000000000000009,52683.0,245.0,1.0,24.0,100.0
2025,KXHIGHNY-25NOV07-B61.5,1952,0.020000000000000018,51851.0,320.0,1.0,6.0,100.0
2025,KXHIGHNY-25NOV07-T55,1561,0.01,1011.0,577.0,1.0,42.0,100.0
2025,KXHIGHNY-25NOV07-T62,1850,0.010000000000000002,36263.0,412.0,1.0,5.0,100.0
2025,KXHIGHNY-25NOV08-B62.5,1889,0.010000000000000009,15193.0,176.0,1.0,73.0,100.0
2025,KXHIGHNY-25NOV08-B64.5,2105,0.020000000000000018,26291.0,168.0,1.0,6.0,100.0
2025,KXHIGHNY-25NOV08-B66.5,1721,0.020000000000000004,19780.0,109.0,1.0,76.0,100.0
2025,KXHIGHNY-25NOV08-B68.5,1575,0.01,4668.0,259.0,1.0,66.0,100.0
2025,KXHIGHNY-25NOV08-T62,1970,0.01,5360.0,301.0,1.0,8.0,100.0
2025,KXHIGHNY-25NOV08-T69,1224,0.02,626.0,579.0,1.0,139.0,100.0
2025,KXHIGHNY-25NOV09-B59.5,2097,0.010000000000000009,12803.0,181.0,1.0,2.0,100.0
2025,KXHIGHNY-25NOV09-B61.5,1979,0.040000000000000036,59059.0,299.0,1.0,3.0,100.0
2025,KXHIGHNY-25NOV09-B63.5,2019,0.029999999999999916,31432.0,258.0,1.0,2.0,100.0
2025,KXHIGHNY-25NOV09-B65.5,1938,0.019999999999999997,8398.0,342.0,1.0,1.0,100.0
2025,KXHIGHNY-25NOV09-T59,2095,0.01,18223.0,184.0,1.0,1.0,100.0
2025,KXHIGHNY-25NOV09-T66,1873,0.03,824.0,407.0,1.0,1.0,100.0
2025,KXHIGHNY-25NOV10-B55.5,1988,0.01,76991.0,291.0,1.0,1.0,100.0
2025,KXHIGHNY-25NOV10-B57.5,1749,0.01,50809.0,530.0,1.0,1.0,100.0
2025,KXHIGHNY-25NOV10-B59.5,1444,0.010000000000000009,47308.0,132.0,1.0,96.0,100.0
2025,KXHIGHNY-25NOV10-B61.5,1718,0.010000000000000002,8725.0,543.0,1.0,5.0,100.0
2025,KXHIGHNY-25NOV10-T55,1993,0.01,45345.0,286.0,1.0,1.0,100.0
2025,KXHIGHNY-25NOV10-T62,1418,0.02,1769.0,697.0,1.0,24.0,100.0
2025,KXHIGHNY-25NOV11-B41.5,2102,0.02999999999999997,45867.0,176.0,1.0,2.0,100.0
2025,KXHIGHNY-25NOV11-B43.5,2118,0.02,27308.0,157.0,1.0,2.0,100.0
2025,KXHIGHNY-25NOV11-B45.5,2067,0.01,2331.0,212.0,1.0,1.0,100.0
2025,KXHIGHNY-25NOV11-B47.5,1887,0.01,510.0,392.0,1.0,1.0,100.0
2025,KXHIGHNY-25NOV11-T41,2185,0.03,78496.0,71.0,1.0,18.0,100.0
2025,KXHIGHNY-25NOV11-T48,1507,0.01,3185.0,589.0,1.0,15.0,100.0
2025,KXHIGHNY-25NOV12-B47.5,2226,0.010000000000000009,47260.0,49.0,1.0,4.0,100.0
2025,KXHIGHNY-25NOV12-B49.5,2226,0.029999999999999916,41539.0,53.0,1.0,1.0,100.0
2025,KXHIGHNY-25NOV12-B51.5,2162,0.03,24858.0,117.0,1.0,1.0,100.0
2025,KXHIGHNY-25NOV12-B53.5,1961,0.03,6728.0,318.0,1.0,1.0,100.0
2025,KXHIGHNY-25NOV12-T47,2006,0.01,6988.0,259.0,1.0,4.0,100.0
2025,KXHIGHNY-25NOV12-T54,2112,0.01,2055.0,167.0,1.0,1.0,100.0
2025,KXHIGHNY-25NOV13-B48.5,2013,0.010000000000000009,55489.0,153.0,1.0,72.0,100.0
2025,KXHIGHNY-25NOV13-B50.5,2073,0.010000000000000009,46580.0,90.0,1.0,74.0,100.0
2025,KXHIGHNY-25NOV13-B52.5,1918,0.010000000000000009,38961.0,246.0,1.0,72.0,100.0
2025,KXHIGHNY-25NOV13-B54.5,1823,0.02,10525.0,339.0,1.0,72.0,100.0
2025,KXHIGHNY-25NOV13-T48,1922,0.01,6438.0,245.0,1.0,73.0,100.0
2025,KXHIGHNY-25NOV13-T55,1625,0.02,1387.0,519.0,1.0,73.0,100.0
2025,KXHIGHNY-25NOV14-B45.5,1961,0.01,2493.0,318.0,1.0,1.0,100.0
2025,KXHIGHNY-25NOV14-B47.5,2133,0.010000000000000002,17770.0,137.0,1.0,6.0,100.0
2025,KXHIGHNY-25NOV14-B49.5,2163,0.010000000000000009,43100.0,116.0,1.0,1.0,100.0
2025,KXHIGHNY-25NOV14-B51.5,2195,0.010000000000000009,32996.0,84.0,1.0,1.0,100.0
2025,KXHIGHNY-25NOV14-T45,2070,0.02,1144.0,209.0,1.0,1.0,100.0
2025,KXHIGHNY-25NOV14-T52,2180,0.010000000000000002,28913.0,99.0,1.0,1.0,100.0
2025,KXHIGHNY-25NOV15-B49.5,2246,0.020000000000000018,70850.0,34.0,1.0,1.0,100.0
2025,KXHIGHNY-25NOV15-B51.5,2236,0.030000000000000027,42991.0,44.0,1.0,1.0,100.0
2025,KXHIGHNY-25NOV15-B53.5,2256,0.02,24845.0,23.0,1.0,1.0,100.0
2025,KXHIGHNY-25NOV15-B55.5,2229,0.020000000000000004,9376.0,51.0,1.0,1.0,100.0
2025,KXHIGHNY-25NOV15-T49,2132,0.01,5847.0,145.0,1.0,2.0,100.0
2025,KXHIGHNY-25NOV15-T56,2135,0.019999999999999997,1348.0,145.0,1.0,1.0,100.0
2025,KXHIGHNY-25NOV16-B52.5,1569,0.06,25963.0,227.0,2.0,34.0,100.0
2025,KXHIGHNY-25NOV16-B54.5,1894,0.039999999999999925,73713.0,169.0,2.0,14.0,100.0
2025,KXHIGHNY-25NOV16-B56.5,1994,0.03999999999999998,18774.0,285.0,1.0,1.0,100.0
2025,KXHIGHNY-25NOV16-B58.5,1596,0.020000000000000004,4549.0,352.0,1.0,15.0,100.0
2025,KXHIGHNY-25NOV16-T52,1740,0.01,46854.0,297.0,1.0,14.0,100.0
2025,KXHIGHNY-25NOV16-T59,1483,0.02,1656.0,498.0,1.0,14.0,100.0
2025,KXHIGHNY-25NOV17-B41.5,2031,0.010000000000000009,19736.0,238.0,1.0,5.0,100.0
2025,KXHIGHNY-25NOV17-B43.5,2134,0.020000000000000018,42136.0,146.0,1.0,1.0,100.0
2025,KXHIGHNY-25NOV17-B45.5,2134,0.020000000000000018,49614.0,146.0,1.0,1.0,100.0
2025,KXHIGHNY-25NOV17-B47.5,2087,0.019999999999999997,11457.0,178.0,1.0,7.0,100.0
2025,KXHIGHNY-25NOV17-T41,1875,0.01,4185.0,404.0,1.0,1.0,100.0
2025,KXHIGHNY-25NOV17-T48,2012,0.01,3683.0,261.0,1.0,5.0,100.0
2025,KXHIGHNY-25NOV18-B43.5,2126,0.01,10181.0,148.0,1.0,5.0,100.0
2025,KXHIGHNY-25NOV18-B45.5,2169,0.010000000000000009,30853.0,110.0,1.0,1.0,100.0
2025,KXHIGHNY-25NOV18-B47.5,2235,0.019999999999999907,20706.0,45.0,1.0,1.0,100.0
2025,KXHIGHNY-25NOV18-B49.5,2201,0.01999999999999999,12150.0,79.0,1.0,1.0,100.0
2025,KXHIGHNY-25NOV18-T43,2098,0.01,511.0,182.0,1.0,1.0,100.0
2025,KXHIGHNY-25NOV18-T50,2126,0.019999999999999997,9772.0,154.0,1.0,1.0,100.0
2025,KXHIGHNY-25NOV19-B45.5,2112,0.020000000000000018,61050.0,167.0,1.0,1.0,100.0
2025,KXHIGHNY-25NOV19-B47.5,2266,0.020000000000000018,26952.0,14.0,1.0,1.0,100.0
2025,KXHIGHNY-25NOV19-B49.5,2227,0.010000000000000009,22465.0,53.0,1.0,1.0,100.0
2025,KXHIGHNY-25NOV19-B51.5,2149,0.019999999999999997,2634.0,130.0,1.0,1.0,100.0
2025,KXHIGHNY-25NOV19-T45,2091,0.01,35839.0,157.0,1.0,13.0,100.0
2025,KXHIGHNY-25NOV19-T52,1928,0.01,1349.0,317.0,1.0,8.0,100.0
2025,KXHIGHNY-25NOV20-B45.5,2121,0.010000000000000009,51060.0,60.0,1.0,45.0,100.0
2025,KXHIGHNY-25NOV20-B47.5,2157,0.010000000000000009,35644.0,24.0,1.0,35.0,100.0
2025,KXHIGHNY-25NOV20-B49.5,2009,0.010000000000000009,22328.0,171.0,1.0,46.0,100.0
2025,KXHIGHNY-25NOV20-B51.5,2032,0.01,11473.0,143.0,1.0,46.0,100.0
2025,KXHIGHNY-25NOV20-T45,1995,0.01,8517.0,175.0,1.0,50.0,100.0
2025,KXHIGHNY-25NOV20-T52,1910,0.01,328.0,247.0,1.0,45.0,100.0
2025,KXHIGHNY-25NOV21-B50.5,2138,0.010000000000000009,23125.0,131.0,1.0,5.0,100.0
2025,KXHIGHNY-25NOV21-B52.5,2204,0.010000000000000009,30023.0,76.0,1.0,1.0,100.0
2025,KXHIGHNY-25NOV21-B54.5,2196,0.010000000000000009,21974.0,84.0,1.0,1.0,100.0
2025,KXHIGHNY-25NOV21-B56.5,2068,0.010000000000000002,11476.0,185.0,1.0,10.0,100.0
2025,KXHIGHNY-25NOV21-T50,2010,0.010000000000000002,15981.0,234.0,1.0,11.0,100.0
2025,KXHIGHNY-25NOV21-T57,1941,0.01,3841.0,304.0,1.0,10.0,100.0
2025,KXHIGHNY-25NOV22-B49.5,1977,0.010000000000000009,33168.0,302.0,1.0,1.0,100.0
2025,KXHIGHNY-25NOV22-B51.5,2252,0.010000000000000009,16996.0,28.0,1.0,1.0,100.0
2025,KXHIGHNY-25NOV22-B53.5,2227,0.020000000000000018,28223.0,53.0,1.0,1.0,100.0
2025,KXHIGHNY-25NOV22-B55.5,2048,0.01,5657.0,232.0,1.0,1.0,100.0
2025,KXHIGHNY-25NOV22-T49,2179,0.01,19318.0,101.0,1.0,1.0,100.0
2025,KXHIGHNY-25NOV22-T56,1650,0.019999999999999997,382.0,619.0,1.0,5.0,100.0
2025,KXHIGHNY-25NOV23-B47.5,2209,0.020000000000000018,53217.0,70.0,1.0,1.0,100.0
2025,KXHIGHNY-25NOV23-B49.5,2248,0.02999999999999997,25426.0,32.0,1.0,1.0,100.0
2025,KXHIGHNY-25NOV23-B51.5,2189,0.020000000000000018,18785.0,91.0,1.0,1.0,100.0
2025,KXHIGHNY-25NOV23-B53.5,2043,0.020000000000000004,3223.0,233.0,1.0,3.0,100.0
2025,KXHIGHNY-25NOV23-T47,2083,0.01,20981.0,196.0,1.0,1.0,100.0
2025,KXHIGHNY-25NOV23-T54,1928,0.02,115.0,341.0,1.0,6.0,100.0
2025,KXHIGHNY-25NOV24-B49.5,2252,0.010000000000000009,17216.0,28.0,1.0,1.0,100.0
2025,KXHIGHNY-25NOV24-B51.5,2185,0.010000000000000009,40882.0,95.0,1.0,1.0,100.0
2025,KXHIGHNY-25NOV24-B53.5,2209,0.010000000000000009,36653.0,69.0,1.0,2.0,100.0
2025,KXHIGHNY-25NOV24-B55.5,2067,0.010000000000000009,16103.0,212.0,1.0,1.0,100.0
2025,KXHIGHNY-25NOV24-T49,2005,0.01,7351.0,274.0,1.0,2.0,100.0
2025,KXHIGHNY-25NOV24-T56,1858,0.01,6549.0,403.0,1.0,16.0,100.0
2025,KXHIGHNY-25NOV25-B52.5,2251,0.01,10580.0,29.0,1.0,1.0,100.0
2025,KXHIGHNY-25NOV25-B54.5,2268,0.030000000000000027,81381.0,12.0,1.0,1.0,100.0
2025,KXHIGHNY-25NOV25-B56.5,2270,0.030000000000000027,82141.0,10.0,1.0,1.0,100.0
2025,KXHIGHNY-25NOV25-B58.5,2246,0.020000000000000018,64107.0,33.0,1.0,2.0,100.0
2025,KXHIGHNY-25NOV25-T52,2103,0.01,1893.0,163.0,1.0,5.0,100.0
2025,KXHIGHNY-25NOV25-T59,2053,0.02,26939.0,160.0,1.0,24.0,100.0
2025,KXHIGHNY-25NOV26-B58.5,2051,0.01999999999999999,51400.0,227.0,1.0,2.0,100.0
2025,KXHIGHNY-25NOV26-B60.5,2084,0.029999999999999916,28463.0,183.0,1.0,4.0,100.0
2025,KXHIGHNY-25NOV26-B62.5,2007,0.02,18884.0,239.0,1.0,15.0,100.0
2025,KXHIGHNY-25NOV26-B64.5,1895,0.010000000000000009,11898.0,384.0,1.0,1.0,100.0
2025,KXHIGHNY-25NOV26-T58,1685,0.01,3796.0,375.0,1.0,17.0,100.0
2025,KXHIGHNY-25NOV26-T65,1718,0.01,2708.0,429.0,1.0,18.0,100.0
2025,KXHIGHNY-25NOV27-B47.5,2057,0.01999999999999999,90397.0,115.0,1.0,60.0,100.0
2025,KXHIGHNY-25NOV27-B49.5,2134,0.010000000000000009,58969.0,36.0,1.0,60.0,100.0
2025,KXHIGHNY-25NOV27-B51.5,1895,0.01,26201.0,274.0,1.0,62.0,100.0
2025,KXHIGHNY-25NOV27-B53.5,1707,0.01,9305.0,439.0,1.0,64.0,100.0
2025,KXHIGHNY-25NOV27-T47,1935,0.01,255224.0,226.0,1.0,100.0,100.0
2025,KXHIGHNY-25NOV27-T54,1763,0.01,2451.0,402.0,1.0,64.0,100.0
2025,KXHIGHNY-25NOV28-B39.5,2105,0.010000000000000009,4923.0,164.0,1.0,4.0,100.0
2025,KXHIGHNY-25NOV28-B41.5,2153,0.020000000000000018,62658.0,127.0,1.0,1.0,100.0
2025,KXHIGHNY-25NOV28-B43.5,2254,0.020000000000000018,14099.0,26.0,1.0,1.0,100.0
2025,KXHIGHNY-25NOV28-B45.5,2078,0.03,11145.0,195.0,1.0,3.0,100.0
2025,KXHIGHNY-25NOV28-T39,1766,0.01,2712.0,419.0,1.0,17.0,100.0
2025,KXHIGHNY-25NOV28-T46,1896,0.019999999999999997,2241.0,352.0,1.0,8.0,100.0
2025,KXHIGHNY-25NOV29-B39.5,2099,0.03,3934.0,172.0,1.0,4.0,100.0
2025,KXHIGHNY-25NOV29-B41.5,2203,0.019999999999999962,22835.0,77.0,1.0,1.0,100.0
2025,KXHIGHNY-25NOV29-B43.5,2200,0.030000000000000027,23752.0,79.0,1.0,1.0,100.0
2025,KXHIGHNY-25NOV29-B45.5,1959,0.020000000000000004,8473.0,251.0,1.0,27.0,100.0
2025,KXHIGHNY-25NOV29-T39,1516,0.01,1562.0,530.0,1.0,17.0,100.0
2025,KXHIGHNY-25NOV29-T46,1548,0.01,6432.0,590.0,1.0,24.0,100.0
2025,KXHIGHNY-25NOV30-B46.5,1992,0.020000000000000018,15548.0,103.0,1.0,62.0,100.0
2025,KXHIGHNY-25NOV30-B48.5,1845,0.020000000000000018,9531.0,78.0,1.0,108.0,100.0
2025,KXHIGHNY-25NOV30-B50.5,1686,0.020000000000000004,3540.0,246.0,1.0,74.0,100.0
2025,KXHIGHNY-25NOV30-B52.5,1521,0.01,422.0,286.0,1.0,93.0,100.0
2025,KXHIGHNY-25NOV30-T46,2011,0.010000000000000009,34695.0,77.0,1.0,96.0,100.0
2025,KXHIGHNY-25NOV30-T53,1460,0.01,299.0,316.0,1.0,108.0,100.0
2025,KXHIGHNY-25OCT01-B65.5,1511,0.03,5548.0,468.0,1.0,85.0,100.0
2025,KXHIGHNY-25OCT01-B67.5,1897,0.03999999999999998,30990.0,180.0,1.0,85.0,100.0
2025,KXHIGHNY-25OCT01-B69.5,2094,0.030000000000000027,22320.0,164.0,1.0,13.0,100.0
2025,KXHIGHNY-25OCT01-B71.5,1774,0.04999999999999999,19340.0,199.0,1.0,24.0,100.0
2025,KXHIGHNY-25OCT01-T65,1140,0.01,121.0,445.0,1.0,103.0,100.0
2025,KXHIGHNY-25OCT01-T72,1677,0.02,3540.0,297.0,1.0,117.0,100.0
2025,KXHIGHNY-25OCT02-B62.5,1796,0.03,5090.0,343.0,1.0,60.0,100.0
2025,KXHIGHNY-25OCT02-B64.5,1965,0.029999999999999985,61526.0,215.0,1.0,57.0,100.0
2025,KXHIGHNY-25OCT02-B66.5,2036,0.029999999999999916,85938.0,144.0,1.0,60.0,100.0
2025,KXHIGHNY-25OCT02-B68.5,1847,0.030000000000000027,35189.0,299.0,1.0,60.0,100.0
2025,KXHIGHNY-25OCT02-T62,1600,0.01,25.0,413.0,1.0,64.0,100.0
2025,KXHIGHNY-25OCT02-T69,1805,0.03,18130.0,323.0,1.0,60.0,100.0
2025,KXHIGHNY-25OCT03-B70.5,2133,0.03000000000000002,56443.0,146.0,1.0,2.0,100.0
2025,KXHIGHNY-25OCT03-B72.5,1936,0.03999999999999998,192046.0,50.0,1.0,144.0,100.0
2025,KXHIGHNY-25OCT03-B74.5,1852,0.04999999999999999,21339.0,107.0,1.0,104.0,100.0
2025,KXHIGHNY-25OCT03-B76.5,1835,0.03,2147.0,435.0,1.0,6.0,100.0
2025,KXHIGHNY-25OCT03-T70,1747,0.03,18356.0,198.0,1.0,45.0,100.0
2025,KXHIGHNY-25OCT03-T77,1589,0.03,1361.0,288.0,1.0,73.0,100.0
2025,KXHIGHNY-25OCT04-B79.5,2110,0.019999999999999962,26228.0,169.0,1.0,2.0,100.0
2025,KXHIGHNY-25OCT04-B81.5,2150,0.010000000000000009,36676.0,130.0,1.0,1.0,100.0
2025,KXHIGHNY-25OCT04-B83.5,2065,0.03,36182.0,214.0,1.0,1.0,100.0
2025,KXHIGHNY-25OCT04-B85.5,1929,0.019999999999999997,2268.0,350.0,1.0,1.0,100.0
2025,KXHIGHNY-25OCT04-T79,1736,0.02,4588.0,500.0,1.0,5.0,100.0
2025,KXHIGHNY-25OCT04-T86,1848,0.02,687.0,394.0,1.0,8.0,100.0
2025,KXHIGHNY-25OCT05-B80.5,1943,0.01999999999999999,21564.0,324.0,1.0,4.0,100.0
2025,KXHIGHNY-25OCT05-B82.5,2024,0.010000000000000009,38758.0,255.0,1.0,1.0,100.0
2025,KXHIGHNY-25OCT05-B84.5,2231,0.010000000000000009,31333.0,48.0,1.0,1.0,100.0
2025,KXHIGHNY-25OCT05-B86.5,2172,0.03,3643.0,78.0,1.0,15.0,100.0
2025,KXHIGHNY-25OCT05-T80,1734,0.020000000000000004,1791.0,472.0,1.0,9.0,100.0
2025,KXHIGHNY-25OCT05-T87,1598,0.01,455.0,446.0,1.0,19.0,100.0
2025,KXHIGHNY-25OCT06-B77.5,2004,0.010000000000000009,25588.0,271.0,1.0,2.0,100.0
2025,KXHIGHNY-25OCT06-B79.5,2182,0.010000000000000009,35632.0,95.0,1.0,3.0,100.0
2025,KXHIGHNY-25OCT06-B81.5,2111,0.020000000000000018,22619.0,166.0,1.0,2.0,100.0
2025,KXHIGHNY-25OCT06-B83.5,1946,0.03,15450.0,255.0,1.0,15.0,100.0
2025,KXHIGHNY-25OCT06-T77,1564,0.01,8890.0,445.0,1.0,15.0,100.0
2025,KXHIGHNY-25OCT06-T84,1918,0.01,7248.0,361.0,1.0,1.0,100.0
2025,KXHIGHNY-25OCT07-B79.5,2194,0.010000000000000009,33555.0,83.0,1.0,2.0,100.0
2025,KXHIGHNY-25OCT07-B81.5,2093,0.010000000000000009,35145.0,184.0,1.0,3.0,100.0
2025,KXHIGHNY-25OCT07-B83.5,1923,0.02,9707.0,355.0,1.0,2.0,100.0
2025,KXHIGHNY-25OCT07-B85.5,1841,0.01,6423.0,314.0,1.0,12.0,100.0
2025,KXHIGHNY-25OCT07-T79,2061,0.010000000000000009,52428.0,216.0,1.0,3.0,100.0
2025,KXHIGHNY-25OCT07-T86,2023,0.01,989.0,255.0,1.0,2.0,100.0
2025,KXHIGHNY-25OCT08-B69.5,1972,0.010000000000000009,62435.0,304.0,1.0,3.0,100.0
2025,KXHIGHNY-25OCT08-B71.5,2216,0.010000000000000009,24396.0,61.0,1.0,3.0,100.0
2025,KXHIGHNY-25OCT08-B73.5,1795,0.010000000000000002,13114.0,478.0,1.0,3.0,100.0
2025,KXHIGHNY-25OCT08-B75.5,1994,0.01,199.0,258.0,1.0,3.0,100.0
2025,KXHIGHNY-25OCT08-T69,2083,0.01,47532.0,194.0,1.0,3.0,100.0
2025,KXHIGHNY-25OCT08-T76,1945,0.02,789.0,309.0,1.0,8.0,100.0
2025,KXHIGHNY-25OCT09-B58.5,1972,0.010000000000000009,37875.0,194.0,1.0,60.0,100.0
2025,KXHIGHNY-25OCT09-B60.5,1999,0.010000000000000009,28824.0,168.0,1.0,60.0,100.0
2025,KXHIGHNY-25OCT09-B62.5,1950,0.02,10403.0,221.0,1.0,60.0,100.0
2025,KXHIGHNY-25OCT09-B64.5,1687,0.03,2986.0,346.0,1.0,66.0,100.0
2025,KXHIGHNY-25OCT09-T58,1933,0.010000000000000002,25229.0,224.0,1.0,48.0,100.0
2025,KXHIGHNY-25OCT09-T65,1790,0.02,6426.0,315.0,1.0,60.0,100.0
2025,KXHIGHNY-25OCT10-B60.5,2164,0.010000000000000009,37161.0,116.0,1.0,1.0,100.0
2025,KXHIGHNY-25OCT10-B62.5,2167,0.010000000000000009,31975.0,113.0,1.0,1.0,100.0
2025,KXHIGHNY-25OCT10-B64.5,2032,0.010000000000000009,18786.0,239.0,1.0,3.0,100.0
2025,KXHIGHNY-25OCT10-B66.5,1952,0.01,10038.0,325.0,1.0,2.0,100.0
2025,KXHIGHNY-25OCT10-T60,1898,0.010000000000000002,4269.0,358.0,1.0,3.0,100.0
2025,KXHIGHNY-25OCT10-T67,1863,0.01,1029.0,380.0,1.0,18.0,100.0
2025,KXHIGHNY-25OCT11-B64.5,2127,0.03,46763.0,148.0,1.0,2.0,100.0
2025,KXHIGHNY-25OCT11-B66.5,2243,0.030000000000000027,42140.0,37.0,1.0,1.0,100.0
2025,KXHIGHNY-25OCT11-B68.5,2085,0.020000000000000018,18671.0,195.0,1.0,1.0,100.0
2025,KXHIGHNY-25OCT11-B70.5,2013,0.02,9321.0,249.0,1.0,9.0,100.0
2025,KXHIGHNY-25OCT11-T64,1878,0.010000000000000002,60941.0,311.0,1.0,16.0,100.0
2025,KXHIGHNY-25OCT11-T71,1783,0.01,449.0,485.0,1.0,10.0,100.0
2025,KXHIGHNY-25OCT12-B61.5,1908,0.010000000000000009,116970.0,371.0,1.0,1.0,100.0
2025,KXHIGHNY-25OCT12-B63.5,2137,0.020000000000000018,19874.0,142.0,1.0,1.0,100.0
2025,KXHIGHNY-25OCT12-B65.5,1928,0.03,4646.0,351.0,1.0,1.0,100.0
2025,KXHIGHNY-25OCT12-B67.5,1787,0.03,126.0,492.0,1.0,1.0,100.0
2025,KXHIGHNY-25OCT12-T61,2001,0.01,38867.0,279.0,1.0,1.0,100.0
2025,KXHIGHNY-25OCT12-T68,1766,0.03,5.0,513.0,1.0,1.0,100.0
2025,KXHIGHNY-25OCT13-B58.5,2177,0.02999999999999997,31467.0,99.0,1.0,3.0,100.0
2025,KXHIGHNY-25OCT13-B60.5,2164,0.020000000000000018,28248.0,113.0,1.0,3.0,100.0
2025,KXHIGHNY-25OCT13-B62.5,1913,0.01,22361.0,312.0,1.0,7.0,100.0
2025,KXHIGHNY-25OCT13-B64.5,1426,0.02,379.0,537.0,1.0,16.0,100.0
2025,KXHIGHNY-25OCT13-T58,2119,0.010000000000000009,495353.0,139.0,1.0,4.0,100.0
2025,KXHIGHNY-25OCT13-T65,1392,0.02,1067.0,542.0,1.0,18.0,100.0
2025,KXHIGHNY-25OCT14-B60.5,2204,0.019999999999999962,69461.0,75.0,1.0,2.0,100.0
2025,KXHIGHNY-25OCT14-B62.5,2198,0.020000000000000018,60548.0,82.0,1.0,1.0,100.0
2025,KXHIGHNY-25OCT14-B64.5,2050,0.01999999999999999,22618.0,228.0,1.0,2.0,100.0
2025,KXHIGHNY-25OCT14-B66.5,1888,0.01,8289.0,385.0,1.0,4.0,100.0
2025,KXHIGHNY-25OCT14-T60,1884,0.010000000000000002,27104.0,367.0,1.0,7.0,100.0
2025,KXHIGHNY-25OCT14-T67,1745,0.02,2954.0,395.0,1.0,18.0,100.0
2025,KXHIGHNY-25OCT15-B63.5,1981,0.010000000000000009,26933.0,259.0,1.0,13.0,100.0
2025,KXHIGHNY-25OCT15-B65.5,2028,0.020000000000000018,111436.0,243.0,1.0,5.0,100.0
2025,KXHIGHNY-25OCT15-B67.5,2109,0.03999999999999998,55075.0,171.0,1.0,1.0,100.0
2025,KXHIGHNY-25OCT15-B69.5,1928,0.05,63896.0,351.0,1.0,2.0,100.0
2025,KXHIGHNY-25OCT15-T63,1814,0.01,7118.0,465.0,1.0,1.0,100.0
2025,KXHIGHNY-25OCT15-T70,1658,0.01,4980.0,610.0,1.0,8.0,100.0
2025,KXHIGHNY-25OCT16-B56.5,2027,0.010000000000000009,16902.0,152.0,1.0,60.0,100.0
2025,KXHIGHNY-25OCT16-B58.5,1967,0.020000000000000018,26998.0,208.0,1.0,60.0,100.0
2025,KXHIGHNY-25OCT16-B60.5,2000,0.030000000000000027,26735.0,178.0,1.0,64.0,100.0
2025,KXHIGHNY-25OCT16-B62.5,1870,0.03,11296.0,299.0,1.0,65.0,100.0
2025,KXHIGHNY-25OCT16-T56,1733,0.01,746.0,418.0,1.0,60.0,100.0
2025,KXHIGHNY-25OCT16-T63,1720,0.019999999999999997,2233.0,445.0,1.0,60.0,100.0
2025,KXHIGHNY-25OCT17-B59.5,2103,0.020000000000000004,39323.0,174.0,1.0,2.0,100.0
2025,KXHIGHNY-25OCT17-B61.5,2100,0.020000000000000018,80759.0,180.0,1.0,1.0,100.0
2025,KXHIGHNY-25OCT17-B63.5,2177,0.020000000000000018,51583.0,102.0,1.0,1.0,100.0
2025,KXHIGHNY-25OCT17-B65.5,1933,0.020000000000000004,29456.0,301.0,1.0,8.0,100.0
2025,KXHIGHNY-25OCT17-T59,1574,0.01,2175.0,425.0,1.0,16.0,100.0
2025,KXHIGHNY-25OCT17-T66,1669,0.02,5799.0,492.0,1.0,15.0,100.0
2025,KXHIGHNY-25OCT18-B62.5,1993,0.01,19714.0,238.0,1.0,14.0,100.0
2025,KXHIGHNY-25OCT18-B64.5,1967,0.020000000000000018,29038.0,303.0,1.0,4.0,100.0
2025,KXHIGHNY-25OCT18-B66.5,2018,0.019999999999999907,30470.0,257.0,1.0,4.0,100.0
2025,KXHIGHNY-25OCT18-B68.5,1870,0.02,10513.0,361.0,1.0,13.0,100.0
2025,KXHIGHNY-25OCT18-T62,1486,0.01,1589.0,745.0,1.0,13.0,100.0
2025,KXHIGHNY-25OCT18-T69,1303,0.01,1088.0,740.0,1.0,44.0,100.0
2025,KXHIGHNY-25OCT19-B68.5,1608,0.020000000000000004,72460.0,382.0,1.0,52.0,100.0
2025,KXHIGHNY-25OCT19-B70.5,1790,0.019999999999999962,29449.0,277.0,1.0,9.0,100.0
2025,KXHIGHNY-25OCT19-B72.5,1680,0.03,19541.0,344.0,1.0,11.0,100.0
2025,KXHIGHNY-25OCT19-B74.5,1471,0.010000000000000009,12581.0,448.0,1.0,33.0,100.0
2025,KXHIGHNY-25OCT19-T68,1086,0.019999999999999997,15027.0,592.0,1.0,27.0,100.0
2025,KXHIGHNY-25OCT19-T75,1202,0.02,1390.0,678.0,1.0,33.0,100.0
2025,KXHIGHNY-25OCT20-B64.5,923,0.03,55776.0,374.0,1.0,132.0,100.0
2025,KXHIGHNY-25OCT20-B66.5,1151,0.010000000000000009,64198.0,221.0,2.0,71.0,100.0
2025,KXHIGHNY-25OCT20-B68.5,1204,0.020000000000000018,407179.0,365.0,1.0,43.0,100.0
2025,KXHIGHNY-25OCT20-B70.5,717,0.04,3283.0,368.0,1.0,169.0,100.0
2025,KXHIGHNY-25OCT20-T64,1739,0.01,308605.0,184.0,1.0,61.0,100.0
2025,KXHIGHNY-25OCT20-T71,582,0.03,618.0,396.0,1.0,124.0,100.0
2025,KXHIGHNY-25OCT21-B63.5,1113,0.010000000000000002,10956.0,310.0,2.0,66.0,100.0
2025,KXHIGHNY-25OCT21-B65.5,1463,0.019999999999999962,49661.0,243.0,2.0,51.0,100.0
2025,KXHIGHNY-25OCT21-B67.5,1418,0.020000000000000018,39989.0,240.0,2.0,46.0,100.0
2025,KXHIGHNY-25OCT21-B69.5,1323,0.02,13504.0,245.0,2.0,83.0,100.0
2025,KXHIGHNY-25OCT21-T63,450,0.01,445.0,300.0,3.0,52.0,100.0
2025,KXHIGHNY-25OCT21-T70,853,0.03,1831.0,329.0,2.0,89.0,100.0
2025,KXHIGHNY-25OCT22-B61.5,1421,0.020000000000000018,49572.0,258.0,1.0,72.0,100.0
2025,KXHIGHNY-25OCT22-B63.5,1344,0.03,38096.0,242.0,2.0,121.0,100.0
2025,KXHIGHNY-25OCT22-B65.5,1252,0.020000000000000004,16977.0,272.0,1.0,74.0,100.0
2025,KXHIGHNY-25OCT22-B67.5,1069,0.01,1658.0,264.0,2.0,74.0,100.0
2025,KXHIGHNY-25OCT22-T61,975,0.01,11456.0,300.0,2.0,74.0,100.0
2025,KXHIGHNY-25OCT22-T68,437,0.01,751.0,270.0,3.0,155.0,100.0
2025,KXHIGHNY-25OCT23-B58.5,1243,0.010000000000000009,57690.0,267.0,3.0,52.0,100.0
2025,KXHIGHNY-25OCT23-B60.5,1494,0.010000000000000009,36537.0,186.0,2.0,58.0,100.0
2025,KXHIGHNY-25OCT23-B62.5,1180,0.010000000000000002,15076.0,250.0,3.0,63.0,100.0
2025,KXHIGHNY-25OCT23-B64.5,837,0.03,1363.0,318.0,3.0,49.0,100.0
2025,KXHIGHNY-25OCT23-T58,1418,0.010000000000000009,19492.0,224.0,2.0,38.0,100.0
2025,KXHIGHNY-25OCT23-T65,491,0.01,595.0,298.0,3.0,88.0,100.0
2025,KXHIGHNY-25OCT24-B57.5,1518,0.03,35109.0,252.0,2.0,23.0,100.0
2025,KXHIGHNY-25OCT24-B59.5,1788,0.020000000000000018,33861.0,184.0,2.0,23.0,100.0
2025,KXHIGHNY-25OCT24-B61.5,1286,0.01999999999999999,19281.0,325.0,2.0,40.0,100.0
2025,KXHIGHNY-25OCT24-B63.5,770,0.010000000000000002,1515.0,347.0,2.0,37.0,100.0
2025,KXHIGHNY-25OCT24-T57,656,0.01,2501.0,333.0,3.0,38.0,100.0
2025,KXHIGHNY-25OCT24-T64,620,0.03,33.0,320.0,2.0,72.0,100.0
2025,KXHIGHNY-25OCT25-B55.5,1330,0.010000000000000002,13225.0,283.0,2.0,102.0,100.0
2025,KXHIGHNY-25OCT25-B57.5,1327,0.020000000000000018,58423.0,253.0,2.0,76.0,100.0
2025,KXHIGHNY-25OCT25-B59.5,1259,0.02999999999999997,24727.0,241.0,2.0,37.0,100.0
2025,KXHIGHNY-25OCT25-B61.5,880,0.010000000000000009,13788.0,237.0,2.0,76.0,100.0
2025,KXHIGHNY-25OCT25-T55,408,0.01,10462.0,264.0,3.5,64.0,100.0
2025,KXHIGHNY-25OCT25-T62,572,0.01,3843.0,258.0,2.0,76.0,100.0
2025,KXHIGHNY-25OCT26-B54.5,1256,0.01999999999999999,60186.0,196.0,2.0,97.0,100.0
2025,KXHIGHNY-25OCT26-B56.5,1438,0.019999999999999962,28825.0,285.0,1.0,104.0,100.0
2025,KXHIGHNY-25OCT26-B58.5,1378,0.03999999999999998,30534.0,227.0,2.0,38.0,100.0
2025,KXHIGHNY-25OCT26-B60.5,1184,0.02,29281.0,261.0,2.0,70.0,100.0
2025,KXHIGHNY-25OCT26-T54,508,0.01,19875.0,267.0,3.0,91.0,100.0
2025,KXHIGHNY-25OCT26-T61,547,0.02,4003.0,277.0,3.0,139.0,100.0
2025,KXHIGHNY-25OCT27-B52.5,572,0.01,7360.0,348.0,3.0,42.0,100.0
2025,KXHIGHNY-25OCT27-B54.5,1231,0.020000000000000018,29334.0,283.0,2.0,51.0,100.0
2025,KXHIGHNY-25OCT27-B56.5,1369,0.030000000000000027,27799.0,220.0,2.0,53.0,100.0
2025,KXHIGHNY-25OCT27-B58.5,1081,0.01999999999999999,18989.0,315.0,2.0,58.0,100.0
2025,KXHIGHNY-25OCT27-T52,420,0.01,2656.0,297.0,4.0,46.0,100.0
2025,KXHIGHNY-25OCT27-T59,770,0.01,4693.0,328.0,2.0,130.0,100.0
2025,KXHIGHNY-25OCT28-B54.5,1700,0.05000000000000002,57288.0,257.0,1.0,26.0,100.0
2025,KXHIGHNY-25OCT28-B56.5,1640,0.02999999999999997,51144.0,327.0,1.0,26.0,100.0
2025,KXHIGHNY-25OCT28-B58.5,1422,0.010000000000000002,9870.0,406.0,1.0,29.0,100.0
2025,KXHIGHNY-25OCT28-B60.5,1169,0.01,4171.0,448.0,1.0,32.0,100.0
2025,KXHIGHNY-25OCT28-T54,1536,0.020000000000000004,95591.0,250.0,1.0,53.0,100.0
2025,KXHIGHNY-25OCT28-T61,842,0.01,635.0,508.0,1.0,57.0,100.0
2025,KXHIGHNY-25OCT29-B52.5,1775,0.010000000000000009,16776.0,423.0,1.0,10.0,100.0
2025,KXHIGHNY-25OCT29-B54.5,1766,0.030000000000000027,88598.0,477.0,1.0,25.0,100.0
2025,KXHIGHNY-25OCT29-B56.5,1657,0.030000000000000027,21440.0,228.0,1.0,61.0,100.0
2025,KXHIGHNY-25OCT29-B58.5,1701,0.015,17218.0,494.0,1.0,11.0,100.0
2025,KXHIGHNY-25OCT29-T52,1117,0.01,3634.0,594.0,1.0,31.0,100.0
2025,KXHIGHNY-25OCT29-T59,1038,0.01,924.0,613.0,1.0,31.0,100.0
2025,KXHIGHNY-25OCT30-B58.5,1726,0.01,18268.0,434.0,1.0,48.0,100.0
2025,KXHIGHNY-25OCT30-B60.5,1725,0.02999999999999997,28714.0,397.0,1.0,63.0,100.0
2025,KXHIGHNY-25OCT30-B62.5,1953,0.030000000000000027,25507.0,215.0,1.0,47.0,100.0
2025,KXHIGHNY-25OCT30-B64.5,1807,0.03,25459.0,325.0,1.0,59.0,100.0
2025,KXHIGHNY-25OCT30-T58,1612,0.01,2818.0,543.0,1.0,68.0,100.0
2025,KXHIGHNY-25OCT30-T65,1519,0.010000000000000002,33580.0,472.0,1.0,56.0,100.0
2025,KXHIGHNY-25OCT31-B58.5,1924,0.020000000000000018,45538.0,354.0,1.0,2.0,100.0
2025,KXHIGHNY-25OCT31-B60.5,1749,0.010000000000000009,36202.0,488.0,1.0,6.0,100.0
2025,KXHIGHNY-25OCT31-B62.5,1431,0.01,10175.0,680.0,1.0,38.0,100.0
2025,KXHIGHNY-25OCT31-B64.5,1451,0.01,2633.0,667.0,1.0,43.0,100.0
2025,KXHIGHNY-25OCT31-T58,2013,0.010000000000000009,114695.0,265.0,1.0,2.0,100.0
2025,KXHIGHNY-25OCT31-T65,1434,0.01,2954.0,818.0,1.0,15.0,100.0
2025,KXHIGHNY-25SEP01-B75.5,1729,0.020000000000000004,8192.0,73.0,1.0,49.0,100.0
2025,KXHIGHNY-25SEP01-B77.5,1829,0.030000000000000027,16734.0,56.0,2.0,61.0,100.0
2025,KXHIGHNY-25SEP01-B79.5,1798,0.04000000000000001,12412.0,71.0,1.0,188.0,100.0
2025,KXHIGHNY-25SEP01-B81.5,1293,0.01,96.0,314.0,1.0,182.0,100.0
2025,KXHIGHNY-25SEP01-T75,1441,0.019999999999999997,2948.0,245.0,1.0,180.0,100.0
2025,KXHIGHNY-25SEP01-T82,891,0.01,1.0,176.0,2.0,135.0,100.0
2025,KXHIGHNY-25SEP02-B74.5,1472,0.019999999999999997,9441.0,201.0,1.0,116.0,100.0
2025,KXHIGHNY-25SEP02-B76.5,1647,0.040000000000000036,30582.0,98.0,1.0,167.0,100.0
2025,KXHIGHNY-25SEP02-B78.5,1685,0.030000000000000027,23975.0,92.0,1.0,59.0,100.0
2025,KXHIGHNY-25SEP02-B80.5,1445,0.03,8441.0,122.0,2.0,156.0,100.0
2025,KXHIGHNY-25SEP02-T74,1425,0.01,109.0,148.0,1.0,194.0,100.0
2025,KXHIGHNY-25SEP02-T81,1351,0.03,11.0,171.0,1.0,59.0,100.0
2025,KXHIGHNY-25SEP03-B76.5,1621,0.03,23335.0,67.0,1.0,216.0,100.0
2025,KXHIGHNY-25SEP03-B78.5,1718,0.030000000000000027,23958.0,100.0,1.0,63.0,100.0
2025,KXHIGHNY-25SEP03-B80.5,1624,0.03,14109.0,112.0,1.5,77.0,100.0
2025,KXHIGHNY-25SEP03-B82.5,1040,0.01,542.0,205.0,2.0,143.0,100.0
2025,KXHIGHNY-25SEP03-T76,1240,0.01,2171.0,224.0,2.0,143.0,100.0
2025,KXHIGHNY-25SEP03-T83,1035,0.01,0.0,135.0,2.0,228.0,100.0
2025,KXHIGHNY-25SEP04-B76.5,1506,0.030000000000000027,37079.0,164.0,1.0,66.0,100.0
2025,KXHIGHNY-25SEP04-B78.5,1661,0.030000000000000027,25799.0,91.0,1.0,109.0,100.0
2025,KXHIGHNY-25SEP04-B80.5,1560,0.03,14744.0,107.0,1.0,147.0,100.0
2025,KXHIGHNY-25SEP04-B82.5,1240,0.019999999999999997,1968.0,184.0,2.0,118.0,100.0
2025,KXHIGHNY-25SEP04-T76,778,0.02,2442.0,252.0,2.0,116.0,100.0
2025,KXHIGHNY-25SEP04-T83,960,0.02,504.0,165.0,3.0,109.0,100.0
2025,KXHIGHNY-25SEP05-B82.5,1818,0.030000000000000027,26328.0,65.0,1.0,50.0,100.0
2025,KXHIGHNY-25SEP05-B84.5,1751,0.02999999999999997,15489.0,77.0,1.0,55.0,100.0
2025,KXHIGHNY-25SEP05-B86.5,1570,0.03,5509.0,174.0,1.0,57.0,100.0
2025,KXHIGHNY-25SEP05-B88.5,1096,0.03,15.0,171.0,3.0,57.0,100.0
2025,KXHIGHNY-25SEP05-T82,1778,0.030000000000000027,27091.0,93.0,1.0,55.0,100.0
2025,KXHIGHNY-25SEP05-T89,574,0.02,0.0,159.0,6.0,131.0,100.0
2025,KXHIGHNY-25SEP06-B81.5,2109,0.010000000000000002,2411.0,126.0,1.0,5.0,100.0
2025,KXHIGHNY-25SEP06-B83.5,1708,0.030000000000000027,16445.0,107.0,1.0,91.0,100.0
2025,KXHIGHNY-25SEP06-B85.5,1722,0.020000000000000018,15431.0,105.0,1.0,55.0,100.0
2025,KXHIGHNY-25SEP06-B87.5,1509,0.020000000000000018,12077.0,192.0,1.0,59.0,100.0
2025,KXHIGHNY-25SEP06-T81,1403,0.03,351.0,207.0,2.0,69.0,100.0
2025,KXHIGHNY-25SEP06-T88,1595,0.020000000000000004,8045.0,184.0,1.0,59.0,100.0
2025,KXHIGHNY-25SEP07-B69.5,2213,0.03999999999999998,50353.0,54.0,1.0,6.0,100.0
2025,KXHIGHNY-25SEP07-B71.5,1955,0.03999999999999998,29839.0,88.0,1.0,47.0,100.0
2025,KXHIGHNY-25SEP07-B73.5,1733,0.03,7872.0,164.0,1.0,59.0,100.0
2025,KXHIGHNY-25SEP07-B75.5,1515,0.03,3639.0,286.0,1.0,47.0,100.0
2025,KXHIGHNY-25SEP07-T69,1958,0.04999999999999999,210656.0,158.0,1.0,36.0,100.0
2025,KXHIGHNY-25SEP07-T76,1328,0.04,3159.0,220.0,2.0,47.0,100.0
2025,KXHIGHNY-25SEP08-B72.5,1948,0.040000000000000036,22203.0,76.0,1.0,55.0,100.0
2025,KXHIGHNY-25SEP08-B74.5,1938,0.02999999999999997,16506.0,62.0,1.0,64.0,100.0
2025,KXHIGHNY-25SEP08-B76.5,1609,0.03,4814.0,211.0,1.0,56.0,100.0
2025,KXHIGHNY-25SEP08-B78.5,1278,0.03,352.0,252.0,2.0,59.0,100.0
2025,KXHIGHNY-25SEP08-T72,1698,0.03,18498.0,165.0,1.0,81.0,100.0
2025,KXHIGHNY-25SEP08-T79,1431,0.03,562.0,269.0,1.0,48.0,100.0
2025,KXHIGHNY-25SEP09-B72.5,1857,0.030000000000000027,22914.0,91.0,1.0,70.0,100.0
2025,KXHIGHNY-25SEP09-B74.5,1793,0.030000000000000027,26427.0,99.0,1.0,55.0,100.0
2025,KXHIGHNY-25SEP09-B76.5,1520,0.03,5428.0,202.0,1.0,60.0,100.0
2025,KXHIGHNY-25SEP09-B78.5,1252,0.04,521.0,286.0,1.0,60.0,100.0
2025,KXHIGHNY-25SEP09-T72,1606,0.03,8807.0,151.0,1.0,60.0,100.0
2025,KXHIGHNY-25SEP09-T79,1095,0.03,23.0,288.0,1.0,60.0,100.0
2025,KXHIGHNY-25SEP10-B67.5,1998,0.02999999999999997,20668.0,140.0,1.0,25.0,100.0
2025,KXHIGHNY-25SEP10-B69.5,1772,0.03,25286.0,173.0,1.0,42.0,100.0
2025,KXHIGHNY-25SEP10-B71.5,1472,0.03,34687.0,181.0,2.0,72.0,100.0
2025,KXHIGHNY-25SEP10-B73.5,1608,0.030000000000000027,22174.0,242.0,1.0,25.0,100.0
2025,KXHIGHNY-25SEP10-T67,2014,0.020000000000000004,14064.0,107.0,1.0,25.0,100.0
2025,KXHIGHNY-25SEP10-T74,1008,0.03,4762.0,241.0,2.0,41.0,100.0
2025,KXHIGHNY-25SEP11-B78.5,2077,0.03999999999999998,15624.0,75.0,1.0,119.0,100.0
2025,KXHIGHNY-25SEP11-B80.5,1675,0.02999999999999997,18818.0,95.0,1.0,111.0,100.0
2025,KXHIGHNY-25SEP11-B82.5,1930,0.020000000000000018,12625.0,122.0,1.0,81.0,100.0
2025,KXHIGHNY-25SEP11-B84.5,1071,0.03,4707.0,212.0,2.0,173.0,100.0
2025,KXHIGHNY-25SEP11-T78,1976,0.019999999999999997,6533.0,141.0,1.0,109.0,100.0
2025,KXHIGHNY-25SEP11-T85,927,0.01,31.0,204.0,2.0,109.0,100.0
2025,KXHIGHNY-25SEP12-B75.5,2238,0.01999999999999999,18526.0,39.0,1.0,2.0,100.0
2025,KXHIGHNY-25SEP12-B77.5,1865,0.030000000000000027,18376.0,67.0,1.0,135.0,100.0
2025,KXHIGHNY-25SEP12-B79.5,2081,0.030000000000000027,16893.0,111.0,1.0,10.0,100.0
2025,KXHIGHNY-25SEP12-B81.5,1313,0.03,2227.0,223.0,2.0,34.0,100.0
2025,KXHIGHNY-25SEP12-T75,1517,0.01,2963.0,233.0,2.0,31.0,100.0
2025,KXHIGHNY-25SEP12-T82,1411,0.01,93.0,184.0,1.0,37.0,100.0
2025,KXHIGHNY-25SEP13-B77.5,2269,0.010000000000000009,11523.0,10.0,1.0,2.0,100.0
2025,KXHIGHNY-25SEP13-B79.5,1779,0.02999999999999997,6390.0,60.0,1.0,66.0,100.0
2025,KXHIGHNY-25SEP13-B81.5,2262,0.020000000000000004,1142.0,11.0,1.0,5.0,100.0
2025,KXHIGHNY-25SEP13-B83.5,1393,0.04,0.0,153.0,1.0,59.0,100.0
2025,KXHIGHNY-25SEP13-T77,2138,0.020000000000000004,33915.0,96.0,1.0,6.0,100.0
2025,KXHIGHNY-25SEP13-T84,1366,0.04,86.0,163.0,1.0,67.0,100.0
2025,KXHIGHNY-25SEP14-B79.5,1671,0.03999999999999998,12128.0,98.0,1.0,59.0,100.0
2025,KXHIGHNY-25SEP14-B81.5,2269,0.029999999999999916,12099.0,10.0,1.0,2.0,100.0
2025,KXHIGHNY-25SEP14-B83.5,1523,0.03999999999999998,4136.0,196.0,1.0,51.0,100.0
2025,KXHIGHNY-25SEP14-B85.5,1088,0.03,23.0,260.0,1.0,80.0,100.0
2025,KXHIGHNY-25SEP14-T79,2036,0.010000000000000002,5684.0,123.0,1.0,16.0,100.0
2025,KXHIGHNY-25SEP14-T86,2123,0.03,4.0,53.0,1.0,22.0,100.0
2025,KXHIGHNY-25SEP15-B75.5,1406,0.019999999999999997,2919.0,223.0,1.0,38.0,100.0
2025,KXHIGHNY-25SEP15-B77.5,1893,0.010000000000000009,12454.0,41.0,1.0,69.0,100.0
2025,KXHIGHNY-25SEP15-B79.5,1764,0.030000000000000027,22091.0,68.0,2.0,37.0,100.0
2025,KXHIGHNY-25SEP15-B81.5,1470,0.03,11418.0,186.0,1.0,91.0,100.0
2025,KXHIGHNY-25SEP15-T75,903,0.02,40.0,149.0,5.0,101.0,100.0
2025,KXHIGHNY-25SEP15-T82,1760,0.03,2411.0,85.0,2.0,38.0,100.0
2025,KXHIGHNY-25SEP16-B73.5,1772,0.02999999999999997,17737.0,59.0,1.0,75.0,100.0
2025,KXHIGHNY-25SEP16-B75.5,1733,0.030000000000000027,14979.0,99.0,1.0,61.0,100.0
2025,KXHIGHNY-25SEP16-B77.5,1617,0.039999999999999994,8593.0,147.0,1.0,172.0,100.0
2025,KXHIGHNY-25SEP16-B79.5,1224,0.03,1379.0,280.0,1.0,57.0,100.0
2025,KXHIGHNY-25SEP16-T73,1385,0.02,6545.0,153.0,2.0,186.0,100.0
2025,KXHIGHNY-25SEP16-T80,1011,0.03,302.0,174.0,2.0,59.0,100.0
2025,KXHIGHNY-25SEP17-B68.5,1925,0.03999999999999998,33408.0,81.0,1.0,55.0,100.0
2025,KXHIGHNY-25SEP17-B70.5,2004,0.040000000000000036,13016.0,67.0,1.0,68.0,100.0
2025,KXHIGHNY-25SEP17-B72.5,1790,0.03,7175.0,178.0,1.0,67.0,100.0
2025,KXHIGHNY-25SEP17-B74.5,1213,0.030000000000000002,2476.0,253.0,1.0,104.0,100.0
2025,KXHIGHNY-25SEP17-T68,1651,0.01999999999999999,13724.0,145.0,1.0,118.0,100.0
2025,KXHIGHNY-25SEP17-T75,1064,0.02,1677.0,248.0,2.0,116.0,100.0
2025,KXHIGHNY-25SEP18-B76.5,1232,0.03,1088.0,205.0,2.0,152.0,100.0
2025,KXHIGHNY-25SEP18-B78.5,1421,0.020000000000000018,3776.0,163.0,1.0,133.0,100.0
2025,KXHIGHNY-25SEP18-B80.5,1539,0.029999999999999916,9944.0,125.0,1.0,118.0,100.0
2025,KXHIGHNY-25SEP18-B82.5,1503,0.039999999999999925,14708.0,168.0,1.0,109.0,100.0
2025,KXHIGHNY-25SEP18-T76,772,0.02,152.0,208.0,3.0,109.0,100.0
2025,KXHIGHNY-25SEP18-T83,1366,0.039999999999999994,20955.0,208.0,1.0,109.0,100.0
2025,KXHIGHNY-25SEP19-B80.5,1503,0.020000000000000004,8263.0,181.0,1.0,91.0,100.0
2025,KXHIGHNY-25SEP19-B82.5,1780,0.030000000000000027,27168.0,98.0,1.0,48.0,100.0
2025,KXHIGHNY-25SEP19-B84.5,1835,0.03999999999999998,19545.0,79.0,1.0,48.0,100.0
2025,KXHIGHNY-25SEP19-B86.5,1385,0.03,9773.0,267.0,1.0,41.0,100.0
2025,KXHIGHNY-25SEP19-T80,1273,0.03,4227.0,234.0,2.0,34.0,100.0
2025,KXHIGHNY-25SEP19-T87,883,0.02,2182.0,274.0,2.0,67.0,100.0
2025,KXHIGHNY-25SEP20-B70.5,1628,0.020000000000000004,7401.0,219.0,1.0,88.0,100.0
2025,KXHIGHNY-25SEP20-B72.5,1813,0.03999999999999998,15046.0,112.0,1.0,90.0,100.0
2025,KXHIGHNY-25SEP20-B74.5,1839,0.03999999999999998,14303.0,103.0,1.0,114.0,100.0
2025,KXHIGHNY-25SEP20-B76.5,1468,0.04,6529.0,197.0,1.0,59.0,100.0
2025,KXHIGHNY-25SEP20-T70,1237,0.019999999999999997,1183.0,327.0,1.0,112.0,100.0
2025,KXHIGHNY-25SEP20-T77,1178,0.04,710.0,230.0,2.0,59.0,100.0
2025,KXHIGHNY-25SEP21-B67.5,1332,0.01,545.0,269.0,2.0,62.0,100.0
2025,KXHIGHNY-25SEP21-B69.5,1666,0.03999999999999998,17685.0,87.0,2.0,62.0,100.0
2025,KXHIGHNY-25SEP21-B71.5,1780,0.020000000000000018,12601.0,96.0,1.0,62.0,100.0
2025,KXHIGHNY-25SEP21-B73.5,1597,0.039999999999999994,8203.0,172.0,1.0,99.0,100.0
2025,KXHIGHNY-25SEP21-T67,1493,0.02,20.0,210.0,2.0,62.0,100.0
2025,KXHIGHNY-25SEP21-T74,1505,0.03,1014.0,150.0,1.5,99.0,100.0
2025,KXHIGHNY-25SEP22-B72.5,1837,0.030000000000000027,25441.0,101.0,1.0,43.0,100.0
2025,KXHIGHNY-25SEP22-B74.5,2165,0.010000000000000009,20753.0,34.0,1.0,11.0,100.0
2025,KXHIGHNY-25SEP22-B76.5,1665,0.03,5199.0,146.0,1.0,56.0,100.0
2025,KXHIGHNY-25SEP22-B78.5,1315,0.03,388.0,237.0,1.0,34.0,100.0
2025,KXHIGHNY-25SEP22-T72,1637,0.03,26275.0,115.0,2.0,80.0,100.0
2025,KXHIGHNY-25SEP22-T79,1449,0.03,190.0,189.0,1.0,36.0,100.0
2025,KXHIGHNY-25SEP23-B76.5,957,0.03,602.0,339.0,2.0,63.0,100.0
2025,KXHIGHNY-25SEP23-B78.5,1475,0.020000000000000004,4972.0,164.0,1.0,60.0,100.0
2025,KXHIGHNY-25SEP23-B80.5,1658,0.03,20230.0,86.0,2.0,60.0,100.0
2025,KXHIGHNY-25SEP23-B82.5,1890,0.030000000000000027,16568.0,102.0,1.0,61.0,100.0
2025,KXHIGHNY-25SEP23-T76,1033,0.04,137.0,263.0,2.0,66.0,100.0
2025,KXHIGHNY-25SEP23-T83,1823,0.03,15184.0,115.0,1.0,60.0,100.0
2025,KXHIGHNY-25SEP24-B75.5,1761,0.010000000000000002,3951.0,249.0,1.0,108.0,100.0
2025,KXHIGHNY-25SEP24-B77.5,1956,0.03999999999999998,20430.0,120.0,1.0,108.0,100.0
2025,KXHIGHNY-25SEP24-B79.5,1956,0.020000000000000018,18883.0,122.0,1.0,98.0,100.0
2025,KXHIGHNY-25SEP24-B81.5,1396,0.03999999999999998,13181.0,258.0,1.0,68.0,100.0
2025,KXHIGHNY-25SEP24-T75,1290,0.03,381.0,277.0,1.0,108.0,100.0
2025,KXHIGHNY-25SEP24-T82,1435,0.020000000000000004,10098.0,235.0,1.0,108.0,100.0
2025,KXHIGHNY-25SEP25-B75.5,1979,0.040000000000000036,23981.0,88.0,1.0,60.0,100.0
2025,KXHIGHNY-25SEP25-B77.5,1890,0.04,20426.0,179.0,1.0,60.0,100.0
2025,KXHIGHNY-25SEP25-B79.5,1496,0.03,9557.0,289.0,1.0,60.0,100.0
2025,KXHIGHNY-25SEP25-B81.5,1572,0.03,192.0,241.0,1.0,35.0,100.0
2025,KXHIGHNY-25SEP25-T75,1934,0.010000000000000009,15519.0,73.0,2.0,60.0,100.0
2025,KXHIGHNY-25SEP25-T82,1644,0.03,1692.0,215.0,1.0,79.0,100.0
2025,KXHIGHNY-25SEP26-B77.5,1735,0.020000000000000004,7540.0,202.0,1.0,135.0,100.0
2025,KXHIGHNY-25SEP26-B79.5,1682,0.02999999999999997,32479.0,133.0,1.0,182.0,100.0
2025,KXHIGHNY-25SEP26-B81.5,1923,0.020000000000000018,19083.0,117.0,1.0,36.0,100.0
2025,KXHIGHNY-25SEP26-B83.5,1681,0.04000000000000001,7366.0,168.0,1.0,108.0,100.0
2025,KXHIGHNY-25SEP26-T77,1284,0.020000000000000004,1570.0,230.0,2.0,201.0,100.0
2025,KXHIGHNY-25SEP26-T84,1256,0.019999999999999997,2010.0,174.0,2.0,110.0,100.0
2025,KXHIGHNY-25SEP27-B75.5,1704,0.01,1631.0,237.0,1.0,12.0,100.0
2025,KXHIGHNY-25SEP27-B77.5,1854,0.01999999999999999,15766.0,142.0,1.0,14.0,100.0
2025,KXHIGHNY-25SEP27-B79.5,1746,0.020000000000000018,14629.0,168.0,1.0,57.0,100.0
2025,KXHIGHNY-25SEP27-B81.5,1567,0.03,11852.0,179.0,1.0,87.0,100.0
2025,KXHIGHNY-25SEP27-T75,1442,0.01,187.0,303.0,1.0,26.0,100.0
2025,KXHIGHNY-25SEP27-T82,1300,0.03,210.0,117.0,3.0,52.0,100.0
2025,KXHIGHNY-25SEP28-B79.5,1548,0.09999999999999999,10234.0,225.0,2.0,134.0,100.0
2025,KXHIGHNY-25SEP28-B81.5,1726,0.20999999999999996,42666.0,89.0,1.0,113.0,100.0
2025,KXHIGHNY-25SEP28-B83.5,1850,0.10000000000000003,20604.0,138.0,1.0,70.0,100.0
2025,KXHIGHNY-25SEP28-B85.5,1096,0.09,4367.0,151.0,2.0,77.0,100.0
2025,KXHIGHNY-25SEP28-T79,1055,0.12,1010.0,232.0,2.0,144.0,100.0
2025,KXHIGHNY-25SEP28-T86,923,0.03,527.0,210.0,2.0,43.0,100.0
2025,KXHIGHNY-25SEP29-B77.5,1784,0.13999999999999996,24650.0,183.0,1.0,104.0,100.0
2025,KXHIGHNY-25SEP29-B79.5,1756,0.06,31837.0,82.0,1.0,102.0,100.0
2025,KXHIGHNY-25SEP29-B81.5,1784,0.09,11419.0,181.0,1.0,102.0,100.0
2025,KXHIGHNY-25SEP29-B83.5,1000,0.049999999999999996,1263.0,219.0,2.0,119.0,100.0
2025,KXHIGHNY-25SEP29-T77,1439,0.010000000000000009,9890.0,249.0,2.0,109.0,100.0
2025,KXHIGHNY-25SEP29-T84,951,0.03,698.0,212.0,2.0,141.0,100.0
2025,KXHIGHNY-25SEP30-B78.5,1605,0.05500000000000001,19242.0,195.0,1.0,62.0,100.0
2025,KXHIGHNY-25SEP30-B80.5,1912,0.020000000000000018,18748.0,165.0,1.0,38.0,100.0
2025,KXHIGHNY-25SEP30-B82.5,1629,0.04000000000000001,18221.0,184.0,1.0,91.0,100.0
2025,KXHIGHNY-25SEP30-B84.5,1124,0.03,1815.0,345.0,2.0,59.0,100.0
2025,KXHIGHNY-25SEP30-T78,1756,0.010000000000000002,5773.0,174.0,1.0,62.0,100.0
2025,KXHIGHNY-25SEP30-T85,1205,0.02,77.0,203.0,2.0,62.0,100.0
2026,KXHIGHNY-26APR01-B72.5,949,0.01,24849.0,405.0,2.0,55.0,100.0
2026,KXHIGHNY-26APR01-B74.5,1298,0.010000000000000009,49744.0,382.0,1.0,49.0,100.0
2026,KXHIGHNY-26APR01-B76.5,1353,0.010000000000000009,77354.0,376.0,2.0,29.0,100.0
2026,KXHIGHNY-26APR01-B78.5,1419,0.010000000000000009,82470.0,319.0,1.0,37.0,100.0
2026,KXHIGHNY-26APR01-T72,813,0.01,88075.0,387.0,2.0,46.0,100.0
2026,KXHIGHNY-26APR01-T79,1493,0.010000000000000009,91626.0,361.0,1.0,33.0,100.0
2026,KXHIGHNY-26APR02-B54.5,1132,0.01,73135.0,404.0,2.0,127.0,100.0
2026,KXHIGHNY-26APR02-B56.5,1155,0.01,25144.0,397.0,2.0,117.0,100.0
2026,KXHIGHNY-26APR02-B58.5,1135,0.01,10976.0,418.0,2.0,117.0,100.0
2026,KXHIGHNY-26APR02-B60.5,745,0.01,5276.0,267.0,2.0,133.0,100.0
2026,KXHIGHNY-26APR02-T54,966,0.010000000000000009,59823.0,359.0,2.0,131.0,100.0
2026,KXHIGHNY-26APR02-T61,726,0.01,16013.0,328.0,2.0,140.0,100.0
2026,KXHIGHNY-26APR03-B65.5,1843,0.010000000000000009,57887.0,238.0,1.0,17.0,100.0
2026,KXHIGHNY-26APR03-B67.5,1794,0.010000000000000009,55630.0,272.0,1.0,14.0,100.0
2026,KXHIGHNY-26APR03-B69.5,1684,0.010000000000000009,25087.0,261.0,1.0,34.0,100.0
2026,KXHIGHNY-26APR03-B71.5,1602,0.010000000000000002,15054.0,352.0,1.0,21.0,100.0
2026,KXHIGHNY-26APR03-T65,1755,0.010000000000000009,128488.0,304.0,1.0,13.0,100.0
2026,KXHIGHNY-26APR03-T72,1298,0.01,11853.0,371.0,2.0,22.0,100.0
2026,KXHIGHNY-26APR04-B68.5,1854,0.010000000000000009,70820.0,193.0,2.0,15.0,100.0
2026,KXHIGHNY-26APR04-B70.5,1893,0.010000000000000009,53840.0,155.0,2.0,19.0,100.0
2026,KXHIGHNY-26APR04-B72.5,1838,0.010000000000000009,102827.0,172.0,2.0,19.0,100.0
2026,KXHIGHNY-26APR04-B74.5,1948,0.01,32216.0,216.0,1.0,39.0,100.0
2026,KXHIGHNY-26APR04-T68,1901,0.01,58839.0,187.0,2.0,11.0,100.0
2026,KXHIGHNY-26APR04-T75,1740,0.01,36589.0,150.0,2.0,29.0,100.0
2026,KXHIGHNY-26APR05-B60.5,2244,0.010000000000000009,38028.0,49.0,1.0,10.0,100.0
2026,KXHIGHNY-26APR05-B62.5,2221,0.010000000000000009,26821.0,65.0,1.0,6.0,100.0
2026,KXHIGHNY-26APR05-B64.5,2254,0.01,20612.0,62.0,1.0,4.0,100.0
2026,KXHIGHNY-26APR05-B66.5,2285,0.01,14772.0,37.0,1.0,7.0,100.0
2026,KXHIGHNY-26APR05-T60,2224,0.010000000000000009,65418.0,67.0,1.0,14.0,100.0
2026,KXHIGHNY-26APR05-T67,2206,0.01,24529.0,61.0,2.0,17.0,100.0
2026,KXHIGHNY-26APR06-B54.5,2186,0.010000000000000009,99824.0,79.0,1.0,9.0,100.0
2026,KXHIGHNY-26APR06-B56.5,2137,0.010000000000000009,127750.0,98.0,1.0,13.0,100.0
2026,KXHIGHNY-26APR06-B58.5,2270,0.01,18469.0,33.0,1.0,11.0,100.0
2026,KXHIGHNY-26APR06-B60.5,2323,0.01,8500.0,4.0,3.5,8.0,100.0
2026,KXHIGHNY-26APR06-T54,2238,0.010000000000000009,57145.0,53.0,1.0,6.0,100.0
2026,KXHIGHNY-26APR06-T61,2337,0.01,9261.0,2.0,1.5,2.0,100.0
2026,KXHIGHNY-26APR07-B48.5,2269,0.01,20534.0,39.0,1.0,8.0,100.0
2026,KXHIGHNY-26APR07-B50.5,2196,0.010000000000000009,52904.0,88.0,1.0,6.0,100.0
2026,KXHIGHNY-26APR07-B52.5,2130,0.010000000000000009,41001.0,112.0,1.0,10.0,100.0
2026,KXHIGHNY-26APR07-B54.5,2217,0.01,67868.0,58.0,2.0,11.0,100.0
2026,KXHIGHNY-26APR07-T48,2328,0.01,19128.0,10.0,1.0,2.0,100.0
2026,KXHIGHNY-26APR07-T55,2290,0.010000000000000009,57710.0,32.0,1.0,5.0,100.0
2026,KXHIGHNY-26APR08-B46.5,2249,0.01,34622.0,32.0,1.0,14.0,100.0
2026,KXHIGHNY-26APR08-B48.5,2171,0.010000000000000009,47061.0,62.0,1.5,12.0,100.0
2026,KXHIGHNY-26APR08-B50.5,2148,0.010000000000000009,55613.0,83.0,1.0,15.0,100.0
2026,KXHIGHNY-26APR08-B52.5,2215,0.010000000000000009,58827.0,55.0,1.0,10.0,100.0
2026,KXHIGHNY-26APR08-T46,2329,0.01,28098.0,7.0,1.0,4.0,100.0
2026,KXHIGHNY-26APR08-T53,2283,0.010000000000000002,26152.0,29.0,1.0,15.0,100.0
2026,KXHIGHNY-26APR09-B53.5,2096,0.010000000000000009,33322.19,86.0,1.0,58.0,100.0
2026,KXHIGHNY-26APR09-B55.5,2086,0.010000000000000009,28477.160000000003,69.0,1.0,97.0,100.0
2026,KXHIGHNY-26APR09-B57.5,2208,0.01,21085.739999999998,11.0,2.0,97.0,100.0
2026,KXHIGHNY-26APR09-B59.5,2221,0.01,9170.1,4.0,29.5,59.0,100.0
2026,KXHIGHNY-26APR09-T53,2086,0.010000000000000009,66380.76000000001,84.0,1.0,104.0,100.0
2026,KXHIGHNY-26APR09-T60,2201,0.01,10986.85,5.0,19.0,84.0,100.0
2026,KXHIGHNY-26APR10-B61.5,1934,0.010000000000000009,47513.9,127.0,2.0,27.0,100.0
2026,KXHIGHNY-26APR10-B63.5,1872,0.010000000000000009,71423.17,160.0,2.0,16.0,100.0
2026,KXHIGHNY-26APR10-B65.5,1943,0.010000000000000009,40207.07,137.0,2.0,17.0,100.0
2026,KXHIGHNY-26APR10-B67.5,2012,0.010000000000000009,20732.62,115.0,3.0,17.0,100.0
2026,KXHIGHNY-26APR10-T61,2128,0.01,51465.46,105.0,2.0,9.0,100.0
2026,KXHIGHNY-26APR10-T68,2125,0.01,16130.320000000003,73.0,3.0,17.0,100.0
2026,KXHIGHNY-26APR11-B61.5,1789,0.010000000000000009,51290.0,322.0,1.0,9.0,100.0
2026,KXHIGHNY-26APR11-B63.5,1859,0.010000000000000009,49073.0,271.0,1.0,9.0,100.0
2026,KXHIGHNY-26APR11-B65.5,1761,0.010000000000000009,36676.0,311.0,1.0,9.0,100.0
2026,KXHIGHNY-26APR11-B67.5,1485,0.01,6621.0,326.0,2.0,9.0,100.0
2026,KXHIGHNY-26APR11-T61,2042,0.01,32987.0,181.0,1.0,4.0,100.0
2026,KXHIGHNY-26APR11-T68,1680,0.01,5203.0,313.0,2.0,4.0,100.0
2026,KXHIGHNY-26APR12-B56.5,1704,0.010000000000000009,51672.0,325.0,1.0,15.0,100.0
2026,KXHIGHNY-26APR12-B58.5,1668,0.010000000000000009,26437.0,357.0,1.0,16.0,100.0
2026,KXHIGHNY-26APR12-B60.5,1461,0.01,18523.0,440.0,2.0,4.0,100.0
2026,KXHIGHNY-26APR12-B62.5,1346,0.01,13725.0,422.0,2.0,17.0,100.0
2026,KXHIGHNY-26APR12-T56,1724,0.010000000000000009,66454.0,302.0,1.0,14.0,100.0
2026,KXHIGHNY-26APR12-T63,929,0.01,7804.0,534.0,3.0,4.0,100.0
2026,KXHIGHNY-26APR13-B74.5,1608,0.01,49406.0,377.0,1.0,9.0,100.0
2026,KXHIGHNY-26APR13-B76.5,1786,0.010000000000000009,70987.0,305.0,1.0,11.0,100.0
2026,KXHIGHNY-26APR13-B78.5,1915,0.010000000000000009,120864.0,249.0,1.0,9.0,100.0
2026,KXHIGHNY-26APR13-B80.5,1829,0.010000000000000009,94648.0,255.0,1.0,18.0,100.0
2026,KXHIGHNY-26APR13-T74,1548,0.01,33254.0,415.0,1.0,8.0,100.0
2026,KXHIGHNY-26APR13-T81,1679,0.010000000000000009,73129.0,315.0,2.0,11.0,100.0
2026,KXHIGHNY-26APR14-B79.5,1565,0.01,25449.0,409.0,2.0,9.0,100.0
2026,KXHIGHNY-26APR14-B81.5,1694,0.01,81695.0,338.0,1.0,31.0,100.0
2026,KXHIGHNY-26APR14-B83.5,1808,0.010000000000000009,85681.0,292.0,1.0,10.0,100.0
2026,KXHIGHNY-26APR14-B85.5,1647,0.010000000000000009,122132.0,338.0,1.5,9.0,100.0
2026,KXHIGHNY-26APR14-T79,1361,0.01,27987.0,451.0,2.0,17.0,100.0
2026,KXHIGHNY-26APR14-T86,1656,0.010000000000000009,131911.0,372.0,1.0,13.0,100.0
2026,KXHIGHNY-26APR15-B83.5,1229,0.01,28169.0,435.0,2.0,31.0,100.0
2026,KXHIGHNY-26APR15-B85.5,1529,0.01,78946.0,338.0,2.0,19.0,100.0
2026,KXHIGHNY-26APR15-B87.5,1561,0.010000000000000009,89813.0,317.0,2.0,33.0,100.0
2026,KXHIGHNY-26APR15-B89.5,1698,0.010000000000000009,94134.0,273.0,2.0,31.0,100.0
2026,KXHIGHNY-26APR15-T83,1077,0.01,15511.0,509.0,2.0,31.0,100.0
2026,KXHIGHNY-26APR15-T90,1501,0.010000000000000009,63470.0,336.0,2.0,35.0,100.0
2026,KXHIGHNY-26APR16-B84.5,1359,0.01,66818.11,450.0,2.0,59.0,100.0
2026,KXHIGHNY-26APR16-B86.5,1412,0.010000000000000009,85192.41,395.0,1.0,94.0,100.0
2026,KXHIGHNY-26APR16-B88.5,1611,0.010000000000000009,64028.45,321.0,1.0,118.0,100.0
2026,KXHIGHNY-26APR16-B90.5,1427,0.019999999999999962,62058.47,328.0,2.0,117.0,100.0
2026,KXHIGHNY-26APR16-T84,1002,0.01,32033.92,540.0,2.0,116.0,100.0
2026,KXHIGHNY-26APR16-T91,1270,0.01,54350.74,366.0,2.0,59.0,100.0
2026,KXHIGHNY-26APR17-B77.5,1650,0.010000000000000009,89562.45000000001,334.0,1.0,27.0,100.0
2026,KXHIGHNY-26APR17-B79.5,1481,0.019999999999999962,179331.02,311.0,2.0,47.0,100.0
2026,KXHIGHNY-26APR17-B81.5,1427,0.010000000000000009,74964.89000000001,318.0,2.0,41.0,100.0
2026,KXHIGHNY-26APR17-B83.5,1046,0.01,45946.72,372.0,2.0,72.0,100.0
2026,KXHIGHNY-26APR17-T77,1384,0.01999999999999999,45768.61,326.0,2.0,44.0,100.0
2026,KXHIGHNY-26APR17-T84,1014,0.01,22330.96,382.0,2.0,139.0,100.0
2026,KXHIGHNY-26APR18-B61.5,1282,0.01,24960.84,441.0,1.0,30.0,100.0
2026,KXHIGHNY-26APR18-B63.5,1529,0.010000000000000009,57431.22,404.0,1.0,18.0,100.0
2026,KXHIGHNY-26APR18-B65.5,1462,0.010000000000000009,52892.54,326.0,1.5,46.0,100.0
2026,KXHIGHNY-26APR18-B67.5,1346,0.019999999999999962,41650.6,322.0,2.0,67.0,100.0
2026,KXHIGHNY-26APR18-T61,1136,0.01,34348.4,414.0,3.0,34.0,100.0
2026,KXHIGHNY-26APR18-T68,1146,0.010000000000000009,30419.56,322.0,2.0,100.0,100.0
2026,KXHIGHNY-26APR19-B54.5,1372,0.020000000000000018,52540.020000000004,366.0,2.0,28.0,100.0
2026,KXHIGHNY-26APR19-B56.5,946,0.010000000000000009,14316.71,390.0,2.0,152.0,100.0
2026,KXHIGHNY-26APR19-B58.5,615,0.010000000000000002,4757.2,346.0,3.0,157.0,100.0
2026,KXHIGHNY-26APR19-B60.5,341,0.010000000000000002,2536.24,264.0,4.0,206.0,100.0
2026,KXHIGHNY-26APR19-T54,1265,0.020000000000000018,57749.51,365.0,2.0,47.0,100.0
2026,KXHIGHNY-26APR19-T61,510,0.01,3845.66,364.0,3.0,80.0,100.0
2026,KXHIGHNY-26APR20-B51.5,1586,0.010000000000000009,45008.71,310.0,2.0,23.0,100.0
2026,KXHIGHNY-26APR20-B53.5,1553,0.010000000000000009,54470.560000000005,265.0,2.0,43.0,100.0
2026,KXHIGHNY-26APR20-B55.5,1235,0.010000000000000002,12134.3,392.0,2.0,162.0,100.0
2026,KXHIGHNY-26APR20-B57.5,890,0.01,4415.32,383.0,2.0,162.0,100.0
2026,KXHIGHNY-26APR20-T51,1469,0.010000000000000009,159060.09000000003,285.0,1.0,65.0,100.0
2026,KXHIGHNY-26APR20-T58,429,0.01,11697.29,262.0,3.0,166.0,100.0
2026,KXHIGHNY-26APR21-B51.5,1510,0.019999999999999962,125946.18000000001,354.0,2.0,16.0,100.0
2026,KXHIGHNY-26APR21-B53.5,1312,0.019999999999999962,53751.89000000001,392.0,2.0,14.0,100.0
2026,KXHIGHNY-26APR21-B55.5,1276,0.010000000000000009,46723.46,388.0,2.0,38.0,100.0
2026,KXHIGHNY-26APR21-B57.5,912,0.01,9516.2,349.0,3.0,66.0,100.0
2026,KXHIGHNY-26APR21-T51,1266,0.010000000000000009,38762.93,386.0,2.0,24.0,100.0
2026,KXHIGHNY-26APR21-T58,407,0.01,8647.96,255.0,4.0,112.0,100.0
2026,KXHIGHNY-26APR22-B57.5,1531,0.019999999999999997,55304.149999999994,335.0,2.0,19.0,100.0
2026,KXHIGHNY-26APR22-B59.5,1277,0.010000000000000002,18526.53,376.0,2.0,40.0,100.0
2026,KXHIGHNY-26APR22-B61.5,526,0.01,4331.0199999999995,316.0,4.0,214.0,100.0
2026,KXHIGHNY-26APR22-B63.5,396,0.01,1256.6399999999999,267.0,5.0,393.0,100.0
2026,KXHIGHNY-26APR22-T57,1537,0.020000000000000018,66306.89,282.0,2.0,33.0,100.0
2026,KXHIGHNY-26APR22-T64,444,0.01,6837.16,190.0,5.0,299.0,100.0
2026,KXHIGHNY-26APR23-B68.5,1072,0.01,14472.51,397.0,2.0,79.0,100.0
2026,KXHIGHNY-26APR23-B70.5,1330,0.01,46705.64,327.0,2.0,79.0,100.0
2026,KXHIGHNY-26APR23-B72.5,1387,0.01999999999999999,66677.64,277.0,2.0,80.0,100.0
2026,KXHIGHNY-26APR23-B74.5,1511,0.020000000000000018,72419.16,279.0,1.0,75.0,100.0
2026,KXHIGHNY-26APR23-T68,901,0.01,12144.029999999999,361.0,2.0,119.0,100.0
2026,KXHIGHNY-26APR23-T75,1244,0.010000000000000009,30014.96,274.0,2.0,75.0,100.0
2026,KXHIGHNY-26APR24-B60.5,848,0.01,20592.57,337.0,3.0,37.0,100.0
2026,KXHIGHNY-26APR24-B62.5,1104,0.010000000000000002,27486.66,383.0,2.0,97.0,100.0
2026,KXHIGHNY-26APR24-B64.5,1656,0.010000000000000009,107011.95999999999,298.0,2.0,11.0,100.0
2026,KXHIGHNY-26APR24-B66.5,1699,0.010000000000000009,76232.20999999999,285.0,2.0,10.0,100.0
2026,KXHIGHNY-26APR24-T60,811,0.01,60574.51,361.0,2.0,64.0,100.0
2026,KXHIGHNY-26APR24-T67,1425,0.010000000000000009,109807.45000000001,264.0,2.0,34.0,100.0
2026,KXHIGHNY-26APR25-B51.5,1281,0.010000000000000009,32811.25,327.0,1.0,48.0,100.0
2026,KXHIGHNY-26APR25-B53.5,931,0.010000000000000002,12486.46,283.0,2.0,109.0,100.0
2026,KXHIGHNY-26APR25-B55.5,663,0.01,4655.17,362.0,3.0,50.0,100.0
2026,KXHIGHNY-26APR25-B57.5,481,0.01,2220.06,264.0,4.0,60.0,100.0
2026,KXHIGHNY-26APR25-T51,1426,0.020000000000000018,71459.13,333.0,1.0,23.0,100.0
2026,KXHIGHNY-26APR25-T58,488,0.01,20280.769999999997,285.0,3.0,165.0,100.0
2026,KXHIGHNY-26APR26-B51.5,1389,0.01,23124.02,360.0,2.0,21.0,100.0
2026,KXHIGHNY-26APR26-B53.5,1568,0.010000000000000002,24262.55,315.0,2.0,14.0,100.0
2026,KXHIGHNY-26APR26-B55.5,1414,0.010000000000000009,58713.44,287.0,2.0,45.0,100.0
2026,KXHIGHNY-26APR26-B57.5,1491,0.020000000000000004,62972.34,288.0,2.0,27.0,100.0
2026,KXHIGHNY-26APR26-T51,1319,0.01,16723.93,353.0,2.0,21.0,100.0
2026,KXHIGHNY-26APR26-T58,1458,0.010000000000000009,61252.159999999996,265.0,2.0,54.0,100.0
2026,KXHIGHNY-26APR27-B62.5,902,0.01,50461.0,382.0,2.0,23.0,100.0
2026,KXHIGHNY-26APR27-B64.5,1152,0.010000000000000009,33945.42,316.0,2.0,30.0,100.0
2026,KXHIGHNY-26APR27-B66.5,1228,0.010000000000000009,80554.34000000001,370.0,2.0,48.0,100.0
2026,KXHIGHNY-26APR27-B68.5,1370,0.010000000000000009,64018.83,314.0,2.0,26.0,100.0
2026,KXHIGHNY-26APR27-T62,771,0.01,15419.760000000002,300.0,3.0,93.0,100.0
2026,KXHIGHNY-26APR27-T69,1021,0.010000000000000009,52479.15,318.0,2.0,57.0,100.0
2026,KXHIGHNY-26APR28-B59.5,909,0.01,16010.54,347.0,3.0,59.0,100.0
2026,KXHIGHNY-26APR28-B61.5,1167,0.01,10518.57,315.0,2.0,46.0,100.0
2026,KXHIGHNY-26APR28-B63.5,1601,0.010000000000000009,111321.33000000002,230.0,2.0,57.0,100.0
2026,KXHIGHNY-26APR28-B65.5,1619,0.010000000000000009,57384.33,320.0,1.0,21.0,100.0
2026,KXHIGHNY-26APR28-T59,870,0.01,17250.16,344.0,3.0,44.0,100.0
2026,KXHIGHNY-26APR28-T66,1603,0.010000000000000009,82159.73999999999,275.0,2.0,21.0,100.0
2026,KXHIGHNY-26APR29-B56.5,931,0.01,18263.4,415.0,2.0,46.0,100.0
2026,KXHIGHNY-26APR29-B58.5,1287,0.010000000000000009,37671.6,398.0,2.0,25.0,100.0
2026,KXHIGHNY-26APR29-B60.5,1282,0.010000000000000009,90778.81,379.0,2.0,24.0,100.0
2026,KXHIGHNY-26APR29-B62.5,1263,0.010000000000000009,73225.42,359.0,2.0,18.0,100.0
2026,KXHIGHNY-26APR29-T56,972,0.01,15329.56,401.0,2.0,42.0,100.0
2026,KXHIGHNY-26APR29-T63,1112,0.010000000000000009,65143.98,296.0,2.0,77.0,100.0
2026,KXHIGHNY-26APR30-B61.5,1363,0.020000000000000018,83135.62000000001,264.0,1.5,115.0,100.0
2026,KXHIGHNY-26APR30-B63.5,1170,0.019999999999999997,36175.41,337.0,1.0,115.0,100.0
2026,KXHIGHNY-26APR30-B65.5,870,0.01,13240.46,377.0,2.0,68.0,100.0
2026,KXHIGHNY-26APR30-B67.5,628,0.01,2890.64,251.0,3.0,119.0,100.0
2026,KXHIGHNY-26APR30-T61,1438,0.020000000000000018,90612.39,275.0,2.0,117.0,100.0
2026,KXHIGHNY-26APR30-T68,1038,0.01,7654.24,315.0,2.0,119.0,100.0
2026,KXHIGHNY-26AUG01-B82.5,1142,0.010000000000000009,45223.57,386.0,2.0,47.0,100.0
2026,KXHIGHNY-26AUG01-B84.5,1455,0.010000000000000009,47344.56,282.0,1.0,32.0,100.0
2026,KXHIGHNY-26AUG01-B86.5,1331,0.010000000000000009,39671.56,306.0,2.0,40.0,100.0
2026,KXHIGHNY-26AUG01-B88.5,1012,0.010000000000000002,23525.140000000003,287.0,2.0,105.0,100.0
2026,KXHIGHNY-26AUG01-T82,983,0.010000000000000002,3857.74,335.0,2.0,47.0,100.0
2026,KXHIGHNY-26AUG01-T89,529,0.01,7237.950000000001,258.0,2.0,118.0,100.0
2026,KXHIGHNY-26AUG02-B80.5,1274,0.010000000000000009,40135.659999999996,318.0,2.0,33.0,100.0
2026,KXHIGHNY-26AUG02-B82.5,1454,0.010000000000000009,43508.83,303.0,1.0,42.0,100.0
2026,KXHIGHNY-26AUG02-B84.5,1213,0.010000000000000009,38658.38,301.0,2.0,102.0,100.0
2026,KXHIGHNY-26AUG02-B86.5,712,0.01,13111.940000000002,210.0,3.0,106.0,100.0
2026,KXHIGHNY-26AUG02-T80,1004,0.010000000000000009,6463.56,348.0,2.0,47.0,100.0
2026,KXHIGHNY-26AUG02-T87,405,0.01,2413.62,231.0,4.0,101.0,100.0
2026,KXHIGHNY-26AUG03-B80.5,1682,0.010000000000000009,76677.31,277.0,1.0,23.0,100.0
2026,KXHIGHNY-26AUG03-B82.5,1640,0.010000000000000009,68877.47,221.0,1.0,37.0,100.0
2026,KXHIGHNY-26AUG03-B84.5,1195,0.010000000000000002,49080.89,350.0,2.0,73.0,100.0
2026,KXHIGHNY-26AUG03-B86.5,404,0.01,3022.27,223.0,4.0,70.0,100.0
2026,KXHIGHNY-26AUG03-T80,1444,0.010000000000000009,121397.95000000001,303.0,2.0,27.0,100.0
2026,KXHIGHNY-26AUG03-T87,475,0.01,3256.26,245.0,3.0,103.0,100.0
2026,KXHIGHNY-26AUG04-B81.5,1214,0.010000000000000009,27754.369999999995,295.0,2.0,64.0,100.0
2026,KXHIGHNY-26AUG04-B83.5,1404,0.010000000000000009,91759.72,309.0,2.0,34.0,100.0
2026,KXHIGHNY-26AUG04-B85.5,1283,0.010000000000000009,60459.459999999985,261.0,2.0,56.0,100.0
2026,KXHIGHNY-26AUG04-B87.5,789,0.01,11641.490000000002,331.0,2.0,107.0,100.0
2026,KXHIGHNY-26AUG04-T81,900,0.010000000000000002,75962.85,355.0,2.0,38.0,100.0
2026,KXHIGHNY-26AUG04-T88,488,0.01,2962.98,263.0,3.0,68.0,100.0
2026,KXHIGHNY-26AUG05-B80.5,1242,0.010000000000000009,37813.5,300.0,1.0,70.0,100.0
2026,KXHIGHNY-26AUG05-B82.5,1463,0.010000000000000009,37282.03,325.0,1.0,51.0,100.0
2026,KXHIGHNY-26AUG05-B84.5,1298,0.010000000000000009,46005.399999999994,297.0,2.0,96.0,100.0
2026,KXHIGHNY-26AUG05-B86.5,942,0.010000000000000002,10405.42,347.0,2.0,45.0,100.0
2026,KXHIGHNY-26AUG05-T80,646,0.01,30316.290000000005,311.0,2.0,172.0,100.0
2026,KXHIGHNY-26AUG05-T87,427,0.01,3440.7799999999997,248.0,3.0,80.0,100.0
2026,KXHIGHNY-26AUG06-B88.5,1372,0.019999999999999962,59614.15000000001,290.0,2.0,119.0,100.0
2026,KXHIGHNY-26AUG06-B90.5,1455,0.019999999999999962,55855.76,222.0,2.0,69.0,100.0
2026,KXHIGHNY-26AUG06-B92.5,816,0.010000000000000002,15802.450000000003,281.0,2.0,142.0,100.0
2026,KXHIGHNY-26AUG06-B94.5,357,0.01,3787.46,243.0,4.0,119.0,100.0
2026,KXHIGHNY-26AUG06-T88,1166,0.010000000000000009,63005.46000000001,360.0,2.0,84.0,100.0
2026,KXHIGHNY-26AUG06-T95,244,0.01,1315.02,180.0,5.0,130.0,100.0
2026,KXHIGHNY-26AUG07-B89.5,1461,0.019999999999999907,63817.13,297.0,2.0,27.0,100.0
2026,KXHIGHNY-26AUG07-B91.5,1545,0.010000000000000009,64230.859999999986,292.0,2.0,21.0,100.0
2026,KXHIGHNY-26AUG07-B93.5,1076,0.010000000000000002,38408.450000000004,287.0,2.0,81.0,100.0
2026,KXHIGHNY-26AUG07-B95.5,425,0.01,13475.779999999999,233.0,3.0,116.0,100.0
2026,KXHIGHNY-26AUG07-T89,1442,0.010000000000000009,32174.109999999993,392.0,2.0,8.0,100.0
2026,KXHIGHNY-26AUG07-T96,448,0.01,1736.15,268.0,3.0,94.0,100.0
2026,KXHIGHNY-26AUG08-B89.5,1459,0.010000000000000009,62390.649999999994,311.0,1.0,38.0,100.0
2026,KXHIGHNY-26AUG08-B91.5,1401,0.010000000000000009,26393.87,257.0,1.0,120.0,100.0
2026,KXHIGHNY-26AUG08-B93.5,704,0.01,1979.3099999999997,300.0,3.0,64.0,100.0
2026,KXHIGHNY-26AUG08-B95.5,375,0.01,1558.1,208.0,3.0,98.0,100.0
2026,KXHIGHNY-26AUG08-T89,1437,0.010000000000000009,63777.58,291.0,2.0,95.0,100.0
2026,KXHIGHNY-26AUG08-T96,352,0.01,1392.91,206.0,3.0,138.0,100.0
2026,KXHIGHNY-26AUG09-B90.5,1477,0.010000000000000009,52776.310000000005,329.0,2.0,56.0,100.0
2026,KXHIGHNY-26AUG09-B92.5,1407,0.010000000000000009,42328.59,327.0,1.0,40.0,100.0
2026,KXHIGHNY-26AUG09-B94.5,949,0.01,10854.57,377.0,2.0,46.0,100.0
2026,KXHIGHNY-26AUG09-B96.5,470,0.01,2352.1900000000005,225.0,3.0,111.0,100.0
2026,KXHIGHNY-26AUG09-T90,1512,0.010000000000000009,62282.89999999999,301.0,2.0,26.0,100.0
2026,KXHIGHNY-26AUG09-T97,389,0.01,1263.5,212.0,3.0,264.0,100.0
2026,KXHIGHNY-26AUG10-B89.5,1404,0.010000000000000009,47643.740000000005,239.0,2.0,158.0,100.0
2026,KXHIGHNY-26AUG10-B91.5,1222,0.010000000000000009,17553.120000000003,278.0,2.0,144.0,100.0
2026,KXHIGHNY-26AUG10-B93.5,709,0.01,3687.7000000000003,312.0,3.0,138.0,100.0
2026,KXHIGHNY-26AUG10-B95.5,311,0.01,1659.74,195.0,4.0,135.0,100.0
2026,KXHIGHNY-26AUG10-T89,1514,0.010000000000000009,64582.189999999995,332.0,1.0,38.0,100.0
2026,KXHIGHNY-26AUG10-T96,250,0.01,1860.46,151.0,3.0,282.0,100.0
2026,KXHIGHNY-26AUG11-B89.5,1138,0.010000000000000009,13353.0,372.0,2.0,47.0,100.0
2026,KXHIGHNY-26AUG11-B91.5,581,0.01,4437.11,260.0,3.0,109.0,100.0
2026,KXHIGHNY-26AUG11-B93.5,241,0.01,2004.0,161.0,6.0,110.0,100.0
2026,KXHIGHNY-26AUG11-B95.5,248,0.01,1938.0,177.0,6.0,112.0,100.0
2026,KXHIGHNY-26AUG11-T89,1224,0.010000000000000009,18381.149999999998,454.0,1.0,52.0,100.0
2026,KXHIGHNY-26AUG11-T96,180,0.01,1513.0,136.0,6.0,171.0,100.0
2026,KXHIGHNY-26AUG12-B83.5,1472,0.010000000000000009,61166.06000000001,339.0,1.0,68.0,100.0
2026,KXHIGHNY-26AUG12-B85.5,1473,0.010000000000000009,46461.26,311.0,1.0,88.0,100.0
2026,KXHIGHNY-26AUG12-B87.5,1251,0.010000000000000009,34104.22,353.0,2.0,48.0,100.0
2026,KXHIGHNY-26AUG12-B89.5,935,0.010000000000000009,18110.089999999997,263.0,2.0,106.0,100.0
2026,KXHIGHNY-26AUG12-T83,1081,0.009999999999999998,29530.04,215.0,2.0,246.0,100.0
2026,KXHIGHNY-26AUG12-T90,390,0.01,4283.679999999999,207.0,3.0,152.0,100.0
2026,KXHIGHNY-26AUG13-B85.5,1398,0.010000000000000009,61475.14000000001,347.0,1.0,87.0,100.0
2026,KXHIGHNY-26AUG13-B87.5,1135,0.010000000000000002,61454.49999999999,337.0,2.0,91.0,100.0
2026,KXHIGHNY-26AUG13-B89.5,607,0.01,5585.12,255.0,3.0,119.0,100.0
2026,KXHIGHNY-26AUG13-B91.5,502,0.01,2129.38,238.0,4.0,119.0,100.0
2026,KXHIGHNY-26AUG13-T85,1470,0.010000000000000009,81216.04,315.0,1.0,115.0,100.0
2026,KXHIGHNY-26AUG13-T92,374,0.01,972.5,173.0,3.0,217.0,100.0
2026,KXHIGHNY-26AUG14-B85.5,1299,0.010000000000000009,60548.07000000001,343.0,1.0,45.0,100.0
2026,KXHIGHNY-26AUG14-B87.5,1037,0.010000000000000009,22672.21,301.0,2.0,100.0,100.0
2026,KXHIGHNY-26AUG14-B89.5,1060,0.01,5594.26,281.0,2.0,58.0,100.0
2026,KXHIGHNY-26AUG14-B91.5,464,0.01,3252.6900000000005,211.0,2.0,168.0,100.0
2026,KXHIGHNY-26AUG14-T85,1346,0.010000000000000009,66268.25,306.0,1.0,62.0,100.0
2026,KXHIGHNY-26AUG14-T92,481,0.01,2019.2400000000002,211.0,2.0,230.0,100.0
2026,KXHIGHNY-26AUG15-B80.5,1218,0.010000000000000009,31286.870000000003,338.0,2.0,47.0,100.0
2026,KXHIGHNY-26AUG15-B82.5,1331,0.010000000000000009,48122.67999999999,384.0,1.0,38.0,100.0
2026,KXHIGHNY-26AUG15-B84.5,1294,0.010000000000000009,36751.82,355.0,2.0,41.0,100.0
2026,KXHIGHNY-26AUG15-B86.5,523,0.010000000000000002,6409.879999999999,194.0,4.0,103.0,100.0
2026,KXHIGHNY-26AUG15-T80,752,0.010000000000000002,5884.719999999999,322.0,3.0,232.0,100.0
2026,KXHIGHNY-26AUG15-T87,222,0.01,4625.5,150.0,6.0,172.0,100.0
2026,KXHIGHNY-26AUG16-B78.5,1163,0.01999999999999999,29779.780000000002,296.0,2.0,95.0,100.0
2026,KXHIGHNY-26AUG16-B80.5,1404,0.020000000000000018,29123.93,442.0,1.0,19.0,100.0
2026,KXHIGHNY-26AUG16-B82.5,1134,0.010000000000000009,26131.11,312.0,2.0,111.0,100.0
2026,KXHIGHNY-26AUG16-B84.5,677,0.019999999999999997,3416.7799999999997,207.0,3.0,149.0,100.0
2026,KXHIGHNY-26AUG16-T78,727,0.010000000000000009,7084.84,280.0,2.0,182.0,100.0
2026,KXHIGHNY-26AUG16-T85,155,0.01,5742.0599999999995,121.0,10.0,107.0,100.0
2026,KXHIGHNY-26AUG17-B84.5,1199,0.020000000000000004,24468.730000000003,338.0,2.0,99.0,100.0
2026,KXHIGHNY-26AUG17-B86.5,690,0.01,6309.57,267.0,2.0,41.0,100.0
2026,KXHIGHNY-26AUG17-B88.5,433,0.01,1814.54,261.0,4.0,50.0,100.0
2026,KXHIGHNY-26AUG17-B90.5,247,0.01,878.0,157.0,5.0,116.0,100.0
2026,KXHIGHNY-26AUG17-T84,1425,0.010000000000000009,24546.85,357.0,1.0,99.0,100.0
2026,KXHIGHNY-26AUG17-T91,237,0.01,1095.0,155.0,5.0,116.0,100.0
2026,KXHIGHNY-26AUG18-B85.5,1301,0.020000000000000018,34278.78,331.0,1.0,73.0,100.0
2026,KXHIGHNY-26AUG18-B87.5,828,0.019999999999999997,45092.04,346.0,2.0,283.0,100.0
2026,KXHIGHNY-26AUG18-B89.5,578,0.01,4225.0599999999995,279.0,3.0,230.0,100.0
2026,KXHIGHNY-26AUG18-B91.5,185,0.01,1847.5,141.0,9.0,189.0,100.0
2026,KXHIGHNY-26AUG18-T85,1177,0.020000000000000018,53270.97,332.0,1.0,157.0,100.0
2026,KXHIGHNY-26AUG18-T92,190,0.01,3541.0599999999995,142.0,11.0,93.0,100.0
2026,KXHIGHNY-26AUG19-B85.5,1454,0.010000000000000009,30437.81,391.0,1.0,30.0,100.0
2026,KXHIGHNY-26AUG19-B87.5,1228,0.020000000000000018,35327.78,337.0,2.0,52.0,100.0
2026,KXHIGHNY-26AUG19-B89.5,863,0.010000000000000002,13661.34,302.0,2.0,185.0,100.0
2026,KXHIGHNY-26AUG19-B91.5,322,0.01,1285.6399999999999,204.0,4.0,114.0,100.0
2026,KXHIGHNY-26AUG19-T85,1004,0.010000000000000009,14171.060000000001,362.0,2.0,89.0,100.0
2026,KXHIGHNY-26AUG19-T92,279,0.01,1465.0,180.0,4.0,134.0,100.0
2026,KXHIGHNY-26AUG20-B78.5,778,0.010000000000000009,8420.25,309.0,2.0,204.0,100.0
2026,KXHIGHNY-26AUG20-B80.5,1004,0.010000000000000009,14325.29,378.0,2.0,119.0,100.0
2026,KXHIGHNY-26AUG20-B82.5,1035,0.019999999999999962,37836.13,265.0,2.0,117.0,100.0
2026,KXHIGHNY-26AUG20-B84.5,1154,0.010000000000000009,29891.050000000003,396.0,2.0,111.0,100.0
2026,KXHIGHNY-26AUG20-T78,536,0.010000000000000002,3242.6800000000003,286.0,3.0,150.0,100.0
2026,KXHIGHNY-26AUG20-T85,478,0.010000000000000002,40115.39,182.0,4.0,119.0,100.0
2026,KXHIGHNY-26AUG21-B77.5,1260,0.010000000000000009,109402.76,343.0,2.0,77.0,100.0
2026,KXHIGHNY-26AUG21-B79.5,1218,0.010000000000000009,45931.08,339.0,2.0,50.0,100.0
2026,KXHIGHNY-26AUG21-B81.5,1103,0.010000000000000002,26925.64,369.0,2.0,50.0,100.0
2026,KXHIGHNY-26AUG21-B83.5,796,0.01,5293.95,276.0,3.0,178.0,100.0
2026,KXHIGHNY-26AUG21-T77,1169,0.010000000000000009,50793.9,339.0,2.0,34.0,100.0
2026,KXHIGHNY-26AUG21-T84,319,0.01,3489.4799999999996,194.0,3.0,159.0,100.0
2026,KXHIGHNY-26AUG22-B73.5,1437,0.010000000000000009,34417.55,298.0,2.0,55.0,100.0
2026,KXHIGHNY-26AUG22-B75.5,1365,0.010000000000000009,34035.590000000004,342.0,1.0,146.0,100.0
2026,KXHIGHNY-26AUG22-B77.5,1585,0.010000000000000009,52386.38,320.0,1.0,51.0,100.0
2026,KXHIGHNY-26AUG22-B79.5,1216,0.010000000000000002,17828.690000000002,366.0,2.0,71.0,100.0
2026,KXHIGHNY-26AUG22-T73,809,0.01,18115.92,294.0,3.0,44.0,100.0
2026,KXHIGHNY-26AUG22-T80,711,0.01,12120.13,367.0,3.0,87.0,100.0
2026,KXHIGHNY-26AUG23-B80.5,1677,0.010000000000000009,44498.030000000006,235.0,1.0,48.0,100.0
2026,KXHIGHNY-26AUG23-B82.5,1501,0.019999999999999962,43756.55,303.0,2.0,34.0,100.0
2026,KXHIGHNY-26AUG23-B84.5,1140,0.01,17955.84,351.0,2.0,118.0,100.0
2026,KXHIGHNY-26AUG23-B86.5,652,0.01,1911.73,335.0,2.0,184.0,100.0
2026,KXHIGHNY-26AUG23-T80,1286,0.010000000000000009,238830.88000000003,336.0,2.0,56.0,100.0
2026,KXHIGHNY-26AUG23-T87,550,0.01,1612.5800000000002,322.0,3.0,97.0,100.0
2026,KXHIGHNY-26AUG24-B78.5,1458,0.010000000000000009,71459.70999999999,273.0,2.0,58.0,100.0
2026,KXHIGHNY-26AUG24-B80.5,1600,0.019999999999999962,56312.490000000005,261.0,1.0,46.0,100.0
2026,KXHIGHNY-26AUG24-B82.5,1237,0.010000000000000009,22807.440000000002,355.0,2.0,69.0,100.0
2026,KXHIGHNY-26AUG24-B84.5,605,0.01,4394.23,353.0,3.0,71.0,100.0
2026,KXHIGHNY-26AUG24-T78,1146,0.010000000000000009,13289.01,347.0,2.0,38.0,100.0
2026,KXHIGHNY-26AUG24-T85,349,0.01,2294.76,185.0,3.0,135.0,100.0
2026,KXHIGHNY-26AUG25-B79.5,1620,0.010000000000000009,42194.62,336.0,1.0,32.0,100.0
2026,KXHIGHNY-26AUG25-B81.5,1336,0.01,21046.79,353.0,2.0,33.0,100.0
2026,KXHIGHNY-26AUG25-B83.5,914,0.01,1752.3700000000001,404.0,3.0,33.0,100.0
2026,KXHIGHNY-26AUG25-B85.5,733,0.01,1230.8000000000002,367.0,3.0,60.0,100.0
2026,KXHIGHNY-26AUG25-T79,1551,0.010000000000000009,43498.58,298.0,1.0,51.0,100.0
2026,KXHIGHNY-26AUG25-T86,410,0.01,1314.31,226.0,3.0,162.0,100.0
2026,KXHIGHNY-26AUG26-B80.5,1586,0.010000000000000009,33703.75,249.0,1.0,51.0,100.0
2026,KXHIGHNY-26AUG26-B82.5,1463,0.010000000000000009,35709.88,294.0,1.0,61.0,100.0
2026,KXHIGHNY-26AUG26-B84.5,1150,0.01,8855.01,328.0,2.0,14.0,100.0
2026,KXHIGHNY-26AUG26-B86.5,571,0.01,1580.54,219.0,3.0,385.0,100.0
2026,KXHIGHNY-26AUG26-T80,1396,0.010000000000000009,30902.690000000002,273.0,1.0,79.0,100.0
2026,KXHIGHNY-26AUG26-T87,415,0.01,1703.19,203.0,3.0,121.0,100.0
2026,KXHIGHNY-26AUG27-B80.5,1599,0.020000000000000018,134220.18999999997,292.0,1.0,78.0,100.0
2026,KXHIGHNY-26AUG27-B82.5,1248,0.010000000000000009,18972.55,289.0,1.0,119.0,100.0
2026,KXHIGHNY-26AUG27-B84.5,989,0.010000000000000002,10667.52,288.0,2.0,119.0,100.0
2026,KXHIGHNY-26AUG27-B86.5,493,0.01,9073.67,180.0,3.0,180.0,100.0
2026,KXHIGHNY-26AUG27-T80,1604,0.020000000000000018,249280.8,276.0,1.0,98.0,100.0
2026,KXHIGHNY-26AUG27-T87,424,0.01,8855.67,207.0,3.0,97.0,100.0
2026,KXHIGHNY-26AUG28-B80.5,1425,0.010000000000000009,28553.960000000003,251.0,1.0,58.0,100.0
2026,KXHIGHNY-26AUG28-B82.5,1417,0.019999999999999962,55031.39000000001,257.0,2.0,121.0,100.0
2026,KXHIGHNY-26AUG28-B84.5,1612,0.010000000000000009,30601.46,246.0,2.0,45.0,100.0
2026,KXHIGHNY-26AUG28-B86.5,1189,0.01,10996.309999999998,237.0,2.0,256.0,100.0
2026,KXHIGHNY-26AUG28-T80,1211,0.010000000000000009,18093.739999999998,272.0,2.0,188.0,100.0
2026,KXHIGHNY-26AUG28-T87,922,0.01,1715.18,247.0,2.0,110.0,100.0
2026,KXHIGHNY-26AUG29-B79.5,1518,0.01999999999999999,30450.59,327.0,1.0,40.0,100.0
2026,KXHIGHNY-26AUG29-B81.5,1451,0.010000000000000009,18222.11,315.0,1.0,76.0,100.0
2026,KXHIGHNY-26AUG29-B83.5,1069,0.01,4669.570000000001,361.0,2.0,128.0,100.0
2026,KXHIGHNY-26AUG29-B85.5,945,0.01,4832.32,316.0,2.0,146.0,100.0
2026,KXHIGHNY-26AUG29-T79,1649,0.020000000000000018,36942.8,249.0,1.0,64.0,100.0
2026,KXHIGHNY-26AUG29-T86,421,0.01,2394.69,215.0,4.0,102.0,100.0
2026,KXHIGHNY-26AUG30-B82.5,1341,0.010000000000000009,31048.299999999996,331.0,1.0,80.0,100.0
2026,KXHIGHNY-26AUG30-B84.5,1123,0.010000000000000009,10446.71,384.0,2.0,79.0,100.0
2026,KXHIGHNY-26AUG30-B86.5,938,0.01,4325.66,317.0,2.0,126.0,100.0
2026,KXHIGHNY-26AUG30-B88.5,520,0.01,2032.19,249.0,3.0,166.0,100.0
2026,KXHIGHNY-26AUG30-T82,1360,0.010000000000000009,37975.69,289.0,2.0,93.0,100.0
2026,KXHIGHNY-26AUG30-T89,513,0.01,1042.7,252.0,3.0,75.0,100.0
2026,KXHIGHNY-26AUG31-B78.5,1459,0.010000000000000009,26069.21,369.0,1.0,67.0,100.0
2026,KXHIGHNY-26AUG31-B80.5,1372,0.010000000000000009,27842.840000000004,268.0,1.0,156.0,100.0
2026,KXHIGHNY-26AUG31-B82.5,1054,0.01,7833.260000000001,324.0,2.0,473.0,100.0
2026,KXHIGHNY-26AUG31-B84.5,912,0.01,4382.04,363.0,2.0,95.0,100.0
2026,KXHIGHNY-26AUG31-T78,1371,0.019999999999999907,27251.86,337.0,2.0,38.0,100.0
2026,KXHIGHNY-26AUG31-T85,1000,0.01,2647.53,309.0,2.0,94.0,100.0
2026,KXHIGHNY-26FEB01-B22.5,2274,0.010000000000000009,69677.0,2.0,3.5,6.0,100.0
2026,KXHIGHNY-26FEB01-B24.5,2241,0.010000000000000009,73417.0,22.0,1.0,5.0,100.0
2026,KXHIGHNY-26FEB01-B26.5,2075,0.010000000000000009,34721.0,79.0,1.0,22.0,100.0
2026,KXHIGHNY-26FEB01-B28.5,1484,0.010000000000000002,6801.0,192.0,1.0,47.0,100.0
2026,KXHIGHNY-26FEB01-T22,1840,0.01,38419.0,72.0,5.0,29.0,100.0
2026,KXHIGHNY-26FEB01-T29,1525,0.01,6560.0,238.0,1.0,24.0,100.0
2026,KXHIGHNY-26FEB02-B29.5,2226,0.01,38242.0,35.0,1.0,6.0,100.0
2026,KXHIGHNY-26FEB02-B31.5,2273,0.010000000000000009,136792.0,5.0,1.0,3.0,100.0
2026,KXHIGHNY-26FEB02-B33.5,2218,0.010000000000000009,116391.0,41.0,1.0,6.0,100.0
2026,KXHIGHNY-26FEB02-B35.5,2249,0.010000000000000009,53098.0,17.0,1.0,5.0,100.0
2026,KXHIGHNY-26FEB02-T29,2147,0.01,31374.0,61.0,1.0,16.0,100.0
2026,KXHIGHNY-26FEB02-T36,2222,0.01,53409.0,55.0,1.0,4.0,100.0
2026,KXHIGHNY-26FEB03-B30.5,1985,0.010000000000000002,53269.0,73.0,2.0,20.0,100.0
2026,KXHIGHNY-26FEB03-B32.5,2262,0.010000000000000009,124238.0,13.0,1.0,3.0,100.0
2026,KXHIGHNY-26FEB03-B34.5,2168,0.019999999999999997,67808.0,34.0,2.0,13.0,100.0
2026,KXHIGHNY-26FEB03-B36.5,2024,0.010000000000000009,50095.0,49.0,2.0,56.0,100.0
2026,KXHIGHNY-26FEB03-T30,1757,0.01,29082.0,183.0,1.0,31.0,100.0
2026,KXHIGHNY-26FEB03-T37,1975,0.010000000000000009,36755.0,52.0,2.0,53.0,100.0
2026,KXHIGHNY-26FEB04-B30.5,1888,0.010000000000000009,121544.0,69.0,2.0,30.0,100.0
2026,KXHIGHNY-26FEB04-B32.5,2247,0.010000000000000009,48731.0,24.0,1.0,5.0,100.0
2026,KXHIGHNY-26FEB04-B34.5,1950,0.010000000000000009,41036.0,58.0,4.0,31.0,100.0
2026,KXHIGHNY-26FEB04-B36.5,1843,0.010000000000000002,13115.0,56.0,2.5,40.0,100.0
2026,KXHIGHNY-26FEB04-T30,1880,0.01,39750.0,76.0,3.0,22.0,100.0
2026,KXHIGHNY-26FEB04-T37,1813,0.01,8697.0,85.0,1.0,31.0,100.0
2026,KXHIGHNY-26FEB05-B29.5,1944,0.010000000000000009,113256.0,37.0,4.0,117.0,100.0
2026,KXHIGHNY-26FEB05-B31.5,2076,0.010000000000000009,92595.0,35.0,1.0,101.0,100.0
2026,KXHIGHNY-26FEB05-B33.5,2091,0.01999999999999999,78103.0,7.0,3.0,118.0,100.0
2026,KXHIGHNY-26FEB05-B35.5,1813,0.01,15625.0,92.0,1.0,116.0,100.0
2026,KXHIGHNY-26FEB05-T29,1836,0.01,37690.0,69.0,3.0,118.0,100.0
2026,KXHIGHNY-26FEB05-T36,1701,0.01,6028.0,188.0,1.0,116.0,100.0
2026,KXHIGHNY-26FEB06-B26.5,1565,0.01,18341.0,294.0,1.0,17.0,100.0
2026,KXHIGHNY-26FEB06-B28.5,2017,0.01,69629.0,145.0,1.0,14.0,100.0
2026,KXHIGHNY-26FEB06-B30.5,2065,0.010000000000000009,214813.0,115.0,1.0,7.0,100.0
2026,KXHIGHNY-26FEB06-B32.5,2212,0.010000000000000009,67801.0,51.0,1.0,4.0,100.0
2026,KXHIGHNY-26FEB06-T26,1954,0.01,41572.0,223.0,1.0,24.0,100.0
2026,KXHIGHNY-26FEB06-T33,1906,0.010000000000000009,51140.0,117.0,1.0,17.0,100.0
2026,KXHIGHNY-26FEB07-B24.5,2020,0.01,185438.0,127.0,1.0,11.0,100.0
2026,KXHIGHNY-26FEB07-B26.5,2280,0.010000000000000009,139459.0,0.0,,,
2026,KXHIGHNY-26FEB07-B28.5,2038,0.010000000000000009,51013.0,111.0,1.0,37.0,100.0
2026,KXHIGHNY-26FEB07-B30.5,2017,0.01,47216.0,109.0,1.0,11.0,100.0
2026,KXHIGHNY-26FEB07-T24,1877,0.01,1123369.0,266.0,1.0,10.0,100.0
2026,KXHIGHNY-26FEB07-T31,1618,0.01,28885.0,236.0,1.0,25.0,100.0
2026,KXHIGHNY-26FEB08-B17.5,2278,0.010000000000000009,43409.0,2.0,1.5,2.0,100.0
2026,KXHIGHNY-26FEB08-B19.5,2167,0.010000000000000009,41158.0,48.0,1.0,18.0,100.0
2026,KXHIGHNY-26FEB08-B21.5,1823,0.010000000000000002,19940.0,157.0,1.0,32.0,100.0
2026,KXHIGHNY-26FEB08-B23.5,1726,0.01,6839.0,177.0,1.0,31.0,100.0
2026,KXHIGHNY-26FEB08-T17,2054,0.010000000000000009,134031.0,102.0,1.0,174.0,100.0
2026,KXHIGHNY-26FEB08-T24,1798,0.01,12548.0,202.0,1.0,22.0,100.0
2026,KXHIGHNY-26FEB09-B28.5,1895,0.010000000000000009,216319.0,77.0,3.0,18.0,100.0
2026,KXHIGHNY-26FEB09-B30.5,1998,0.010000000000000009,95481.0,97.0,1.0,25.0,100.0
2026,KXHIGHNY-26FEB09-B32.5,1939,0.010000000000000009,90705.0,90.0,2.0,25.0,100.0
2026,KXHIGHNY-26FEB09-B34.5,1652,0.01,27368.0,46.0,5.5,137.0,100.0
2026,KXHIGHNY-26FEB09-T28,1699,0.010000000000000002,66972.0,55.0,6.0,49.0,100.0
2026,KXHIGHNY-26FEB09-T35,1545,0.01,13998.0,88.0,1.0,190.0,100.0
2026,KXHIGHNY-26FEB10-B32.5,933,0.010000000000000009,204525.0,341.0,2.0,37.0,100.0
2026,KXHIGHNY-26FEB10-B34.5,1012,0.019999999999999962,221860.0,336.0,2.0,37.0,100.0
2026,KXHIGHNY-26FEB10-B36.5,1209,0.020000000000000018,124388.0,377.0,2.0,31.0,100.0
2026,KXHIGHNY-26FEB10-B38.5,997,0.020000000000000004,116341.0,372.0,2.0,26.0,100.0
2026,KXHIGHNY-26FEB10-T32,467,0.010000000000000002,52636.0,203.0,5.0,78.0,100.0
2026,KXHIGHNY-26FEB10-T39,461,0.019999999999999997,51994.0,213.0,4.0,115.0,100.0
2026,KXHIGHNY-26FEB11-B36.5,265,0.01,19096.0,205.0,4.0,83.0,100.0
2026,KXHIGHNY-26FEB11-B38.5,456,0.01999999999999999,56865.0,283.0,3.0,106.0,100.0
2026,KXHIGHNY-26FEB11-B40.5,869,0.020000000000000018,103555.0,320.0,2.0,50.0,100.0
2026,KXHIGHNY-26FEB11-B42.5,677,0.019999999999999997,68686.0,270.0,2.5,58.0,100.0
2026,KXHIGHNY-26FEB11-T36,148,0.01,18827.0,115.0,7.0,153.0,100.0
2026,KXHIGHNY-26FEB11-T43,473,0.01999999999999999,48136.0,222.0,3.0,77.0,100.0
2026,KXHIGHNY-26FEB12-B32.5,531,0.01,123908.0,294.0,3.0,130.0,100.0
2026,KXHIGHNY-26FEB12-B34.5,959,0.02999999999999997,160922.0,222.0,3.0,100.0,100.0
2026,KXHIGHNY-26FEB12-B36.5,1393,0.010000000000000009,86537.0,189.0,3.0,101.0,100.0
2026,KXHIGHNY-26FEB12-B38.5,837,0.02,47562.0,205.0,3.0,131.0,100.0
2026,KXHIGHNY-26FEB12-T32,628,0.01,40649.0,318.0,2.0,130.0,100.0
2026,KXHIGHNY-26FEB12-T39,517,0.010000000000000002,20490.0,233.0,3.0,109.0,100.0
2026,KXHIGHNY-26FEB13-B35.5,1811,0.010000000000000009,86956.0,134.0,2.0,19.0,100.0
2026,KXHIGHNY-26FEB13-B37.5,2124,0.010000000000000009,103091.0,68.0,1.0,10.0,100.0
2026,KXHIGHNY-26FEB13-B39.5,1960,0.010000000000000009,119356.0,111.0,1.0,19.0,100.0
2026,KXHIGHNY-26FEB13-B41.5,1619,0.010000000000000002,31887.0,177.0,1.0,50.0,100.0
2026,KXHIGHNY-26FEB13-T35,1681,0.01,32509.0,258.0,1.5,16.0,100.0
2026,KXHIGHNY-26FEB13-T42,1296,0.01,19700.0,208.0,3.0,71.0,100.0
2026,KXHIGHNY-26FEB14-B40.5,1521,0.010000000000000002,21316.0,220.0,1.5,43.0,100.0
2026,KXHIGHNY-26FEB14-B42.5,1803,0.010000000000000009,44072.0,162.0,2.0,39.0,100.0
2026,KXHIGHNY-26FEB14-B44.5,1698,0.010000000000000009,106486.0,156.0,2.0,38.0,100.0
2026,KXHIGHNY-26FEB14-B46.5,1995,0.010000000000000009,67442.0,135.0,1.0,21.0,100.0
2026,KXHIGHNY-26FEB14-T40,1253,0.01,12190.0,239.0,2.0,64.0,100.0
2026,KXHIGHNY-26FEB14-T47,1595,0.010000000000000002,51137.0,162.0,2.0,64.0,100.0
2026,KXHIGHNY-26FEB15-B36.5,1444,0.01,18268.0,238.0,2.0,29.0,100.0
2026,KXHIGHNY-26FEB15-B38.5,2011,0.01,63377.0,112.0,2.0,16.0,100.0
2026,KXHIGHNY-26FEB15-B40.5,2129,0.010000000000000009,78436.0,60.0,2.0,10.0,100.0
2026,KXHIGHNY-26FEB15-B42.5,2105,0.010000000000000009,58778.0,78.0,2.0,11.0,100.0
2026,KXHIGHNY-26FEB15-T36,1378,0.01,7854.0,223.0,3.0,29.0,100.0
2026,KXHIGHNY-26FEB15-T43,2021,0.010000000000000009,72206.0,107.0,1.0,20.0,100.0
2026,KXHIGHNY-26FEB16-B37.5,1973,0.01,108697.0,159.0,1.0,19.0,100.0
2026,KXHIGHNY-26FEB16-B39.5,2243,0.010000000000000009,66682.0,34.0,1.0,2.0,100.0
2026,KXHIGHNY-26FEB16-B41.5,1929,0.010000000000000009,57190.0,55.0,1.0,57.0,100.0
2026,KXHIGHNY-26FEB16-B43.5,1806,0.010000000000000002,22423.0,90.0,2.0,48.0,100.0
2026,KXHIGHNY-26FEB16-T37,1757,0.01,17603.0,182.0,1.0,17.0,100.0
2026,KXHIGHNY-26FEB16-T44,1558,0.01,8450.0,152.0,1.5,50.0,100.0
2026,KXHIGHNY-26FEB17-B44.5,2239,0.010000000000000009,108460.0,23.0,1.0,9.0,100.0
2026,KXHIGHNY-26FEB17-B46.5,2258,0.010000000000000009,98241.0,17.0,1.0,2.0,100.0
2026,KXHIGHNY-26FEB17-B48.5,1989,0.010000000000000009,86710.0,40.0,2.0,34.0,100.0
2026,KXHIGHNY-26FEB17-B50.5,1857,0.010000000000000002,34067.0,54.0,2.5,54.0,100.0
2026,KXHIGHNY-26FEB17-T44,1871,0.01,55385.0,136.0,2.0,18.0,100.0
2026,KXHIGHNY-26FEB17-T51,1740,0.01,19041.0,94.0,2.0,59.0,100.0
2026,KXHIGHNY-26FEB18-B44.5,1774,0.010000000000000009,40277.0,59.0,2.0,72.0,100.0
2026,KXHIGHNY-26FEB18-B46.5,2178,0.010000000000000002,28757.0,90.0,1.0,4.0,100.0
2026,KXHIGHNY-26FEB18-B48.5,2071,0.01,9778.0,165.0,1.0,15.0,100.0
2026,KXHIGHNY-26FEB18-B50.5,1770,0.01,1819.0,164.0,1.0,107.0,100.0
2026,KXHIGHNY-26FEB18-T44,2225,0.010000000000000009,74532.0,41.0,1.0,5.0,100.0
2026,KXHIGHNY-26FEB18-T51,1843,0.01,1515.0,310.0,1.0,31.0,100.0
2026,KXHIGHNY-26FEB19-B40.5,1592,0.020000000000000018,166146.0,174.0,2.0,118.0,100.0
2026,KXHIGHNY-26FEB19-B42.5,1912,0.010000000000000009,72322.0,133.0,1.0,70.0,100.0
2026,KXHIGHNY-26FEB19-B44.5,1293,0.010000000000000002,22682.0,219.0,2.0,103.0,99.54337899543378
2026,KXHIGHNY-26FEB19-B46.5,1132,0.01,9213.0,210.0,1.0,162.0,100.0
2026,KXHIGHNY-26FEB19-T40,1377,0.010000000000000009,36983.0,191.0,1.0,118.0,100.0
2026,KXHIGHNY-26FEB19-T47,1165,0.01,4198.0,109.0,3.0,162.0,100.0
2026,KXHIGHNY-26FEB20-B39.5,2123,0.010000000000000009,80249.0,84.0,1.0,13.0,100.0
2026,KXHIGHNY-26FEB20-B41.5,2035,0.010000000000000009,104956.0,106.0,1.0,15.0,100.0
2026,KXHIGHNY-26FEB20-B43.5,1826,0.010000000000000002,24060.0,113.0,2.0,28.0,100.0
2026,KXHIGHNY-26FEB20-B45.5,1533,0.01,3654.0,213.0,2.0,24.0,100.0
2026,KXHIGHNY-26FEB20-T39,2128,0.010000000000000009,117198.0,87.0,1.0,10.0,100.0
2026,KXHIGHNY-26FEB20-T46,1170,0.01,5515.0,227.0,3.0,33.0,100.0
2026,KXHIGHNY-26FEB21-B43.5,1488,0.010000000000000009,39284.0,180.0,2.0,70.0,100.0
2026,KXHIGHNY-26FEB21-B45.5,1813,0.010000000000000009,61057.0,157.0,1.0,42.0,100.0
2026,KXHIGHNY-26FEB21-B47.5,1862,0.010000000000000009,60470.0,97.0,1.0,58.0,100.0
2026,KXHIGHNY-26FEB21-B49.5,1473,0.010000000000000009,20368.0,181.0,1.0,168.0,100.0
2026,KXHIGHNY-26FEB21-T43,1326,0.01,13911.0,226.0,2.0,95.0,100.0
2026,KXHIGHNY-26FEB21-T50,1692,0.01,5743.0,79.0,2.0,114.0,100.0
2026,KXHIGHNY-26FEB22-B38.5,1669,0.020000000000000018,122940.0,222.0,2.0,17.0,100.0
2026,KXHIGHNY-26FEB22-B40.5,1467,0.010000000000000009,75987.0,235.0,2.0,49.0,100.0
2026,KXHIGHNY-26FEB22-B42.5,914,0.010000000000000002,27220.0,267.0,2.0,176.0,100.0
2026,KXHIGHNY-26FEB22-B44.5,661,0.01,13366.0,228.0,3.0,136.0,100.0
2026,KXHIGHNY-26FEB22-T38,1587,0.010000000000000009,723006.0,262.0,2.0,21.0,100.0
2026,KXHIGHNY-26FEB22-T45,638,0.01,5731.0,242.0,3.0,99.0,100.0
2026,KXHIGHNY-26FEB23-B33.5,1570,0.020000000000000018,195257.0,270.0,2.0,16.0,100.0
2026,KXHIGHNY-26FEB23-B35.5,1651,0.020000000000000018,66490.0,312.0,1.0,13.0,100.0
2026,KXHIGHNY-26FEB23-B37.5,1376,0.010000000000000002,23598.0,332.0,2.0,26.0,100.0
2026,KXHIGHNY-26FEB23-B39.5,845,0.01,7810.0,346.0,2.0,72.0,100.0
2026,KXHIGHNY-26FEB23-T33,1607,0.010000000000000009,60754.0,270.0,2.0,32.0,100.0
2026,KXHIGHNY-26FEB23-T40,709,0.01,4147.0,314.0,3.0,42.0,100.0
2026,KXHIGHNY-26FEB24-B28.5,1728,0.01,89826.0,252.0,1.0,17.0,100.0
2026,KXHIGHNY-26FEB24-B30.5,1878,0.019999999999999907,69361.0,179.0,1.0,18.0,100.0
2026,KXHIGHNY-26FEB24-B32.5,1875,0.019999999999999962,56363.0,183.0,1.0,16.0,100.0
2026,KXHIGHNY-26FEB24-B34.5,1766,0.010000000000000002,30038.0,200.0,2.0,41.0,100.0
2026,KXHIGHNY-26FEB24-T28,1577,0.01,18034.0,247.0,2.0,30.0,100.0
2026,KXHIGHNY-26FEB24-T35,1703,0.01,12512.0,200.0,2.0,31.0,100.0
2026,KXHIGHNY-26FEB25-B39.5,1531,0.010000000000000009,64892.0,298.0,1.0,21.0,100.0
2026,KXHIGHNY-26FEB25-B41.5,1742,0.010000000000000009,62564.0,212.0,1.0,19.0,100.0
2026,KXHIGHNY-26FEB25-B43.5,1843,0.010000000000000009,102084.0,235.0,1.0,13.0,100.0
2026,KXHIGHNY-26FEB25-B45.5,1591,0.010000000000000002,42085.0,298.0,1.0,28.0,100.0
2026,KXHIGHNY-26FEB25-T39,1517,0.01,32064.0,277.0,1.0,26.0,100.0
2026,KXHIGHNY-26FEB25-T46,1302,0.01,7010.0,389.0,1.0,26.0,100.0
2026,KXHIGHNY-26FEB26-B36.5,1161,0.01,22451.0,352.0,1.0,120.0,100.0
2026,KXHIGHNY-26FEB26-B38.5,1938,0.01,91118.0,143.0,1.0,119.0,100.0
2026,KXHIGHNY-26FEB26-B40.5,1461,0.010000000000000009,96914.0,264.0,2.0,123.0,100.0
2026,KXHIGHNY-26FEB26-B42.5,1632,0.010000000000000009,53057.0,200.0,1.0,119.0,100.0
2026,KXHIGHNY-26FEB26-T36,1079,0.01,21465.0,346.0,1.0,131.0,100.0
2026,KXHIGHNY-26FEB26-T43,1473,0.010000000000000009,78912.0,216.0,2.0,66.0,100.0
2026,KXHIGHNY-26FEB27-B38.5,1363,0.010000000000000002,21479.0,147.0,2.0,118.0,100.0
2026,KXHIGHNY-26FEB27-B40.5,1510,0.010000000000000009,38527.0,230.0,2.0,25.0,100.0
2026,KXHIGHNY-26FEB27-B42.5,1357,0.010000000000000009,49680.0,180.0,2.0,57.0,100.0
2026,KXHIGHNY-26FEB27-B44.5,1423,0.010000000000000009,43834.0,203.0,2.0,32.0,100.0
2026,KXHIGHNY-26FEB27-T38,1370,0.01,13173.0,149.0,2.0,78.0,100.0
2026,KXHIGHNY-26FEB27-T45,1507,0.019999999999999962,72273.0,150.0,2.0,81.0,100.0
2026,KXHIGHNY-26FEB28-B50.5,1720,0.010000000000000009,46561.0,207.0,1.0,24.0,100.0
2026,KXHIGHNY-26FEB28-B52.5,1613,0.010000000000000002,49485.0,211.0,1.0,46.0,100.0
2026,KXHIGHNY-26FEB28-B54.5,1443,0.010000000000000009,40718.0,225.0,2.0,41.0,100.0
2026,KXHIGHNY-26FEB28-B56.5,1316,0.01,18394.0,210.0,2.0,55.0,100.0
2026,KXHIGHNY-26FEB28-T50,1779,0.010000000000000009,49557.0,204.0,1.0,16.0,100.0
2026,KXHIGHNY-26FEB28-T57,1285,0.01,10017.0,209.0,2.0,55.0,100.0
2026,KXHIGHNY-26JAN01-B30.5,1618,0.01,43667.0,275.0,1.0,119.0,100.0
2026,KXHIGHNY-26JAN01-B32.5,1689,0.010000000000000009,49408.0,245.0,1.0,75.0,100.0
2026,KXHIGHNY-26JAN01-B34.5,1749,0.010000000000000009,82667.0,233.0,1.0,28.0,100.0
2026,KXHIGHNY-26JAN01-B36.5,1734,0.010000000000000009,44216.0,274.0,1.0,43.0,100.0
2026,KXHIGHNY-26JAN01-T30,1522,0.01,373153.0,307.0,1.0,119.0,100.0
2026,KXHIGHNY-26JAN01-T37,1424,0.01,8303.0,336.0,1.0,117.0,100.0
2026,KXHIGHNY-26JAN02-B28.5,2232,0.010000000000000009,31402.0,24.0,1.0,8.0,100.0
2026,KXHIGHNY-26JAN02-B30.5,2202,0.010000000000000009,26003.0,49.0,1.0,7.0,100.0
2026,KXHIGHNY-26JAN02-B32.5,2266,0.010000000000000009,21481.0,5.0,1.0,8.0,100.0
2026,KXHIGHNY-26JAN02-B34.5,2158,0.010000000000000002,9617.0,85.0,1.0,9.0,100.0
2026,KXHIGHNY-26JAN02-T28,2007,0.01,12119.0,163.0,1.0,27.0,100.0
2026,KXHIGHNY-26JAN02-T35,2045,0.01,13948.0,186.0,1.0,4.0,100.0
2026,KXHIGHNY-26JAN03-B29.5,2123,0.03,63262.0,68.0,1.0,32.0,100.0
2026,KXHIGHNY-26JAN03-B31.5,2177,0.020000000000000018,54535.0,68.0,1.0,6.0,100.0
2026,KXHIGHNY-26JAN03-B33.5,1981,0.019999999999999962,37129.0,146.0,1.0,14.0,100.0
2026,KXHIGHNY-26JAN03-B35.5,1743,0.010000000000000002,11040.0,254.0,1.0,11.0,100.0
2026,KXHIGHNY-26JAN03-T29,1619,0.01,26033.0,352.0,1.0,33.0,100.0
2026,KXHIGHNY-26JAN03-T36,1819,0.01,6765.0,260.0,1.0,32.0,100.0
2026,KXHIGHNY-26JAN04-B31.5,1526,0.020000000000000004,27731.0,254.0,1.0,31.0,100.0
2026,KXHIGHNY-26JAN04-B33.5,1658,0.02,415801.0,232.0,2.0,19.0,100.0
2026,KXHIGHNY-26JAN04-B35.5,1821,0.010000000000000009,62540.0,252.0,1.0,4.0,100.0
2026,KXHIGHNY-26JAN04-B37.5,1701,0.010000000000000002,12428.0,240.0,1.0,31.0,100.0
2026,KXHIGHNY-26JAN04-T31,728,0.01,22640.0,326.0,3.0,39.0,100.0
2026,KXHIGHNY-26JAN04-T38,1080,0.01,4239.0,316.0,2.0,30.0,100.0
2026,KXHIGHNY-26JAN05-B33.5,2034,0.010000000000000009,46071.0,122.0,1.0,10.0,100.0
2026,KXHIGHNY-26JAN05-B35.5,2224,0.020000000000000018,433522.0,38.0,1.0,4.0,100.0
2026,KXHIGHNY-26JAN05-B37.5,2249,0.03,78296.0,26.0,1.0,3.0,100.0
2026,KXHIGHNY-26JAN05-B39.5,2070,0.010000000000000002,54180.0,150.0,1.0,4.0,100.0
2026,KXHIGHNY-26JAN05-T33,1703,0.01,14010.0,362.0,1.0,6.0,100.0
2026,KXHIGHNY-26JAN05-T40,1531,0.01,15082.0,508.0,1.0,8.0,100.0
2026,KXHIGHNY-26JAN06-B39.5,1971,0.020000000000000018,435283.0,159.0,1.0,25.0,100.0
2026,KXHIGHNY-26JAN06-B41.5,2112,0.02999999999999997,107666.0,92.0,1.0,9.0,100.0
2026,KXHIGHNY-26JAN06-B43.5,2030,0.03,61777.0,144.0,1.0,32.0,100.0
2026,KXHIGHNY-26JAN06-B45.5,1801,0.020000000000000004,32821.0,203.0,1.0,24.0,100.0
2026,KXHIGHNY-26JAN06-T39,1463,0.01,32242.0,423.0,1.0,22.0,100.0
2026,KXHIGHNY-26JAN06-T46,1931,0.010000000000000009,38756.0,156.0,1.0,24.0,100.0
2026,KXHIGHNY-26JAN07-B45.5,1658,0.020000000000000004,19132.0,308.0,1.0,16.0,100.0
2026,KXHIGHNY-26JAN07-B47.5,1830,0.020000000000000018,150034.0,239.0,1.0,6.0,100.0
2026,KXHIGHNY-26JAN07-B49.5,1928,0.030000000000000027,41812.0,214.0,1.0,8.0,100.0
2026,KXHIGHNY-26JAN07-B51.5,1840,0.039999999999999994,51102.0,250.0,1.0,10.0,100.0
2026,KXHIGHNY-26JAN07-T45,1430,0.019999999999999997,22849.0,437.0,1.0,26.0,100.0
2026,KXHIGHNY-26JAN07-T52,1533,0.010000000000000002,27909.0,401.0,1.0,11.0,100.0
2026,KXHIGHNY-26JAN08-B46.5,1357,0.020000000000000004,30461.0,247.0,2.0,63.0,100.0
2026,KXHIGHNY-26JAN08-B48.5,1770,0.010000000000000009,319427.0,171.0,1.0,63.0,100.0
2026,KXHIGHNY-26JAN08-B50.5,1992,0.020000000000000018,102340.0,109.0,1.0,63.0,100.0
2026,KXHIGHNY-26JAN08-B52.5,1726,0.02,86569.0,227.0,1.0,63.0,100.0
2026,KXHIGHNY-26JAN08-T46,1263,0.01,42766.0,309.0,2.0,63.0,100.0
2026,KXHIGHNY-26JAN08-T53,1363,0.01,18109.0,249.0,2.0,77.0,100.0
2026,KXHIGHNY-26JAN09-B49.5,2234,0.020000000000000018,402441.0,25.0,1.0,9.0,100.0
2026,KXHIGHNY-26JAN09-B51.5,2239,0.02999999999999997,133661.0,27.0,1.0,5.0,100.0
2026,KXHIGHNY-26JAN09-B53.5,2264,0.03,117253.0,11.0,1.0,4.0,100.0
2026,KXHIGHNY-26JAN09-B55.5,2255,0.020000000000000004,80285.0,16.0,1.0,6.0,100.0
2026,KXHIGHNY-26JAN09-T49,1898,0.01,48930.0,138.0,2.0,17.0,100.0
2026,KXHIGHNY-26JAN09-T56,2045,0.010000000000000002,44339.0,88.0,1.0,17.0,100.0
2026,KXHIGHNY-26JAN10-B52.5,2254,0.010000000000000009,83356.0,13.0,1.0,8.0,100.0
2026,KXHIGHNY-26JAN10-B54.5,1621,0.019999999999999997,111591.0,195.0,2.0,20.0,100.0
2026,KXHIGHNY-26JAN10-B56.5,1253,0.01,9815.0,73.0,9.0,82.0,100.0
2026,KXHIGHNY-26JAN10-B58.5,1243,0.01,4682.0,72.0,9.0,81.0,100.0
2026,KXHIGHNY-26JAN10-T52,2069,0.01,1873207.0,114.0,1.0,7.0,100.0
2026,KXHIGHNY-26JAN10-T59,2222,0.01,5021.0,5.0,12.0,20.0,100.0
2026,KXHIGHNY-26JAN11-B42.5,1983,0.01,15218.0,59.0,3.0,27.0,100.0
2026,KXHIGHNY-26JAN11-B44.5,2225,0.010000000000000009,57504.0,37.0,1.0,5.0,100.0
2026,KXHIGHNY-26JAN11-B46.5,2279,0.010000000000000009,52590.0,2.0,1.0,1.0,100.0
2026,KXHIGHNY-26JAN11-B48.5,2263,0.01999999999999999,60182.0,12.0,1.0,3.0,100.0
2026,KXHIGHNY-26JAN11-T42,1635,0.01,26827.0,104.0,4.0,32.0,100.0
2026,KXHIGHNY-26JAN11-T49,2081,0.010000000000000009,16343.0,66.0,2.0,20.0,100.0
2026,KXHIGHNY-26JAN12-B39.5,1726,0.020000000000000004,69104.0,150.0,2.0,24.0,100.0
2026,KXHIGHNY-26JAN12-B41.5,2097,0.010000000000000009,53474.0,57.0,2.0,15.0,100.0
2026,KXHIGHNY-26JAN12-B43.5,1896,0.020000000000000018,34643.0,131.0,2.0,17.0,100.0
2026,KXHIGHNY-26JAN12-B45.5,1648,0.020000000000000004,26502.0,105.0,3.0,24.0,100.0
2026,KXHIGHNY-26JAN12-T39,1472,0.01,27076.0,222.0,1.0,48.0,100.0
2026,KXHIGHNY-26JAN12-T46,1495,0.010000000000000002,10477.0,178.0,1.0,43.0,100.0
2026,KXHIGHNY-26JAN13-B43.5,2194,0.010000000000000002,36606.0,46.0,1.0,8.0,100.0
2026,KXHIGHNY-26JAN13-B45.5,2256,0.010000000000000009,142521.0,6.0,3.5,7.0,100.0
2026,KXHIGHNY-26JAN13-B47.5,2246,0.019999999999999962,75423.0,14.0,1.0,9.0,100.0
2026,KXHIGHNY-26JAN13-B49.5,2225,0.010000000000000009,44729.0,28.0,1.0,7.0,100.0
2026,KXHIGHNY-26JAN13-T43,1923,0.01,56420.0,163.0,1.0,26.0,100.0
2026,KXHIGHNY-26JAN13-T50,2028,0.01,24920.0,95.0,1.0,24.0,100.0
2026,KXHIGHNY-26JAN14-B45.5,1792,0.01,23669.0,194.0,1.0,32.0,100.0
2026,KXHIGHNY-26JAN14-B47.5,2109,0.010000000000000009,47731.0,59.0,1.0,17.0,100.0
2026,KXHIGHNY-26JAN14-B49.5,2223,0.020000000000000018,118863.0,41.0,1.0,11.0,100.0
2026,KXHIGHNY-26JAN14-B51.5,2252,0.020000000000000018,66313.0,18.0,1.0,8.0,100.0
2026,KXHIGHNY-26JAN14-T45,1529,0.01,61312.0,251.0,1.0,38.0,100.0
2026,KXHIGHNY-26JAN14-T52,2234,0.010000000000000009,71509.0,29.0,1.0,4.0,100.0
2026,KXHIGHNY-26JAN15-B41.5,2102,0.01,111511.0,49.0,1.0,118.0,100.0
2026,KXHIGHNY-26JAN15-B43.5,2115,0.01,164894.0,41.0,1.0,74.0,100.0
2026,KXHIGHNY-26JAN15-B45.5,2118,0.01,242877.0,31.0,1.0,118.0,100.0
2026,KXHIGHNY-26JAN15-B47.5,2135,0.010000000000000009,181435.0,23.0,1.0,118.0,100.0
2026,KXHIGHNY-26JAN15-T41,2143,0.01,350992.0,8.0,1.5,118.0,100.0
2026,KXHIGHNY-26JAN15-T48,2128,0.01,58184.0,34.0,1.0,74.0,100.0
2026,KXHIGHNY-26JAN16-B33.5,2242,0.020000000000000018,100644.0,18.0,1.0,11.0,100.0
2026,KXHIGHNY-26JAN16-B35.5,2216,0.019999999999999997,98034.0,24.0,1.5,12.0,100.0
2026,KXHIGHNY-26JAN16-B37.5,2054,0.010000000000000009,25856.0,66.0,2.0,19.0,100.0
2026,KXHIGHNY-26JAN16-B39.5,1900,0.010000000000000002,13597.0,61.0,5.0,33.0,100.0
2026,KXHIGHNY-26JAN16-T33,1994,0.010000000000000002,202043.0,76.0,2.0,18.0,100.0
2026,KXHIGHNY-26JAN16-T40,1879,0.01,18022.0,76.0,2.0,47.0,100.0
2026,KXHIGHNY-26JAN17-B36.5,2208,0.010000000000000009,55019.0,49.0,1.0,11.0,100.0
2026,KXHIGHNY-26JAN17-B38.5,2268,0.020000000000000018,45903.0,2.0,6.0,11.0,100.0
2026,KXHIGHNY-26JAN17-B40.5,2106,0.01999999999999999,26919.0,18.0,5.0,30.0,100.0
2026,KXHIGHNY-26JAN17-B42.5,1874,0.010000000000000009,18651.0,44.0,3.5,51.0,100.0
2026,KXHIGHNY-26JAN17-T36,1744,0.01,58633.0,117.0,1.0,32.0,100.0
2026,KXHIGHNY-26JAN17-T43,1851,0.01,11943.0,49.0,2.0,46.0,100.0
2026,KXHIGHNY-26JAN18-B33.5,1832,0.019999999999999962,508585.0,186.0,2.0,12.0,100.0
2026,KXHIGHNY-26JAN18-B35.5,2274,0.030000000000000027,47749.0,3.0,2.0,3.0,100.0
2026,KXHIGHNY-26JAN18-B37.5,2071,0.020000000000000004,26252.0,42.0,2.0,30.0,100.0
2026,KXHIGHNY-26JAN18-B39.5,1780,0.02,14133.0,71.0,4.0,30.0,100.0
2026,KXHIGHNY-26JAN18-T33,1444,0.010000000000000002,70587.0,175.0,3.0,52.0,100.0
2026,KXHIGHNY-26JAN18-T40,2044,0.01,11859.0,52.0,2.0,29.0,100.0
2026,KXHIGHNY-26JAN19-B28.5,2114,0.01,26353.0,33.0,4.0,16.0,100.0
2026,KXHIGHNY-26JAN19-B30.5,2189,0.020000000000000004,93917.0,36.0,2.0,11.0,100.0
2026,KXHIGHNY-26JAN19-B32.5,2206,0.020000000000000018,43448.0,21.0,3.0,10.0,100.0
2026,KXHIGHNY-26JAN19-B34.5,2180,0.02,36316.0,35.0,2.0,9.0,100.0
2026,KXHIGHNY-26JAN19-T28,2207,0.01,17489.0,22.0,2.0,13.0,100.0
2026,KXHIGHNY-26JAN19-T35,1903,0.019999999999999997,10657.0,83.0,3.0,26.0,100.0
2026,KXHIGHNY-26JAN20-B22.5,1781,0.01,362052.0,173.0,2.0,22.0,100.0
2026,KXHIGHNY-26JAN20-B24.5,2268,0.020000000000000018,224438.0,3.0,5.0,6.0,100.0
2026,KXHIGHNY-26JAN20-B26.5,2247,0.02999999999999997,126873.0,5.0,7.0,17.0,100.0
2026,KXHIGHNY-26JAN20-B28.5,1866,0.01,37961.0,111.0,2.0,35.0,100.0
2026,KXHIGHNY-26JAN20-T22,1580,0.01,159409.0,154.0,3.0,25.0,100.0
2026,KXHIGHNY-26JAN20-T29,1973,0.01,236128.0,90.0,2.0,29.0,100.0
2026,KXHIGHNY-26JAN21-B33.5,2280,0.01999999999999999,139153.0,0.0,,,
2026,KXHIGHNY-26JAN21-B35.5,2272,0.019999999999999962,143558.0,7.0,1.0,2.0,100.0
2026,KXHIGHNY-26JAN21-B37.5,2259,0.030000000000000027,98606.0,13.0,1.0,3.0,100.0
2026,KXHIGHNY-26JAN21-B39.5,2278,0.020000000000000004,49113.0,2.0,1.0,1.0,100.0
2026,KXHIGHNY-26JAN21-T33,2217,0.010000000000000002,41117.0,45.0,1.0,6.0,100.0
2026,KXHIGHNY-26JAN21-T40,2270,0.01,30759.0,10.0,1.0,1.0,100.0
2026,KXHIGHNY-26JAN22-B40.5,1621,0.010000000000000002,22463.0,151.0,1.0,57.0,100.0
2026,KXHIGHNY-26JAN22-B42.5,1714,0.010000000000000009,46149.0,77.0,4.0,51.0,100.0
2026,KXHIGHNY-26JAN22-B44.5,2155,0.010000000000000009,107356.0,13.0,1.0,72.0,100.0
2026,KXHIGHNY-26JAN22-B46.5,2161,0.010000000000000009,81107.0,5.0,6.0,100.0,100.0
2026,KXHIGHNY-26JAN22-T40,1585,0.01,49507.0,230.0,1.0,99.0,100.0
2026,KXHIGHNY-26JAN22-T47,1862,0.01999999999999999,99049.0,69.0,2.0,100.0,100.0
2026,KXHIGHNY-26JAN23-B32.5,1773,0.01,38353.0,107.0,3.0,31.0,100.0
2026,KXHIGHNY-26JAN23-B34.5,1845,0.01,97129.0,124.0,2.0,21.0,100.0
2026,KXHIGHNY-26JAN23-B36.5,2274,0.020000000000000018,298413.0,5.0,1.0,2.0,100.0
2026,KXHIGHNY-26JAN23-B38.5,2277,0.01999999999999999,67029.0,2.0,1.5,2.0,100.0
2026,KXHIGHNY-26JAN23-T32,2190,0.01,59947.0,38.0,2.0,8.0,100.0
2026,KXHIGHNY-26JAN23-T39,2177,0.010000000000000002,35039.0,43.0,1.0,19.0,100.0
2026,KXHIGHNY-26JAN24-B16.5,2275,0.02999999999999997,49967.0,5.0,1.0,1.0,100.0
2026,KXHIGHNY-26JAN24-B18.5,2279,0.03,56952.0,1.0,1.0,1.0,100.0
2026,KXHIGHNY-26JAN24-B20.5,2184,0.01999999999999999,26410.0,21.0,2.0,25.0,100.0
2026,KXHIGHNY-26JAN24-B22.5,2155,0.01,10451.0,38.0,1.0,18.0,100.0
2026,KXHIGHNY-26JAN24-T16,2108,0.01,20134.0,51.0,2.0,20.0,100.0
2026,KXHIGHNY-26JAN24-T23,2057,0.010000000000000002,7600.0,99.0,1.0,28.0,100.0
2026,KXHIGHNY-26JAN25-B23.5,2253,0.03,47757.0,23.0,1.0,3.0,100.0
2026,KXHIGHNY-26JAN25-B25.5,2243,0.03,52550.0,25.0,1.0,5.0,100.0
2026,KXHIGHNY-26JAN25-B27.5,2266,0.02999999999999997,59170.0,12.0,1.0,2.0,100.0
2026,KXHIGHNY-26JAN25-B29.5,2275,0.01999999999999999,29638.0,6.0,1.0,1.0,100.0
2026,KXHIGHNY-26JAN25-T23,2229,0.01999999999999999,109553.0,31.0,1.0,7.0,100.0
2026,KXHIGHNY-26JAN25-T30,2257,0.01999999999999999,33146.0,22.0,1.0,2.0,100.0
2026,KXHIGHNY-26JAN26-B27.5,2279,0.010000000000000009,41125.0,1.0,1.0,1.0,100.0
2026,KXHIGHNY-26JAN26-B29.5,1891,0.020000000000000018,27728.0,43.0,6.0,45.0,100.0
2026,KXHIGHNY-26JAN26-B31.5,1806,0.010000000000000009,7471.0,66.0,5.0,45.0,100.0
2026,KXHIGHNY-26JAN26-B33.5,1662,0.01999999999999999,5080.0,94.0,3.0,45.0,100.0
2026,KXHIGHNY-26JAN26-T27,1870,0.019999999999999962,59673.0,77.0,4.0,24.0,100.0
2026,KXHIGHNY-26JAN26-T34,2278,0.01,4198.0,1.0,2.0,2.0,100.0
2026,KXHIGHNY-26JAN27-B16.5,1624,0.010000000000000009,17222.0,148.0,1.0,42.0,100.0
2026,KXHIGHNY-26JAN27-B18.5,1714,0.019999999999999962,32051.0,89.0,3.0,39.0,100.0
2026,KXHIGHNY-26JAN27-B20.5,1840,0.019999999999999962,65952.0,90.0,3.0,25.0,100.0
2026,KXHIGHNY-26JAN27-B22.5,2249,0.01999999999999999,46609.0,22.0,1.0,5.0,100.0
2026,KXHIGHNY-26JAN27-T16,1383,0.01,14249.0,369.0,1.0,35.0,100.0
2026,KXHIGHNY-26JAN27-T23,2082,0.01,47481.0,79.0,1.0,38.0,100.0
2026,KXHIGHNY-26JAN28-B19.5,1636,0.010000000000000009,9462.0,140.0,1.0,40.0,100.0
2026,KXHIGHNY-26JAN28-B21.5,2020,0.010000000000000009,42205.0,126.0,2.0,6.0,100.0
2026,KXHIGHNY-26JAN28-B23.5,2263,0.010000000000000009,39250.0,11.0,1.0,5.0,100.0
2026,KXHIGHNY-26JAN28-B25.5,1901,0.019999999999999962,30585.0,45.0,6.0,42.0,100.0
2026,KXHIGHNY-26JAN28-T19,1600,0.01,7178.0,187.0,1.0,37.0,100.0
2026,KXHIGHNY-26JAN28-T26,1638,0.010000000000000002,11430.0,136.0,2.0,40.0,100.0
2026,KXHIGHNY-26JAN29-B19.5,1549,0.020000000000000018,20927.0,78.0,4.5,112.0,100.0
2026,KXHIGHNY-26JAN29-B21.5,1822,0.020000000000000018,92012.0,107.0,3.0,104.0,100.0
2026,KXHIGHNY-26JAN29-B23.5,2133,0.020000000000000018,70474.0,34.0,1.0,104.0,100.0
2026,KXHIGHNY-26JAN29-B25.5,1940,0.010000000000000009,19785.0,87.0,1.0,107.0,100.0
2026,KXHIGHNY-26JAN29-T19,1329,0.010000000000000002,9584.0,229.0,1.0,112.0,100.0
2026,KXHIGHNY-26JAN29-T26,1600,0.010000000000000002,6905.0,281.0,1.0,117.0,100.0
2026,KXHIGHNY-26JAN30-B15.5,2202,0.010000000000000009,62680.0,31.0,2.0,8.0,100.0
2026,KXHIGHNY-26JAN30-B17.5,2239,0.020000000000000018,71814.0,24.0,1.0,5.0,100.0
2026,KXHIGHNY-26JAN30-B19.5,2252,0.01999999999999999,101849.0,11.0,2.0,5.0,100.0
2026,KXHIGHNY-26JAN30-B21.5,2148,0.010000000000000002,21792.0,70.0,1.0,9.0,100.0
2026,KXHIGHNY-26JAN30-T15,1831,0.01,42036.0,331.0,1.0,11.0,100.0
2026,KXHIGHNY-26JAN30-T22,2157,0.01,8596.0,70.0,1.0,6.0,100.0
2026,KXHIGHNY-26JAN31-B19.5,1798,0.010000000000000009,38350.0,94.0,2.0,30.0,100.0
2026,KXHIGHNY-26JAN31-B21.5,1863,0.019999999999999962,152606.0,85.0,3.0,25.0,100.0
2026,KXHIGHNY-26JAN31-B23.5,2250,0.020000000000000018,74297.0,21.0,1.0,4.0,100.0
2026,KXHIGHNY-26JAN31-B25.5,1952,0.010000000000000002,38233.0,134.0,1.0,30.0,100.0
2026,KXHIGHNY-26JAN31-T19,1858,0.010000000000000002,37776.0,108.0,2.0,23.0,100.0
2026,KXHIGHNY-26JAN31-T26,1758,0.01,6927.0,139.0,1.0,56.0,100.0
2026,KXHIGHNY-26JUL01-B92.5,1925,0.010000000000000009,64473.240000000005,198.0,1.0,17.0,100.0
2026,KXHIGHNY-26JUL01-B94.5,1858,0.020000000000000018,139567.78000000003,209.0,1.0,16.0,100.0
2026,KXHIGHNY-26JUL01-B96.5,1593,0.010000000000000009,46112.729999999996,169.0,1.0,61.0,100.0
2026,KXHIGHNY-26JUL01-B98.5,1074,0.01,12487.720000000001,328.0,2.0,138.0,100.0
2026,KXHIGHNY-26JUL01-T92,1381,0.010000000000000002,56316.98,332.0,2.0,49.0,100.0
2026,KXHIGHNY-26JUL01-T99,672,0.01,20504.3,370.0,2.0,112.0,100.0
2026,KXHIGHNY-26JUL02-B101.5,1728,0.010000000000000009,156185.03,214.0,2.0,42.0,100.0
2026,KXHIGHNY-26JUL02-B103.5,1363,0.01,47143.19,195.0,1.0,141.0,100.0
2026,KXHIGHNY-26JUL02-B105.5,666,0.01,16414.01,315.0,2.0,143.0,100.0
2026,KXHIGHNY-26JUL02-B99.5,1693,0.010000000000000009,99260.46,205.0,2.0,119.0,100.0
2026,KXHIGHNY-26JUL02-T106,426,0.01,14474.5,236.0,2.0,207.0,100.0
2026,KXHIGHNY-26JUL02-T99,1494,0.010000000000000009,65299.48999999999,209.0,1.0,94.0,100.0
2026,KXHIGHNY-26JUL03-B100.5,1823,0.010000000000000009,140187.29000000004,210.0,2.0,12.0,100.0
2026,KXHIGHNY-26JUL03-B102.5,1562,0.010000000000000009,45774.72,198.0,1.0,106.0,100.0
2026,KXHIGHNY-26JUL03-B104.5,1151,0.01,18423.12,362.0,2.0,161.0,100.0
2026,KXHIGHNY-26JUL03-B98.5,1816,0.010000000000000009,79104.97,159.0,2.0,26.0,100.0
2026,KXHIGHNY-26JUL03-T105,394,0.01,5419.15,239.0,3.0,162.0,100.0
2026,KXHIGHNY-26JUL03-T98,1430,0.01,56961.99,293.0,2.0,67.0,100.0
2026,KXHIGHNY-26JUL04-B100.5,1162,0.01,17583.879999999997,334.0,2.0,117.0,100.0
2026,KXHIGHNY-26JUL04-B102.5,588,0.01,3351.78,159.0,3.0,159.0,100.0
2026,KXHIGHNY-26JUL04-B104.5,455,0.01,2068.7,226.0,3.0,234.0,100.0
2026,KXHIGHNY-26JUL04-B98.5,1589,0.010000000000000009,43008.41,186.0,1.0,125.0,100.0
2026,KXHIGHNY-26JUL04-T105,287,0.01,2186.01,188.0,4.0,255.0,100.0
2026,KXHIGHNY-26JUL04-T98,1775,0.010000000000000009,26579.68,325.0,1.0,8.0,100.0
2026,KXHIGHNY-26JUL05-B84.5,1655,0.010000000000000009,57772.17999999999,190.0,2.0,30.0,100.0
2026,KXHIGHNY-26JUL05-B86.5,1455,0.010000000000000002,67511.08,238.0,1.0,196.0,100.0
2026,KXHIGHNY-26JUL05-B88.5,748,0.010000000000000002,3759.07,292.0,3.0,52.0,100.0
2026,KXHIGHNY-26JUL05-B90.5,1106,0.01,5683.42,256.0,2.0,208.0,100.0
2026,KXHIGHNY-26JUL05-T84,1746,0.010000000000000009,58137.17,265.0,1.0,23.0,100.0
2026,KXHIGHNY-26JUL05-T91,650,0.01,9968.01,317.0,2.0,113.0,100.0
2026,KXHIGHNY-26JUL06-B75.5,1543,0.010000000000000009,50922.09,170.0,2.0,58.0,100.0
2026,KXHIGHNY-26JUL06-B77.5,1067,0.01,12086.89,320.0,2.0,275.0,100.0
2026,KXHIGHNY-26JUL06-B79.5,746,0.01,2992.4300000000003,242.0,3.0,319.0,100.0
2026,KXHIGHNY-26JUL06-B81.5,455,0.01,4843.349999999999,238.0,3.0,165.0,100.0
2026,KXHIGHNY-26JUL06-T75,1770,0.010000000000000009,35022.5,328.0,1.0,9.0,100.0
2026,KXHIGHNY-26JUL06-T82,371,0.01,7882.630000000001,236.0,4.0,288.0,100.0
2026,KXHIGHNY-26JUL07-B75.5,1403,0.01,29549.04,249.0,2.0,113.0,100.0
2026,KXHIGHNY-26JUL07-B77.5,680,0.01,3850.14,271.0,3.0,150.0,100.0
2026,KXHIGHNY-26JUL07-B79.5,527,0.01,2011.6499999999999,231.0,3.0,231.0,100.0
2026,KXHIGHNY-26JUL07-B81.5,371,0.01,3846.94,218.0,4.0,232.0,100.0
2026,KXHIGHNY-26JUL07-T75,1422,0.010000000000000009,35929.59,379.0,1.0,36.0,100.0
2026,KXHIGHNY-26JUL07-T82,220,0.01,3074.3399999999997,130.0,4.5,209.0,100.0
2026,KXHIGHNY-26JUL08-B76.5,1255,0.01,11646.8,247.0,2.0,133.0,100.0
2026,KXHIGHNY-26JUL08-B78.5,1121,0.01,15051.010000000002,318.0,2.0,55.0,100.0
2026,KXHIGHNY-26JUL08-B80.5,1520,0.010000000000000009,33406.52,200.0,1.0,76.0,100.0
2026,KXHIGHNY-26JUL08-B82.5,1467,0.010000000000000009,50642.78000000001,253.0,1.0,62.0,100.0
2026,KXHIGHNY-26JUL08-T76,356,0.01,7444.3,224.0,4.0,152.0,100.0
2026,KXHIGHNY-26JUL08-T83,1923,0.010000000000000009,73035.79000000001,211.0,1.0,17.0,100.0
2026,KXHIGHNY-26JUL09-B83.5,1435,0.019999999999999962,72012.4,250.0,1.0,75.0,100.0
2026,KXHIGHNY-26JUL09-B85.5,1300,0.010000000000000009,45923.380000000005,191.0,1.0,92.0,100.0
2026,KXHIGHNY-26JUL09-B87.5,1049,0.010000000000000002,16023.699999999999,249.0,1.0,260.0,100.0
2026,KXHIGHNY-26JUL09-B89.5,989,0.01,8651.08,174.0,2.0,149.0,100.0
2026,KXHIGHNY-26JUL09-T83,1374,0.010000000000000009,69164.74,241.0,2.0,75.0,100.0
2026,KXHIGHNY-26JUL09-T90,206,0.01,9366.240000000002,158.0,5.0,188.0,100.0
2026,KXHIGHNY-26JUL10-B87.5,1474,0.010000000000000009,40125.94,214.0,2.0,52.0,100.0
2026,KXHIGHNY-26JUL10-B89.5,1320,0.010000000000000009,20156.32,173.0,1.0,144.0,100.0
2026,KXHIGHNY-26JUL10-B91.5,535,0.01,4714.88,299.0,3.0,223.0,100.0
2026,KXHIGHNY-26JUL10-B93.5,745,0.01,1898.62,298.0,2.0,127.0,100.0
2026,KXHIGHNY-26JUL10-T87,1604,0.010000000000000009,41195.68,332.0,1.0,33.0,100.0
2026,KXHIGHNY-26JUL10-T94,454,0.01,3544.52,242.0,3.0,99.0,100.0
2026,KXHIGHNY-26JUL11-B81.5,1597,0.010000000000000009,41280.03,265.0,1.0,32.0,100.0
2026,KXHIGHNY-26JUL11-B83.5,1253,0.010000000000000009,32737.030000000002,259.0,2.0,90.0,100.0
2026,KXHIGHNY-26JUL11-B85.5,733,0.01,5281.98,299.0,3.0,77.0,100.0
2026,KXHIGHNY-26JUL11-B87.5,453,0.01,3738.46,250.0,3.0,139.0,100.0
2026,KXHIGHNY-26JUL11-T81,1980,0.010000000000000009,54051.37,185.0,1.0,12.0,100.0
2026,KXHIGHNY-26JUL11-T88,431,0.01,3822.85,259.0,3.0,108.0,100.0
2026,KXHIGHNY-26JUL12-B82.5,1341,0.010000000000000009,36792.66,289.0,2.0,55.0,100.0
2026,KXHIGHNY-26JUL12-B84.5,1715,0.010000000000000009,40275.98,281.0,1.0,72.0,100.0
2026,KXHIGHNY-26JUL12-B86.5,848,0.010000000000000002,19749.68,251.0,3.0,50.0,100.0
2026,KXHIGHNY-26JUL12-B88.5,696,0.01,2686.9700000000003,198.0,5.0,48.0,100.0
2026,KXHIGHNY-26JUL12-T82,1009,0.010000000000000009,12886.4,321.0,2.0,44.0,100.0
2026,KXHIGHNY-26JUL12-T89,369,0.01,2450.82,242.0,8.0,49.0,100.0
2026,KXHIGHNY-26JUL13-B82.5,1347,0.019999999999999962,68491.03,278.0,2.0,27.0,100.0
2026,KXHIGHNY-26JUL13-B84.5,1509,0.020000000000000018,54862.560000000005,287.0,1.0,21.0,100.0
2026,KXHIGHNY-26JUL13-B86.5,1392,0.01999999999999999,36556.549999999996,193.0,2.0,115.0,100.0
2026,KXHIGHNY-26JUL13-B88.5,874,0.010000000000000002,4325.48,259.0,2.0,140.0,100.0
2026,KXHIGHNY-26JUL13-T82,1076,0.01,23186.690000000002,262.0,3.0,51.0,100.0
2026,KXHIGHNY-26JUL13-T89,836,0.01,8384.16,316.0,2.0,57.0,100.0
2026,KXHIGHNY-26JUL14-B90.5,1562,0.010000000000000009,84540.86,249.0,2.0,25.0,100.0
2026,KXHIGHNY-26JUL14-B92.5,1567,0.010000000000000009,92907.28,266.0,2.0,21.0,100.0
2026,KXHIGHNY-26JUL14-B94.5,1628,0.01999999999999999,91698.31,230.0,2.0,36.0,100.0
2026,KXHIGHNY-26JUL14-B96.5,1332,0.010000000000000009,37839.939999999995,256.0,2.0,42.0,100.0
2026,KXHIGHNY-26JUL14-T90,1748,0.01,155983.87000000002,169.0,2.0,20.0,100.0
2026,KXHIGHNY-26JUL14-T97,1153,0.01,11315.81,273.0,2.0,65.0,100.0
2026,KXHIGHNY-26JUL15-B101.5,882,0.01,18346.66,329.0,2.0,103.0,100.0
2026,KXHIGHNY-26JUL15-B103.5,680,0.01,4757.74,290.0,3.0,103.0,100.0
2026,KXHIGHNY-26JUL15-B97.5,1577,0.020000000000000018,47906.08,207.0,1.0,51.0,100.0
2026,KXHIGHNY-26JUL15-B99.5,1332,0.010000000000000009,36301.97,256.0,2.0,138.0,100.0
2026,KXHIGHNY-26JUL15-T104,500,0.01,7899.66,287.0,3.0,103.0,100.0
2026,KXHIGHNY-26JUL15-T97,1593,0.019999999999999907,74276.95,209.0,2.0,44.0,100.0
2026,KXHIGHNY-26JUL16-B89.5,1445,0.010000000000000009,75247.13,226.0,2.0,76.0,100.0
2026,KXHIGHNY-26JUL16-B91.5,1288,0.010000000000000009,92720.59000000001,263.0,2.0,77.0,100.0
2026,KXHIGHNY-26JUL16-B93.5,1219,0.010000000000000009,21798.93,211.0,2.0,88.0,100.0
2026,KXHIGHNY-26JUL16-B95.5,823,0.010000000000000002,8639.25,285.0,2.0,111.0,100.0
2026,KXHIGHNY-26JUL16-T89,1544,0.010000000000000009,103765.01999999999,325.0,1.0,118.0,100.0
2026,KXHIGHNY-26JUL16-T96,542,0.01,8073.01,282.0,3.0,200.0,100.0
2026,KXHIGHNY-26JUL17-B83.5,1315,0.010000000000000009,35431.53,385.0,2.0,25.0,100.0
2026,KXHIGHNY-26JUL17-B85.5,1728,0.010000000000000009,92313.83999999998,228.0,1.0,26.0,100.0
2026,KXHIGHNY-26JUL17-B87.5,1673,0.010000000000000009,96262.02,244.0,2.0,33.0,100.0
2026,KXHIGHNY-26JUL17-B89.5,1393,0.010000000000000009,20746.420000000002,310.0,2.0,23.0,100.0
2026,KXHIGHNY-26JUL17-T83,1472,0.010000000000000002,18111.43,372.0,2.0,23.0,100.0
2026,KXHIGHNY-26JUL17-T90,858,0.01,10896.009999999998,378.0,2.0,46.0,100.0
2026,KXHIGHNY-26JUL18-B79.5,1738,0.010000000000000009,48989.42,238.0,2.0,35.0,100.0
2026,KXHIGHNY-26JUL18-B81.5,1568,0.010000000000000009,30888.999999999996,228.0,2.0,40.0,100.0
2026,KXHIGHNY-26JUL18-B83.5,1292,0.010000000000000002,14265.29,282.0,2.0,96.0,100.0
2026,KXHIGHNY-26JUL18-B85.5,1057,0.01,14179.619999999999,316.0,2.0,100.0,100.0
2026,KXHIGHNY-26JUL18-T79,1795,0.010000000000000009,74875.31,271.0,1.0,11.0,100.0
2026,KXHIGHNY-26JUL18-T86,721,0.01,16708.16,341.0,2.0,100.0,100.0
2026,KXHIGHNY-26JUL19-B80.5,1746,0.010000000000000009,91481.57,250.0,1.0,19.0,100.0
2026,KXHIGHNY-26JUL19-B82.5,1595,0.010000000000000009,45720.04000000001,277.0,2.0,44.0,100.0
2026,KXHIGHNY-26JUL19-B84.5,1755,0.010000000000000002,10802.58,205.0,2.0,22.0,100.0
2026,KXHIGHNY-26JUL19-B86.5,716,0.01,13657.16,328.0,3.0,59.0,100.0
2026,KXHIGHNY-26JUL19-T80,1660,0.010000000000000009,77303.74,263.0,2.0,18.0,100.0
2026,KXHIGHNY-26JUL19-T87,974,0.01,7181.110000000001,205.0,2.0,78.0,100.0
2026,KXHIGHNY-26JUL20-B77.5,1552,0.01,34325.869999999995,293.0,2.0,31.0,100.0
2026,KXHIGHNY-26JUL20-B79.5,1833,0.010000000000000009,106240.26,198.0,2.0,13.0,100.0
2026,KXHIGHNY-26JUL20-B81.5,1837,0.010000000000000009,77647.13,231.0,1.0,21.0,100.0
2026,KXHIGHNY-26JUL20-B83.5,1796,0.010000000000000009,48939.89,153.0,1.0,49.0,100.0
2026,KXHIGHNY-26JUL20-T77,1418,0.01,9736.849999999999,349.0,2.0,47.0,100.0
2026,KXHIGHNY-26JUL20-T84,1194,0.01,11823.73,329.0,2.0,58.0,100.0
2026,KXHIGHNY-26JUL21-B79.5,1619,0.010000000000000009,181796.47999999998,224.0,2.0,26.0,100.0
2026,KXHIGHNY-26JUL21-B81.5,1777,0.010000000000000009,73371.46999999999,146.0,2.0,41.0,100.0
2026,KXHIGHNY-26JUL21-B83.5,1344,0.01,48288.26999999999,247.0,2.0,65.0,100.0
2026,KXHIGHNY-26JUL21-B85.5,791,0.01,25831.69,318.0,3.0,64.0,100.0
2026,KXHIGHNY-26JUL21-T79,1599,0.010000000000000009,70724.42,213.0,2.0,31.0,100.0
2026,KXHIGHNY-26JUL21-T86,693,0.01,19328.9,345.0,3.0,47.0,100.0
2026,KXHIGHNY-26JUL22-B84.5,1932,0.010000000000000009,93184.18,178.0,1.0,12.0,100.0
2026,KXHIGHNY-26JUL22-B86.5,1959,0.01999999999999999,72718.06,134.0,2.0,24.0,100.0
2026,KXHIGHNY-26JUL22-B88.5,1490,0.010000000000000002,42216.65,260.0,2.0,48.0,100.0
2026,KXHIGHNY-26JUL22-B90.5,919,0.01,6546.639999999999,337.0,2.0,44.0,100.0
2026,KXHIGHNY-26JUL22-T84,1569,0.010000000000000009,34231.76,251.0,2.0,26.0,100.0
2026,KXHIGHNY-26JUL22-T91,688,0.01,5974.79,279.0,2.0,121.0,100.0
2026,KXHIGHNY-26JUL23-B79.5,1663,0.010000000000000009,47308.40000000001,295.0,1.0,119.0,100.0
2026,KXHIGHNY-26JUL23-B81.5,1540,0.01999999999999999,95336.2,222.0,1.0,119.0,100.0
2026,KXHIGHNY-26JUL23-B83.5,1160,0.010000000000000009,22408.98,260.0,2.0,71.0,100.0
2026,KXHIGHNY-26JUL23-B85.5,584,0.01,10140.88,263.0,2.0,111.0,100.0
2026,KXHIGHNY-26JUL23-T79,1191,0.010000000000000009,39981.17,280.0,2.0,120.0,100.0
2026,KXHIGHNY-26JUL23-T86,461,0.01,4199.4,246.0,4.0,121.0,100.0
2026,KXHIGHNY-26JUL24-B81.5,2060,0.010000000000000009,84379.59,167.0,1.0,5.0,100.0
2026,KXHIGHNY-26JUL24-B83.5,1916,0.010000000000000009,70321.79000000001,216.0,1.0,30.0,100.0
2026,KXHIGHNY-26JUL24-B85.5,1467,0.010000000000000002,23564.79,320.0,1.0,38.0,100.0
2026,KXHIGHNY-26JUL24-B87.5,892,0.01,3783.06,352.0,2.0,72.0,100.0
2026,KXHIGHNY-26JUL24-T81,1383,0.010000000000000009,33433.45,253.0,2.0,37.0,100.0
2026,KXHIGHNY-26JUL24-T88,612,0.01,2910.31,253.0,2.0,120.0,100.0
2026,KXHIGHNY-26JUL25-B80.5,1658,0.010000000000000009,38190.049999999996,252.0,1.0,43.0,100.0
2026,KXHIGHNY-26JUL25-B82.5,1762,0.010000000000000009,36475.65,321.0,1.0,7.0,100.0
2026,KXHIGHNY-26JUL25-B84.5,1505,0.01,10918.64,289.0,1.0,35.0,100.0
2026,KXHIGHNY-26JUL25-B86.5,776,0.01,3656.51,287.0,2.0,142.0,100.0
2026,KXHIGHNY-26JUL25-T80,1216,0.010000000000000009,29176.129999999997,365.0,1.0,103.0,100.0
2026,KXHIGHNY-26JUL25-T87,718,0.01,2756.8599999999997,232.0,2.0,104.0,100.0
2026,KXHIGHNY-26JUL26-B81.5,2023,0.010000000000000009,37915.34,189.0,1.0,11.0,100.0
2026,KXHIGHNY-26JUL26-B83.5,2074,0.010000000000000009,150498.64,168.0,1.0,12.0,100.0
2026,KXHIGHNY-26JUL26-B85.5,1644,0.010000000000000009,50037.310000000005,251.0,1.0,29.0,100.0
2026,KXHIGHNY-26JUL26-B87.5,1192,0.01,8308.25,366.0,2.0,42.0,100.0
2026,KXHIGHNY-26JUL26-T81,1169,0.01,14625.85,311.0,2.0,110.0,100.0
2026,KXHIGHNY-26JUL26-T88,969,0.01,1927.27,291.0,2.0,52.0,100.0
2026,KXHIGHNY-26JUL27-B81.5,1482,0.010000000000000009,33245.28,224.0,2.0,37.0,100.0
2026,KXHIGHNY-26JUL27-B83.5,1873,0.010000000000000009,66092.12999999999,252.0,1.0,13.0,100.0
2026,KXHIGHNY-26JUL27-B85.5,1819,0.010000000000000009,37026.87,273.0,1.0,10.0,100.0
2026,KXHIGHNY-26JUL27-B87.5,1517,0.01,9230.05,347.0,1.0,26.0,100.0
2026,KXHIGHNY-26JUL27-T81,1185,0.010000000000000009,10881.73,271.0,2.0,174.0,100.0
2026,KXHIGHNY-26JUL27-T88,1037,0.01,2647.6400000000003,197.0,3.0,119.0,100.0
2026,KXHIGHNY-26JUL28-B77.5,1689,0.010000000000000009,67339.68,239.0,1.0,30.0,100.0
2026,KXHIGHNY-26JUL28-B79.5,2019,0.010000000000000009,58891.54,202.0,1.0,7.0,100.0
2026,KXHIGHNY-26JUL28-B81.5,1819,0.010000000000000009,42957.329999999994,268.0,1.0,15.0,100.0
2026,KXHIGHNY-26JUL28-B83.5,1544,0.01,23733.68,305.0,2.0,15.0,100.0
2026,KXHIGHNY-26JUL28-T77,1465,0.010000000000000002,20871.93,274.0,2.0,89.0,100.0
2026,KXHIGHNY-26JUL28-T84,1273,0.01,15175.88,355.0,2.0,24.0,100.0
2026,KXHIGHNY-26JUL29-B76.5,1329,0.010000000000000009,30464.18,268.0,1.0,89.0,100.0
2026,KXHIGHNY-26JUL29-B78.5,1730,0.010000000000000009,66590.2,153.0,1.0,51.0,100.0
2026,KXHIGHNY-26JUL29-B80.5,1847,0.010000000000000009,82568.57,217.0,1.0,31.0,100.0
2026,KXHIGHNY-26JUL29-B82.5,1662,0.010000000000000009,55774.95,174.0,1.0,118.0,100.0
2026,KXHIGHNY-26JUL29-T76,1257,0.01,21380.78,273.0,1.0,101.0,100.0
2026,KXHIGHNY-26JUL29-T83,1295,0.01,16478.03,306.0,1.0,46.0,100.0
2026,KXHIGHNY-26JUL30-B77.5,1634,0.010000000000000009,67159.96,172.0,1.0,119.0,100.0
2026,KXHIGHNY-26JUL30-B79.5,1448,0.010000000000000009,29271.250000000004,189.0,1.0,88.0,100.0
2026,KXHIGHNY-26JUL30-B81.5,1163,0.01,7727.030000000001,323.0,1.0,118.0,100.0
2026,KXHIGHNY-26JUL30-B83.5,765,0.01,3533.8599999999997,328.0,2.0,118.0,100.0
2026,KXHIGHNY-26JUL30-T77,1557,0.010000000000000009,63103.53,216.0,1.0,117.0,100.0
2026,KXHIGHNY-26JUL30-T84,727,0.01,2330.25,273.0,2.0,119.0,100.0
2026,KXHIGHNY-26JUL31-B82.5,1583,0.010000000000000009,42576.859999999986,278.0,1.0,36.0,100.0
2026,KXHIGHNY-26JUL31-B84.5,1726,0.010000000000000009,38791.36,231.0,1.0,26.0,100.0
2026,KXHIGHNY-26JUL31-B86.5,1538,0.010000000000000009,35819.33,172.0,1.0,118.0,100.0
2026,KXHIGHNY-26JUL31-B88.5,1295,0.01,9162.76,176.0,1.0,141.0,100.0
2026,KXHIGHNY-26JUL31-T82,1141,0.010000000000000002,7545.42,362.0,2.0,89.0,100.0
2026,KXHIGHNY-26JUL31-T89,460,0.01,1845.7399999999996,248.0,3.0,119.0,100.0
2026,KXHIGHNY-26JUN01-B70.5,1472,0.010000000000000009,64004.03,284.0,2.0,24.0,100.0
2026,KXHIGHNY-26JUN01-B72.5,1353,0.010000000000000009,57735.39,236.0,2.0,45.0,100.0
2026,KXHIGHNY-26JUN01-B74.5,1524,0.01,23063.989999999998,264.0,2.0,69.0,100.0
2026,KXHIGHNY-26JUN01-B76.5,853,0.01,5763.889999999999,283.0,2.0,171.0,100.0
2026,KXHIGHNY-26JUN01-T70,1360,0.010000000000000002,57244.5,330.0,1.0,44.0,100.0
2026,KXHIGHNY-26JUN01-T77,579,0.01,13440.61,317.0,2.0,94.0,100.0
2026,KXHIGHNY-26JUN02-B73.5,1143,0.010000000000000002,13083.6,364.0,1.5,42.0,100.0
2026,KXHIGHNY-26JUN02-B75.5,1592,0.020000000000000018,68637.18000000001,286.0,1.0,65.0,100.0
2026,KXHIGHNY-26JUN02-B77.5,1568,0.010000000000000009,68455.52,226.0,2.0,41.0,100.0
2026,KXHIGHNY-26JUN02-B79.5,1073,0.01,21230.07,286.0,2.0,95.0,100.0
2026,KXHIGHNY-26JUN02-T73,721,0.01,5707.94,395.0,2.0,48.0,100.0
2026,KXHIGHNY-26JUN02-T80,636,0.01,6634.5,353.0,3.0,139.0,100.0
2026,KXHIGHNY-26JUN03-B76.5,602,0.01,13437.65,349.0,3.0,55.0,100.0
2026,KXHIGHNY-26JUN03-B78.5,861,0.01,13939.970000000001,340.0,2.0,55.0,100.0
2026,KXHIGHNY-26JUN03-B80.5,1372,0.010000000000000009,27054.38,309.0,1.0,49.0,100.0
2026,KXHIGHNY-26JUN03-B82.5,1575,0.019999999999999962,42876.34,252.0,2.0,20.0,100.0
2026,KXHIGHNY-26JUN03-T76,785,0.01,4140.13,449.0,2.0,51.0,100.0
2026,KXHIGHNY-26JUN03-T83,1436,0.010000000000000009,46848.409999999996,266.0,1.5,50.0,100.0
2026,KXHIGHNY-26JUN04-B82.5,783,0.01,14040.17,350.0,2.0,58.0,100.0
2026,KXHIGHNY-26JUN04-B84.5,1360,0.010000000000000009,56733.31,274.0,2.0,82.0,100.0
2026,KXHIGHNY-26JUN04-B86.5,1564,0.010000000000000009,56561.61,317.0,1.0,119.0,100.0
2026,KXHIGHNY-26JUN04-B88.5,1258,0.010000000000000009,32702.089999999997,251.0,2.0,104.0,100.0
2026,KXHIGHNY-26JUN04-T82,592,0.01,27610.59,385.0,2.0,74.0,100.0
2026,KXHIGHNY-26JUN04-T89,1010,0.01,21833.11,285.0,2.0,57.0,100.0
2026,KXHIGHNY-26JUN05-B85.5,755,0.01,26748.86,362.0,2.0,55.0,100.0
2026,KXHIGHNY-26JUN05-B87.5,1782,0.01999999999999999,89441.24,183.0,1.0,40.0,100.0
2026,KXHIGHNY-26JUN05-B89.5,1906,0.020000000000000018,67391.58,127.0,1.0,40.0,100.0
2026,KXHIGHNY-26JUN05-B91.5,1779,0.010000000000000009,39037.89,113.0,1.0,70.0,100.0
2026,KXHIGHNY-26JUN05-T85,544,0.01,13933.69,315.0,3.0,117.0,100.0
2026,KXHIGHNY-26JUN05-T92,1508,0.010000000000000002,28894.78,238.0,1.0,112.0,100.0
2026,KXHIGHNY-26JUN06-B87.5,1646,0.010000000000000009,65280.94,256.0,2.0,31.0,100.0
2026,KXHIGHNY-26JUN06-B89.5,1886,0.020000000000000018,62635.329999999994,128.0,1.0,64.0,100.0
2026,KXHIGHNY-26JUN06-B91.5,1783,0.020000000000000018,46236.90000000001,129.0,2.0,81.0,100.0
2026,KXHIGHNY-26JUN06-B93.5,1383,0.010000000000000002,16711.83,284.0,2.0,67.0,100.0
2026,KXHIGHNY-26JUN06-T87,1139,0.01,29650.66,378.0,2.0,30.0,100.0
2026,KXHIGHNY-26JUN06-T94,965,0.01,7388.56,400.0,2.0,34.0,100.0
2026,KXHIGHNY-26JUN07-B87.5,1196,0.010000000000000009,20772.92,250.0,2.0,98.0,100.0
2026,KXHIGHNY-26JUN07-B89.5,497,0.01,5945.58,219.0,4.0,87.0,100.0
2026,KXHIGHNY-26JUN07-B91.5,263,0.01,2011.02,159.0,7.0,162.0,100.0
2026,KXHIGHNY-26JUN07-B93.5,241,0.01,1929.0,164.0,7.5,169.0,100.0
2026,KXHIGHNY-26JUN07-T87,1314,0.010000000000000009,17939.469999999998,373.0,1.0,37.0,100.0
2026,KXHIGHNY-26JUN07-T94,237,0.01,1770.4699999999998,188.0,6.0,171.0,100.0
2026,KXHIGHNY-26JUN08-B72.5,1249,0.02,38149.68,272.0,2.0,52.0,100.0
2026,KXHIGHNY-26JUN08-B74.5,1674,0.020000000000000018,59443.7,210.0,1.0,31.0,100.0
2026,KXHIGHNY-26JUN08-B76.5,1659,0.019999999999999962,45010.66,167.0,1.0,84.0,100.0
2026,KXHIGHNY-26JUN08-B78.5,1342,0.010000000000000002,27345.67,279.0,1.0,110.0,100.0
2026,KXHIGHNY-26JUN08-T72,472,0.01,11587.69,274.0,4.0,112.0,100.0
2026,KXHIGHNY-26JUN08-T79,971,0.019999999999999997,14579.970000000001,309.0,2.0,76.0,100.0
2026,KXHIGHNY-26JUN09-B78.5,1595,0.010000000000000009,63390.32,231.0,2.0,24.0,100.0
2026,KXHIGHNY-26JUN09-B80.5,1613,0.010000000000000009,65806.78,215.0,1.0,42.0,100.0
2026,KXHIGHNY-26JUN09-B82.5,1133,0.010000000000000002,28501.3,314.0,2.0,125.0,100.0
2026,KXHIGHNY-26JUN09-B84.5,1010,0.01,7549.839999999998,273.0,2.0,233.0,100.0
2026,KXHIGHNY-26JUN09-T78,1330,0.010000000000000002,37587.439999999995,287.0,2.0,44.0,100.0
2026,KXHIGHNY-26JUN09-T85,527,0.01,13259.36,255.0,3.0,217.0,100.0
2026,KXHIGHNY-26JUN10-B75.5,1094,0.010000000000000002,17712.96,308.0,2.0,58.0,100.0
2026,KXHIGHNY-26JUN10-B77.5,1336,0.010000000000000009,29127.059999999998,298.0,1.0,175.0,100.0
2026,KXHIGHNY-26JUN10-B79.5,1463,0.010000000000000009,48540.23000000001,269.0,1.0,76.0,100.0
2026,KXHIGHNY-26JUN10-B81.5,1665,0.010000000000000009,48549.61,260.0,1.0,24.0,100.0
2026,KXHIGHNY-26JUN10-T75,627,0.01,7292.429999999999,328.0,2.0,108.0,100.0
2026,KXHIGHNY-26JUN10-T82,1629,0.010000000000000009,64488.09,259.0,2.0,41.0,100.0
2026,KXHIGHNY-26JUN11-B88.5,1123,0.01,10358.220000000001,275.0,2.0,119.0,100.0
2026,KXHIGHNY-26JUN11-B90.5,1553,0.010000000000000009,78065.76000000001,248.0,2.0,49.0,100.0
2026,KXHIGHNY-26JUN11-B92.5,1757,0.020000000000000004,103440.41999999998,152.0,1.0,102.0,100.0
2026,KXHIGHNY-26JUN11-B94.5,1572,0.010000000000000009,89201.79000000001,210.0,1.0,118.0,100.0
2026,KXHIGHNY-26JUN11-T88,723,0.01,19865.89,296.0,2.0,183.0,100.0
2026,KXHIGHNY-26JUN11-T95,1229,0.010000000000000009,33376.12,294.0,2.0,119.0,100.0
2026,KXHIGHNY-26JUN12-B90.5,1821,0.010000000000000009,84449.37999999999,220.0,1.0,49.0,100.0
2026,KXHIGHNY-26JUN12-B92.5,1818,0.010000000000000009,133261.31,185.0,1.0,26.0,100.0
2026,KXHIGHNY-26JUN12-B94.5,1693,0.010000000000000009,44669.65000000001,192.0,1.0,35.0,100.0
2026,KXHIGHNY-26JUN12-B96.5,1370,0.01,15107.689999999999,339.0,1.0,58.0,100.0
2026,KXHIGHNY-26JUN12-T90,1439,0.01,112235.04000000002,299.0,2.0,24.0,100.0
2026,KXHIGHNY-26JUN12-T97,1029,0.01,15493.17,354.0,2.0,58.0,100.0
2026,KXHIGHNY-26JUN13-B87.5,1675,0.020000000000000018,77617.19,215.0,1.0,28.0,100.0
2026,KXHIGHNY-26JUN13-B89.5,1428,0.010000000000000009,40831.97,275.0,1.0,56.0,100.0
2026,KXHIGHNY-26JUN13-B91.5,1195,0.01,12697.060000000001,294.0,2.0,282.0,100.0
2026,KXHIGHNY-26JUN13-B93.5,812,0.01,4409.01,279.0,2.0,220.0,100.0
2026,KXHIGHNY-26JUN13-T87,1576,0.010000000000000009,113397.94,295.0,2.0,27.0,100.0
2026,KXHIGHNY-26JUN13-T94,451,0.01,8055.29,234.0,2.0,57.0,100.0
2026,KXHIGHNY-26JUN14-B85.5,1516,0.010000000000000009,59461.99,322.0,1.0,46.0,100.0
2026,KXHIGHNY-26JUN14-B87.5,1761,0.010000000000000009,38430.92,288.0,1.0,21.0,100.0
2026,KXHIGHNY-26JUN14-B89.5,1305,0.010000000000000009,35042.71,300.0,1.5,98.0,100.0
2026,KXHIGHNY-26JUN14-B91.5,1136,0.01,8576.199999999999,319.0,2.0,33.0,100.0
2026,KXHIGHNY-26JUN14-T85,1250,0.010000000000000002,38388.87,350.0,1.0,44.0,100.0
2026,KXHIGHNY-26JUN14-T92,903,0.01,5111.84,166.0,3.0,124.0,100.0
2026,KXHIGHNY-26JUN15-B78.5,1677,0.01999999999999999,41181.2,280.0,1.0,29.0,100.0
2026,KXHIGHNY-26JUN15-B80.5,1015,0.010000000000000002,17900.28,308.0,2.0,83.0,100.0
2026,KXHIGHNY-26JUN15-B82.5,749,0.01,4765.55,255.0,2.0,116.0,100.0
2026,KXHIGHNY-26JUN15-B84.5,720,0.01,3626.0,235.0,3.0,116.0,100.0
2026,KXHIGHNY-26JUN15-T78,1729,0.010000000000000009,52735.189999999995,289.0,1.0,17.0,100.0
2026,KXHIGHNY-26JUN15-T85,496,0.01,7906.46,350.0,2.0,120.0,100.0
2026,KXHIGHNY-26JUN16-B75.5,1924,0.010000000000000009,61568.82,202.0,1.0,17.0,100.0
2026,KXHIGHNY-26JUN16-B77.5,1702,0.020000000000000018,59502.20999999999,232.0,1.0,30.0,100.0
2026,KXHIGHNY-26JUN16-B79.5,1284,0.010000000000000002,34239.479999999996,305.0,2.0,56.0,100.0
2026,KXHIGHNY-26JUN16-B81.5,800,0.01,5912.799999999999,293.0,3.0,56.0,100.0
2026,KXHIGHNY-26JUN16-T75,1143,0.01,33492.35,384.0,2.0,34.0,100.0
2026,KXHIGHNY-26JUN16-T82,592,0.01,4530.01,333.0,3.0,46.0,100.0
2026,KXHIGHNY-26JUN17-B74.5,1311,0.010000000000000009,45079.41,400.0,2.0,26.0,100.0
2026,KXHIGHNY-26JUN17-B76.5,1425,0.020000000000000018,82836.90999999999,352.0,1.0,21.0,100.0
2026,KXHIGHNY-26JUN17-B78.5,1305,0.010000000000000009,81597.15999999999,388.0,2.0,30.0,100.0
2026,KXHIGHNY-26JUN17-B80.5,750,0.01,25839.819999999996,372.0,2.0,161.0,100.0
2026,KXHIGHNY-26JUN17-T74,675,0.01,9128.3,408.0,2.0,87.0,100.0
2026,KXHIGHNY-26JUN17-T81,692,0.01,20647.870000000003,392.0,2.0,93.0,100.0
2026,KXHIGHNY-26JUN18-B83.5,941,0.01,56919.060000000005,350.0,2.0,91.0,100.0
2026,KXHIGHNY-26JUN18-B85.5,1449,0.010000000000000009,81399.28,328.0,2.0,85.0,100.0
2026,KXHIGHNY-26JUN18-B87.5,1559,0.020000000000000018,87041.78,282.0,1.0,84.0,100.0
2026,KXHIGHNY-26JUN18-B89.5,1366,0.01999999999999999,58861.869999999995,308.0,1.0,84.0,100.0
2026,KXHIGHNY-26JUN18-T83,778,0.01,54287.97,359.0,2.0,119.0,100.0
2026,KXHIGHNY-26JUN18-T90,954,0.01,30744.25,319.0,2.0,103.0,100.0
2026,KXHIGHNY-26JUN19-B81.5,1654,0.020000000000000018,63907.64000000001,362.0,1.0,25.0,100.0
2026,KXHIGHNY-26JUN19-B83.5,1324,0.019999999999999997,55131.770000000004,309.0,2.0,43.0,100.0
2026,KXHIGHNY-26JUN19-B85.5,875,0.010000000000000002,15995.949999999999,334.0,2.0,176.0,100.0
2026,KXHIGHNY-26JUN19-B87.5,599,0.01,2675.88,337.0,3.0,47.0,100.0
2026,KXHIGHNY-26JUN19-T81,1364,0.01999999999999999,81799.74,342.0,2.0,27.0,100.0
2026,KXHIGHNY-26JUN19-T88,441,0.01,6219.820000000001,276.0,3.0,133.0,100.0
2026,KXHIGHNY-26JUN20-B82.5,1667,0.019999999999999962,65565.8,235.0,2.0,18.0,100.0
2026,KXHIGHNY-26JUN20-B84.5,1089,0.010000000000000002,24721.89,330.0,2.0,121.0,100.0
2026,KXHIGHNY-26JUN20-B86.5,566,0.01,5029.45,309.0,3.0,151.0,100.0
2026,KXHIGHNY-26JUN20-B88.5,543,0.01,1187.5,288.0,4.0,47.0,100.0
2026,KXHIGHNY-26JUN20-T82,1715,0.010000000000000009,84353.04999999999,260.0,1.0,34.0,100.0
2026,KXHIGHNY-26JUN20-T89,375,0.01,1333.0500000000002,254.0,4.0,57.0,100.0
2026,KXHIGHNY-26JUN21-B80.5,1649,0.010000000000000009,60097.090000000004,261.0,2.0,17.0,100.0
2026,KXHIGHNY-26JUN21-B82.5,1903,0.010000000000000009,58654.259999999995,154.0,1.0,20.0,100.0
2026,KXHIGHNY-26JUN21-B84.5,1035,0.01,17471.690000000002,336.0,2.0,64.0,100.0
2026,KXHIGHNY-26JUN21-B86.5,554,0.01,12131.32,290.0,4.0,53.0,100.0
2026,KXHIGHNY-26JUN21-T80,1312,0.010000000000000009,47428.66000000001,253.0,2.0,96.0,100.0
2026,KXHIGHNY-26JUN21-T87,445,0.01,3454.0299999999997,242.0,4.0,187.0,100.0
2026,KXHIGHNY-26JUN22-B72.5,1938,0.01999999999999999,78009.57,200.0,1.0,9.0,100.0
2026,KXHIGHNY-26JUN22-B74.5,2131,0.02,65459.89,116.0,1.0,9.0,100.0
2026,KXHIGHNY-26JUN22-B76.5,1680,0.019999999999999962,36466.89,243.0,1.0,45.0,100.0
2026,KXHIGHNY-26JUN22-B78.5,1099,0.010000000000000009,43233.17999999999,374.0,2.0,47.0,100.0
2026,KXHIGHNY-26JUN22-T72,968,0.01,12032.689999999999,342.0,2.0,69.0,100.0
2026,KXHIGHNY-26JUN22-T79,961,0.010000000000000002,29690.520000000004,349.0,2.0,54.0,100.0
2026,KXHIGHNY-26JUN23-B78.5,919,0.010000000000000002,14660.300000000003,198.0,4.0,47.0,100.0
2026,KXHIGHNY-26JUN23-B80.5,359,0.01,6219.060000000001,196.0,3.0,266.0,100.0
2026,KXHIGHNY-26JUN23-B82.5,343,0.01,2815.04,193.0,4.0,424.0,100.0
2026,KXHIGHNY-26JUN23-B84.5,250,0.01,2315.81,181.0,8.0,125.0,100.0
2026,KXHIGHNY-26JUN23-T78,830,0.010000000000000009,12954.490000000002,395.0,2.0,37.0,100.0
2026,KXHIGHNY-26JUN23-T85,210,0.01,1958.01,139.0,9.0,190.0,100.0
2026,KXHIGHNY-26JUN24-B82.5,1720,0.010000000000000009,48952.12,263.0,1.0,20.0,100.0
2026,KXHIGHNY-26JUN24-B84.5,1516,0.010000000000000009,63578.51000000001,270.0,1.0,46.0,100.0
2026,KXHIGHNY-26JUN24-B86.5,713,0.01,5305.589999999999,284.0,3.0,124.0,100.0
2026,KXHIGHNY-26JUN24-B88.5,478,0.01,1489.53,250.0,3.0,79.0,100.0
2026,KXHIGHNY-26JUN24-T82,1601,0.010000000000000009,79176.49,236.0,1.0,107.0,100.0
2026,KXHIGHNY-26JUN24-T89,331,0.01,2053.75,224.0,5.0,139.0,100.0
2026,KXHIGHNY-26JUN25-B79.5,1010,0.01,29925.04,318.0,2.0,119.0,100.0
2026,KXHIGHNY-26JUN25-B81.5,1488,0.010000000000000009,67105.14,245.0,1.0,119.0,100.0
2026,KXHIGHNY-26JUN25-B83.5,1550,0.010000000000000009,59803.23,249.0,2.0,119.0,100.0
2026,KXHIGHNY-26JUN25-B85.5,932,0.010000000000000002,24826.460000000003,283.0,2.0,173.0,100.0
2026,KXHIGHNY-26JUN25-T79,855,0.01,7887.86,351.0,2.0,119.0,100.0
2026,KXHIGHNY-26JUN25-T86,692,0.01,14816.480000000001,297.0,2.0,180.0,100.0
2026,KXHIGHNY-26JUN26-B81.5,1577,0.010000000000000009,65318.46,256.0,2.0,41.0,100.0
2026,KXHIGHNY-26JUN26-B83.5,1568,0.010000000000000009,51413.07,232.0,2.0,33.0,100.0
2026,KXHIGHNY-26JUN26-B85.5,1677,0.010000000000000009,28983.86,162.0,1.0,58.0,100.0
2026,KXHIGHNY-26JUN26-B87.5,1022,0.01,12844.72,294.0,2.0,88.0,100.0
2026,KXHIGHNY-26JUN26-T81,1425,0.010000000000000002,94112.73999999999,280.0,2.0,34.0,100.0
2026,KXHIGHNY-26JUN26-T88,735,0.01,5119.540000000001,306.0,3.0,50.0,100.0
2026,KXHIGHNY-26JUN27-B76.5,1437,0.010000000000000009,73221.65999999999,245.0,2.0,64.0,100.0
2026,KXHIGHNY-26JUN27-B78.5,1793,0.010000000000000009,62640.16,273.0,1.0,30.0,100.0
2026,KXHIGHNY-26JUN27-B80.5,1332,0.010000000000000009,43753.259999999995,256.0,2.0,47.0,100.0
2026,KXHIGHNY-26JUN27-B82.5,952,0.01,37829.82,301.0,2.0,151.0,100.0
2026,KXHIGHNY-26JUN27-T76,972,0.010000000000000009,11576.470000000001,396.0,2.0,15.0,100.0
2026,KXHIGHNY-26JUN27-T83,356,0.01,9845.519999999999,217.0,3.0,165.0,100.0
2026,KXHIGHNY-26JUN28-B77.5,1187,0.010000000000000002,20046.31,298.0,2.0,72.0,100.0
2026,KXHIGHNY-26JUN28-B79.5,1477,0.010000000000000009,38505.73,180.0,2.0,80.0,100.0
2026,KXHIGHNY-26JUN28-B81.5,1735,0.010000000000000009,63951.23,229.0,1.0,19.0,100.0
2026,KXHIGHNY-26JUN28-B83.5,1703,0.010000000000000009,69080.2,169.0,2.0,52.0,100.0
2026,KXHIGHNY-26JUN28-T77,1117,0.01,6020.54,250.0,2.0,61.0,100.0
2026,KXHIGHNY-26JUN28-T84,1117,0.01,30442.809999999998,258.0,2.0,137.0,100.0
2026,KXHIGHNY-26JUN29-B79.5,1106,0.01,18159.39,297.0,2.0,98.0,100.0
2026,KXHIGHNY-26JUN29-B81.5,1079,0.01,6671.3,258.0,2.0,148.0,100.0
2026,KXHIGHNY-26JUN29-B83.5,1503,0.010000000000000009,29588.9,209.0,1.0,91.0,100.0
2026,KXHIGHNY-26JUN29-B85.5,1619,0.010000000000000009,49418.71000000001,168.0,1.0,101.0,100.0
2026,KXHIGHNY-26JUN29-T79,583,0.01,7883.49,277.0,2.0,196.0,100.0
2026,KXHIGHNY-26JUN29-T86,1840,0.010000000000000009,45523.049999999996,276.0,1.0,16.0,100.0
2026,KXHIGHNY-26JUN30-B83.5,724,0.01,14152.41,372.0,2.0,62.0,100.0
2026,KXHIGHNY-26JUN30-B85.5,1272,0.010000000000000002,16261.350000000002,355.0,2.0,105.0,100.0
2026,KXHIGHNY-26JUN30-B87.5,1824,0.010000000000000009,93808.18000000001,253.0,1.0,22.0,100.0
2026,KXHIGHNY-26JUN30-B89.5,1767,0.010000000000000009,85544.51,205.0,1.0,39.0,100.0
2026,KXHIGHNY-26JUN30-T83,629,0.01,4017.7799999999997,368.0,3.0,45.0,100.0
2026,KXHIGHNY-26JUN30-T90,1471,0.010000000000000009,48724.95,211.0,2.0,51.0,100.0
2026,KXHIGHNY-26MAR01-B38.5,2188,0.01,155574.0,50.0,1.0,9.0,100.0
2026,KXHIGHNY-26MAR01-B40.5,2174,0.01,175718.0,57.0,1.0,9.0,100.0
2026,KXHIGHNY-26MAR01-B42.5,2140,0.01999999999999999,69653.0,66.0,1.0,11.0,100.0
2026,KXHIGHNY-26MAR01-B44.5,2131,0.010000000000000009,37678.0,52.0,2.0,11.0,100.0
2026,KXHIGHNY-26MAR01-T38,2176,0.01,67856.0,64.0,1.0,11.0,100.0
2026,KXHIGHNY-26MAR01-T45,2111,0.01,18847.0,58.0,2.0,20.0,100.0
2026,KXHIGHNY-26MAR02-B28.5,2248,0.01,9552.0,21.0,1.0,10.0,100.0
2026,KXHIGHNY-26MAR02-B30.5,2218,0.010000000000000009,36841.0,38.0,1.0,7.0,100.0
2026,KXHIGHNY-26MAR02-B32.5,2157,0.019999999999999962,43558.0,67.0,1.0,7.0,100.0
2026,KXHIGHNY-26MAR02-B34.5,2157,0.010000000000000009,43248.0,69.0,1.0,11.0,100.0
2026,KXHIGHNY-26MAR02-T28,2237,0.01,5822.0,41.0,1.0,2.0,100.0
2026,KXHIGHNY-26MAR02-T35,2206,0.010000000000000002,39129.0,50.0,1.0,4.0,100.0
2026,KXHIGHNY-26MAR03-B39.5,2115,0.010000000000000009,51312.0,77.0,1.0,8.0,100.0
2026,KXHIGHNY-26MAR03-B41.5,2104,0.010000000000000009,45225.0,62.0,2.0,22.0,100.0
2026,KXHIGHNY-26MAR03-B43.5,2198,0.010000000000000002,25424.0,46.0,1.0,5.0,100.0
2026,KXHIGHNY-26MAR03-B45.5,2211,0.010000000000000002,19846.0,42.0,1.0,15.0,100.0
2026,KXHIGHNY-26MAR03-T39,2125,0.010000000000000009,119191.0,92.0,1.0,6.0,100.0
2026,KXHIGHNY-26MAR03-T46,2164,0.01,18643.0,62.0,1.0,14.0,100.0
2026,KXHIGHNY-26MAR04-B48.5,2169,0.010000000000000009,83737.0,54.0,1.0,9.0,100.0
2026,KXHIGHNY-26MAR04-B50.5,2181,0.010000000000000009,80870.0,58.0,1.0,16.0,100.0
2026,KXHIGHNY-26MAR04-B52.5,2178,0.010000000000000009,34491.0,49.0,1.0,13.0,100.0
2026,KXHIGHNY-26MAR04-B54.5,2200,0.010000000000000002,8069.0,60.0,1.0,5.0,100.0
2026,KXHIGHNY-26MAR04-T48,2202,0.010000000000000009,87264.0,52.0,1.0,5.0,100.0
2026,KXHIGHNY-26MAR04-T55,2165,0.01,6752.0,71.0,1.0,12.0,100.0
2026,KXHIGHNY-26MAR05-B41.5,2091,0.01,144203.0,33.0,1.0,119.0,100.0
2026,KXHIGHNY-26MAR05-B43.5,2058,0.01,149386.0,55.0,1.0,119.0,100.0
2026,KXHIGHNY-26MAR05-B45.5,2069,0.010000000000000009,61194.0,44.0,1.0,119.0,100.0
2026,KXHIGHNY-26MAR05-B47.5,2080,0.010000000000000002,30212.0,31.0,1.0,119.0,100.0
2026,KXHIGHNY-26MAR05-T41,2091,0.01,41783.0,31.0,1.0,119.0,100.0
2026,KXHIGHNY-26MAR05-T48,2033,0.01,17770.0,65.0,1.0,73.0,100.0
2026,KXHIGHNY-26MAR06-B41.5,2148,0.020000000000000018,57574.0,53.0,2.0,8.0,100.0
2026,KXHIGHNY-26MAR06-B43.5,2138,0.010000000000000009,57451.0,59.0,1.0,22.0,100.0
2026,KXHIGHNY-26MAR06-B45.5,2190,0.01,28100.0,47.0,1.0,16.0,100.0
2026,KXHIGHNY-26MAR06-B47.5,2208,0.01,12775.0,35.0,1.0,15.0,100.0
2026,KXHIGHNY-26MAR06-T41,2145,0.01,46494.0,80.0,1.0,9.0,100.0
2026,KXHIGHNY-26MAR06-T48,2178,0.01,16505.0,51.0,1.0,17.0,100.0
2026,KXHIGHNY-26MAR07-B50.5,2101,0.010000000000000009,86543.0,85.0,1.0,14.0,100.0
2026,KXHIGHNY-26MAR07-B52.5,2131,0.01999999999999999,62929.0,66.0,1.0,14.0,100.0
2026,KXHIGHNY-26MAR07-B54.5,2190,0.010000000000000009,48646.0,55.0,1.0,11.0,100.0
2026,KXHIGHNY-26MAR07-B56.5,2190,0.01,19713.0,59.0,1.0,7.0,100.0
2026,KXHIGHNY-26MAR07-T50,2150,0.010000000000000009,149053.0,89.0,1.0,7.0,100.0
2026,KXHIGHNY-26MAR07-T57,2059,0.01,15001.0,94.0,1.0,19.0,100.0
2026,KXHIGHNY-26MAR08-B62.5,2078,0.01,26110.0,53.0,2.0,22.0,100.0
2026,KXHIGHNY-26MAR08-B64.5,2142,0.010000000000000009,61286.0,62.0,2.0,12.0,100.0
2026,KXHIGHNY-26MAR08-B66.5,2148,0.010000000000000009,62056.0,66.0,1.0,15.0,100.0
2026,KXHIGHNY-26MAR08-B68.5,2150,0.010000000000000009,53737.0,60.0,1.0,15.0,100.0
2026,KXHIGHNY-26MAR08-T62,2171,0.01,23893.0,58.0,1.0,9.0,100.0
2026,KXHIGHNY-26MAR08-T69,2189,0.010000000000000002,65257.0,65.0,1.0,6.0,100.0
2026,KXHIGHNY-26MAR09-B63.5,2211,0.01,22662.0,35.0,1.0,9.0,100.0
2026,KXHIGHNY-26MAR09-B65.5,2177,0.01,40029.0,50.0,1.0,9.0,100.0
2026,KXHIGHNY-26MAR09-B67.5,2132,0.010000000000000009,63953.0,61.0,1.0,10.0,100.0
2026,KXHIGHNY-26MAR09-B69.5,2167,0.010000000000000009,58087.0,68.0,1.0,12.0,100.0
2026,KXHIGHNY-26MAR09-T63,2104,0.01,33144.0,68.0,1.0,18.0,100.0
2026,KXHIGHNY-26MAR09-T70,2171,0.010000000000000009,73696.0,66.0,1.0,7.0,100.0
2026,KXHIGHNY-26MAR10-B66.5,2149,0.01,39571.0,29.0,1.0,29.0,100.0
2026,KXHIGHNY-26MAR10-B68.5,2233,0.01,104436.0,34.0,1.0,4.0,100.0
2026,KXHIGHNY-26MAR10-B70.5,2201,0.01,122215.0,40.0,1.0,7.0,100.0
2026,KXHIGHNY-26MAR10-B72.5,2164,0.010000000000000009,104411.0,42.0,1.0,13.0,100.0
2026,KXHIGHNY-26MAR10-T66,2231,0.01,34655.0,35.0,1.0,5.0,100.0
2026,KXHIGHNY-26MAR10-T73,2190,0.010000000000000009,80598.0,60.0,1.0,5.0,100.0
2026,KXHIGHNY-26MAR11-B66.5,2233,0.01,257850.0,32.0,1.0,9.0,100.0
2026,KXHIGHNY-26MAR11-B68.5,2211,0.01,171882.0,36.0,1.0,7.0,100.0
2026,KXHIGHNY-26MAR11-B70.5,2253,0.010000000000000009,169680.0,21.0,1.0,4.0,100.0
2026,KXHIGHNY-26MAR11-B72.5,2175,0.010000000000000009,129304.0,57.0,1.0,12.0,100.0
2026,KXHIGHNY-26MAR11-T66,2185,0.01,132901.0,65.0,1.0,6.0,100.0
2026,KXHIGHNY-26MAR11-T73,2167,0.010000000000000002,151050.0,59.0,1.0,9.0,100.0
2026,KXHIGHNY-26MAR12-B64.5,2101,0.01,22318.0,36.0,1.0,112.0,100.0
2026,KXHIGHNY-26MAR12-B66.5,2039,0.01,10813.0,95.0,1.0,110.0,100.0
2026,KXHIGHNY-26MAR12-B68.5,1987,0.01,9816.0,113.0,1.0,119.0,100.0
2026,KXHIGHNY-26MAR12-B70.5,1954,0.01,8338.0,140.0,1.0,119.0,100.0
2026,KXHIGHNY-26MAR12-T64,1918,0.010000000000000009,67266.0,164.0,1.0,104.0,100.0
2026,KXHIGHNY-26MAR12-T71,1847,0.01,6062.0,193.0,1.0,119.0,100.0
2026,KXHIGHNY-26MAR13-B45.5,2200,0.020000000000000018,33132.0,53.0,1.0,6.0,100.0
2026,KXHIGHNY-26MAR13-B47.5,2168,0.010000000000000009,24458.0,80.0,1.0,5.0,100.0
2026,KXHIGHNY-26MAR13-B49.5,2094,0.010000000000000002,14479.0,134.0,1.0,6.0,100.0
2026,KXHIGHNY-26MAR13-B51.5,1940,0.01,9102.0,206.0,1.0,8.0,100.0
2026,KXHIGHNY-26MAR13-T45,2123,0.029999999999999916,60990.0,114.0,1.0,5.0,100.0
2026,KXHIGHNY-26MAR13-T52,1834,0.01,10056.0,232.0,1.0,11.0,100.0
2026,KXHIGHNY-26MAR14-B49.5,2152,0.010000000000000009,45716.0,58.0,1.0,17.0,100.0
2026,KXHIGHNY-26MAR14-B51.5,2140,0.010000000000000009,65967.0,75.0,1.0,12.0,100.0
2026,KXHIGHNY-26MAR14-B53.5,2156,0.010000000000000009,37212.0,95.0,1.0,4.0,100.0
2026,KXHIGHNY-26MAR14-B55.5,2083,0.010000000000000002,13599.0,148.0,1.0,4.0,100.0
2026,KXHIGHNY-26MAR14-T49,2003,0.010000000000000009,70489.0,174.0,1.0,6.0,100.0
2026,KXHIGHNY-26MAR14-T56,1853,0.009999999999999998,11570.0,235.0,1.0,11.0,100.0
2026,KXHIGHNY-26MAR15-B47.5,2172,0.019999999999999962,35335.0,54.0,1.0,11.0,100.0
2026,KXHIGHNY-26MAR15-B49.5,2185,0.010000000000000009,32768.0,76.0,1.0,5.0,100.0
2026,KXHIGHNY-26MAR15-B51.5,2070,0.010000000000000009,28959.0,151.0,1.0,6.0,100.0
2026,KXHIGHNY-26MAR15-B53.5,1822,0.01,9971.0,256.0,1.0,9.0,100.0
2026,KXHIGHNY-26MAR15-T47,1924,0.010000000000000009,88867.0,169.0,1.0,14.0,100.0
2026,KXHIGHNY-26MAR15-T54,1607,0.01,11663.0,306.0,2.0,13.0,100.0
2026,KXHIGHNY-26MAR16-B57.5,2244,0.010000000000000009,95328.0,35.0,1.0,2.0,100.0
2026,KXHIGHNY-26MAR16-B59.5,2111,0.010000000000000009,62520.0,107.0,1.0,20.0,100.0
2026,KXHIGHNY-26MAR16-B61.5,1999,0.010000000000000009,45602.0,158.0,1.0,13.0,100.0
2026,KXHIGHNY-26MAR16-B63.5,2022,0.010000000000000009,25636.0,178.0,1.0,6.0,100.0
2026,KXHIGHNY-26MAR16-T57,1929,0.010000000000000002,42434.0,237.0,1.0,8.0,100.0
2026,KXHIGHNY-26MAR16-T64,1874,0.010000000000000002,25713.0,229.0,1.0,9.0,100.0
2026,KXHIGHNY-26MAR17-B56.5,2218,0.01,24259.0,49.0,1.0,4.0,100.0
2026,KXHIGHNY-26MAR17-B58.5,2151,0.01,14969.0,100.0,1.0,4.0,100.0
2026,KXHIGHNY-26MAR17-B60.5,2054,0.01,9490.0,154.0,1.0,8.0,100.0
2026,KXHIGHNY-26MAR17-B62.5,1946,0.01,9923.0,195.0,1.0,8.0,100.0
2026,KXHIGHNY-26MAR17-T56,1999,0.010000000000000009,36924.0,193.0,1.0,5.0,100.0
2026,KXHIGHNY-26MAR17-T63,1713,0.01,10462.0,265.0,1.0,17.0,100.0
2026,KXHIGHNY-26MAR18-B37.5,2145,0.010000000000000009,64061.0,103.0,1.0,11.0,100.0
2026,KXHIGHNY-26MAR18-B39.5,2256,0.010000000000000009,47209.0,62.0,1.0,4.0,100.0
2026,KXHIGHNY-26MAR18-B41.5,2299,0.01,17549.0,31.0,1.0,5.0,100.0
2026,KXHIGHNY-26MAR18-B43.5,2265,0.01,23676.0,55.0,1.0,4.0,100.0
2026,KXHIGHNY-26MAR18-T37,2106,0.010000000000000009,62302.0,120.0,1.0,14.0,100.0
2026,KXHIGHNY-26MAR18-T44,2276,0.01,32587.0,50.0,1.0,3.0,100.0
2026,KXHIGHNY-26MAR19-B43.5,1941,0.019999999999999962,62057.0,112.0,2.0,119.0,100.0
2026,KXHIGHNY-26MAR19-B45.5,1982,0.010000000000000009,46230.0,108.0,1.0,119.0,100.0
2026,KXHIGHNY-26MAR19-B47.5,2143,0.01,18205.0,50.0,1.0,69.0,100.0
2026,KXHIGHNY-26MAR19-B49.5,2188,0.01,17110.0,12.0,3.5,69.0,100.0
2026,KXHIGHNY-26MAR19-T43,2046,0.010000000000000009,70490.0,89.0,1.0,119.0,100.0
2026,KXHIGHNY-26MAR19-T50,2223,0.01,21679.0,5.0,10.0,69.0,100.0
2026,KXHIGHNY-26MAR20-B53.5,2245,0.010000000000000009,34874.0,37.0,1.0,11.0,100.0
2026,KXHIGHNY-26MAR20-B55.5,2203,0.010000000000000009,71866.0,65.0,1.0,14.0,100.0
2026,KXHIGHNY-26MAR20-B57.5,2154,0.01999999999999999,54487.0,66.0,1.5,23.0,100.0
2026,KXHIGHNY-26MAR20-B59.5,2202,0.010000000000000009,53945.0,65.0,1.0,12.0,100.0
2026,KXHIGHNY-26MAR20-T53,2190,0.01,31073.0,75.0,2.0,13.0,100.0
2026,KXHIGHNY-26MAR20-T60,2233,0.010000000000000002,55433.0,38.0,2.0,23.0,100.0
2026,KXHIGHNY-26MAR21-B53.5,2293,0.01,19702.0,25.0,1.0,6.0,100.0
2026,KXHIGHNY-26MAR21-B55.5,2130,0.010000000000000009,36888.0,97.0,1.0,14.0,100.0
2026,KXHIGHNY-26MAR21-B57.5,2054,0.010000000000000009,107577.0,113.0,2.0,12.0,100.0
2026,KXHIGHNY-26MAR21-B59.5,2117,0.010000000000000009,67766.0,64.0,2.0,23.0,100.0
2026,KXHIGHNY-26MAR21-T53,2279,0.01,13359.0,22.0,1.5,20.0,100.0
2026,KXHIGHNY-26MAR21-T60,2250,0.01,28921.0,36.0,2.0,11.0,100.0
2026,KXHIGHNY-26MAR22-B62.5,2092,0.010000000000000009,77721.0,98.0,2.0,14.0,100.0
2026,KXHIGHNY-26MAR22-B64.5,2147,0.010000000000000009,60042.0,79.0,1.0,7.0,100.0
2026,KXHIGHNY-26MAR22-B66.5,2135,0.01,42143.0,77.0,2.0,12.0,100.0
2026,KXHIGHNY-26MAR22-B68.5,2322,0.01,23841.0,9.0,1.0,6.0,100.0
2026,KXHIGHNY-26MAR22-T62,2154,0.010000000000000009,86861.0,109.0,1.0,7.0,100.0
2026,KXHIGHNY-26MAR22-T69,2340,0.01,27501.0,0.0,,,
2026,KXHIGHNY-26MAR23-B54.5,2170,0.01,21312.0,65.0,2.0,13.0,100.0
2026,KXHIGHNY-26MAR23-B56.5,2243,0.01,14442.0,36.0,1.5,23.0,100.0
2026,KXHIGHNY-26MAR23-B58.5,2335,0.01,6823.0,4.0,1.5,2.0,100.0
2026,KXHIGHNY-26MAR23-B60.5,2337,0.01,5533.0,3.0,1.0,2.0,100.0
2026,KXHIGHNY-26MAR23-T54,2247,0.010000000000000009,37517.0,52.0,1.0,13.0,100.0
2026,KXHIGHNY-26MAR23-T61,2325,0.01,9201.0,7.0,1.0,8.0,100.0
2026,KXHIGHNY-26MAR24-B46.5,2200,0.010000000000000009,87364.0,68.0,1.0,19.0,100.0
2026,KXHIGHNY-26MAR24-B48.5,2175,0.010000000000000009,60945.0,87.0,1.0,7.0,100.0
2026,KXHIGHNY-26MAR24-B50.5,2237,0.010000000000000009,44525.0,37.0,1.0,9.0,100.0
2026,KXHIGHNY-26MAR24-B52.5,2336,0.01,13989.0,4.0,1.0,1.0,100.0
2026,KXHIGHNY-26MAR24-T46,2176,0.01,45707.0,71.0,1.0,17.0,100.0
2026,KXHIGHNY-26MAR24-T53,2324,0.01,17482.0,6.0,1.0,9.0,100.0
2026,KXHIGHNY-26MAR25-B51.5,2144,0.010000000000000009,173473.0,96.0,1.0,12.0,100.0
2026,KXHIGHNY-26MAR25-B53.5,2086,0.010000000000000009,56241.0,132.0,1.0,7.0,100.0
2026,KXHIGHNY-26MAR25-B55.5,2198,0.010000000000000009,38592.0,72.0,1.0,13.0,100.0
2026,KXHIGHNY-26MAR25-B57.5,2324,0.01,18525.0,15.0,1.0,2.0,100.0
2026,KXHIGHNY-26MAR25-T51,2286,0.01,24219.0,25.0,2.0,7.0,100.0
2026,KXHIGHNY-26MAR25-T58,2296,0.01,16689.0,18.0,1.0,11.0,100.0
2026,KXHIGHNY-26MAR26-B65.5,2219,0.01,11859.0,5.0,2.0,60.0,100.0
2026,KXHIGHNY-26MAR26-B67.5,2182,0.01,20096.0,28.0,1.0,99.0,100.0
2026,KXHIGHNY-26MAR26-B69.5,2169,0.01,28408.0,37.0,1.0,54.0,100.0
2026,KXHIGHNY-26MAR26-B71.5,2107,0.010000000000000009,92296.0,66.0,1.0,115.0,100.0
2026,KXHIGHNY-26MAR26-T65,2199,0.01,14312.0,12.0,1.0,59.0,100.0
2026,KXHIGHNY-26MAR26-T72,2080,0.010000000000000009,71605.0,74.0,1.0,115.0,100.0
2026,KXHIGHNY-26MAR27-B62.5,2296,0.01,58271.0,30.0,1.0,4.0,100.0
2026,KXHIGHNY-26MAR27-B64.5,2204,0.010000000000000009,123241.0,68.0,1.0,8.0,100.0
2026,KXHIGHNY-26MAR27-B66.5,2268,0.010000000000000009,105438.0,52.0,1.0,5.0,100.0
2026,KXHIGHNY-26MAR27-B68.5,2215,0.01,137644.0,43.0,1.0,18.0,100.0
2026,KXHIGHNY-26MAR27-T62,2282,0.01,262392.0,40.0,1.0,4.0,100.0
2026,KXHIGHNY-26MAR27-T69,2295,0.01,15592.0,13.0,1.0,15.0,100.0
2026,KXHIGHNY-26MAR28-B40.5,2254,0.01,47306.0,40.0,1.0,13.0,100.0
2026,KXHIGHNY-26MAR28-B42.5,2191,0.010000000000000009,57942.0,102.0,1.0,12.0,100.0
2026,KXHIGHNY-26MAR28-B44.5,2155,0.010000000000000009,49798.0,98.0,1.0,12.0,100.0
2026,KXHIGHNY-26MAR28-B46.5,2297,0.01,24911.0,22.0,1.0,6.0,100.0
2026,KXHIGHNY-26MAR28-T40,2330,0.01,9983.0,6.0,1.0,4.0,100.0
2026,KXHIGHNY-26MAR28-T47,2325,0.01,34276.0,9.0,1.0,6.0,100.0
2026,KXHIGHNY-26MAR29-B50.5,1857,0.01,19836.0,144.0,2.0,15.0,100.0
2026,KXHIGHNY-26MAR29-B52.5,1870,0.010000000000000009,62176.0,199.0,2.0,13.0,100.0
2026,KXHIGHNY-26MAR29-B54.5,1787,0.010000000000000009,29875.0,192.0,1.0,32.0,100.0
2026,KXHIGHNY-26MAR29-B56.5,1751,0.010000000000000009,27845.0,207.0,2.0,29.0,100.0
2026,KXHIGHNY-26MAR29-T50,1587,0.01,6509.0,202.0,2.0,58.0,100.0
2026,KXHIGHNY-26MAR29-T57,1672,0.010000000000000002,21499.0,209.0,2.0,24.0,100.0
2026,KXHIGHNY-26MAR30-B62.5,1655,0.01,15695.0,325.0,1.0,24.0,100.0
2026,KXHIGHNY-26MAR30-B64.5,1587,0.01,27249.0,413.0,1.0,49.0,100.0
2026,KXHIGHNY-26MAR30-B66.5,1658,0.010000000000000009,34723.0,351.0,1.0,49.0,100.0
2026,KXHIGHNY-26MAR30-B68.5,1773,0.010000000000000009,68092.0,300.0,1.0,49.0,100.0
2026,KXHIGHNY-26MAR30-T62,1188,0.01,13612.0,455.0,1.0,13.0,100.0
2026,KXHIGHNY-26MAR30-T69,1468,0.010000000000000009,65952.0,378.0,2.0,24.0,100.0
2026,KXHIGHNY-26MAR31-B70.5,726,0.01,2618.0,283.0,2.0,115.0,100.0
2026,KXHIGHNY-26MAR31-B72.5,1017,0.01,8808.0,345.0,2.0,59.0,100.0
2026,KXHIGHNY-26MAR31-B74.5,1396,0.01,18054.0,304.0,2.0,38.0,100.0
2026,KXHIGHNY-26MAR31-B76.5,1783,0.010000000000000002,29057.0,288.0,1.0,38.0,100.0
2026,KXHIGHNY-26MAR31-T70,773,0.01,7172.0,288.0,2.0,109.0,100.0
2026,KXHIGHNY-26MAR31-T77,1798,0.010000000000000009,59303.0,279.0,1.0,11.0,100.0
2026,KXHIGHNY-26MAY01-B62.5,1426,0.010000000000000009,60945.87,384.0,2.0,16.0,100.0
2026,KXHIGHNY-26MAY01-B64.5,1468,0.010000000000000009,45983.909999999996,347.0,2.0,17.0,100.0
2026,KXHIGHNY-26MAY01-B66.5,1324,0.010000000000000009,50120.07,262.0,2.0,91.0,100.0
2026,KXHIGHNY-26MAY01-B68.5,960,0.010000000000000002,16945.53,362.0,2.0,91.0,100.0
2026,KXHIGHNY-26MAY01-T62,1228,0.01,128162.84,416.0,2.0,27.0,100.0
2026,KXHIGHNY-26MAY01-T69,915,0.01,11086.41,309.0,3.0,90.0,100.0
2026,KXHIGHNY-26MAY02-B58.5,1402,0.010000000000000009,49735.12,351.0,1.0,24.0,100.0
2026,KXHIGHNY-26MAY02-B60.5,1435,0.019999999999999962,49469.5,360.0,2.0,17.0,100.0
2026,KXHIGHNY-26MAY02-B62.5,1362,0.010000000000000009,52993.67,345.0,1.0,43.0,100.0
2026,KXHIGHNY-26MAY02-B64.5,927,0.010000000000000002,13948.629999999997,323.0,2.0,60.0,100.0
2026,KXHIGHNY-26MAY02-T58,1127,0.01,29027.66,452.0,2.0,20.0,100.0
2026,KXHIGHNY-26MAY02-T65,949,0.010000000000000002,4997.8099999999995,313.0,2.0,59.0,100.0
2026,KXHIGHNY-26MAY03-B59.5,1601,0.02999999999999997,45588.81999999999,274.0,2.0,21.0,100.0
2026,KXHIGHNY-26MAY03-B61.5,1491,0.01999999999999999,43475.83,260.0,2.0,27.0,100.0
2026,KXHIGHNY-26MAY03-B63.5,903,0.010000000000000002,12648.73,351.0,2.0,79.0,100.0
2026,KXHIGHNY-26MAY03-B65.5,708,0.01,4295.639999999999,343.0,3.0,42.0,100.0
2026,KXHIGHNY-26MAY03-T59,1532,0.010000000000000009,70888.79000000001,297.0,1.0,33.0,100.0
2026,KXHIGHNY-26MAY03-T66,705,0.01,9233.2,385.0,3.0,45.0,100.0
2026,KXHIGHNY-26MAY04-B70.5,1425,0.010000000000000009,57844.270000000004,272.0,2.0,36.0,100.0
2026,KXHIGHNY-26MAY04-B72.5,1591,0.020000000000000018,50606.05,293.0,2.0,27.0,100.0
2026,KXHIGHNY-26MAY04-B74.5,1488,0.010000000000000009,57937.14,259.0,2.0,43.0,100.0
2026,KXHIGHNY-26MAY04-B76.5,930,0.01,10830.419999999998,259.0,3.0,67.0,100.0
2026,KXHIGHNY-26MAY04-T70,1229,0.01,29616.48,344.0,2.0,21.0,100.0
2026,KXHIGHNY-26MAY04-T77,719,0.01,11002.16,339.0,2.0,59.0,100.0
2026,KXHIGHNY-26MAY05-B77.5,1108,0.01,47727.549999999996,419.0,2.0,41.0,100.0
2026,KXHIGHNY-26MAY05-B79.5,1418,0.010000000000000009,213875.78,290.0,2.0,18.0,100.0
2026,KXHIGHNY-26MAY05-B81.5,1756,0.019999999999999962,122447.46,240.0,1.0,18.0,100.0
2026,KXHIGHNY-26MAY05-B83.5,1664,0.010000000000000009,74772.60999999999,232.0,1.0,48.0,100.0
2026,KXHIGHNY-26MAY05-T77,996,0.01,16545.190000000002,491.0,2.0,17.0,100.0
2026,KXHIGHNY-26MAY05-T84,1306,0.010000000000000009,26135.600000000002,323.0,1.0,97.0,100.0
2026,KXHIGHNY-26MAY06-B67.5,1322,0.010000000000000009,93840.01,396.0,2.0,14.0,100.0
2026,KXHIGHNY-26MAY06-B69.5,1428,0.019999999999999962,76903.40000000001,340.0,2.0,26.0,100.0
2026,KXHIGHNY-26MAY06-B71.5,1432,0.01999999999999999,86994.58000000002,286.0,2.0,39.0,100.0
2026,KXHIGHNY-26MAY06-B73.5,1091,0.010000000000000009,35903.0,242.0,2.0,68.0,100.0
2026,KXHIGHNY-26MAY06-T67,913,0.01,35607.17,408.0,2.0,44.0,100.0
2026,KXHIGHNY-26MAY06-T74,1056,0.010000000000000002,29767.58,307.0,2.0,88.0,100.0
2026,KXHIGHNY-26MAY07-B64.5,1376,0.01999999999999999,51869.55,338.0,1.5,116.0,100.0
2026,KXHIGHNY-26MAY07-B66.5,1294,0.010000000000000009,48213.8,326.0,1.5,118.0,100.0
2026,KXHIGHNY-26MAY07-B68.5,769,0.01,8337.68,327.0,2.0,122.0,100.0
2026,KXHIGHNY-26MAY07-B70.5,522,0.01,3805.08,284.0,3.0,238.0,100.0
2026,KXHIGHNY-26MAY07-T64,1336,0.010000000000000009,113571.31,301.0,1.0,82.0,100.0
2026,KXHIGHNY-26MAY07-T71,474,0.01,4560.38,309.0,3.0,229.0,100.0
2026,KXHIGHNY-26MAY08-B64.5,1338,0.020000000000000018,58274.07000000001,318.0,1.0,53.0,100.0
2026,KXHIGHNY-26MAY08-B66.5,1031,0.010000000000000009,26167.54,338.0,2.0,88.0,100.0
2026,KXHIGHNY-26MAY08-B68.5,950,0.01,4355.32,178.0,3.0,135.0,100.0
2026,KXHIGHNY-26MAY08-B70.5,478,0.01,1500.3,227.0,3.0,136.0,100.0
2026,KXHIGHNY-26MAY08-T64,1551,0.019999999999999962,75750.73,381.0,1.0,12.0,100.0
2026,KXHIGHNY-26MAY08-T71,321,0.01,2198.64,163.0,8.0,136.0,100.0
2026,KXHIGHNY-26MAY09-B61.5,1346,0.010000000000000009,56144.18,335.0,2.0,42.0,100.0
2026,KXHIGHNY-26MAY09-B63.5,1485,0.010000000000000009,64202.16,339.0,2.0,23.0,100.0
2026,KXHIGHNY-26MAY09-B65.5,1392,0.010000000000000009,64108.76000000001,383.0,2.0,17.0,100.0
2026,KXHIGHNY-26MAY09-B67.5,1145,0.01,57303.99999999999,254.0,2.0,80.0,100.0
2026,KXHIGHNY-26MAY09-T61,1224,0.010000000000000002,30450.089999999997,433.0,2.0,44.0,100.0
2026,KXHIGHNY-26MAY09-T68,919,0.010000000000000002,55703.31,305.0,3.0,65.0,100.0
2026,KXHIGHNY-26MAY10-B72.5,1457,0.010000000000000009,83175.54,300.0,2.0,34.0,100.0
2026,KXHIGHNY-26MAY10-B74.5,1462,0.010000000000000009,75070.95999999999,323.0,1.0,26.0,100.0
2026,KXHIGHNY-26MAY10-B76.5,1188,0.010000000000000009,26927.54,315.0,2.0,71.0,100.0
2026,KXHIGHNY-26MAY10-B78.5,980,0.01,6882.659999999999,342.0,2.0,51.0,100.0
2026,KXHIGHNY-26MAY10-T72,1224,0.010000000000000002,115705.25999999998,337.0,2.0,29.0,100.0
2026,KXHIGHNY-26MAY10-T79,706,0.01,4521.23,336.0,2.0,60.0,100.0
2026,KXHIGHNY-26MAY11-B62.5,1789,0.020000000000000004,71937.67,169.0,2.0,27.0,100.0
2026,KXHIGHNY-26MAY11-B64.5,1673,0.010000000000000009,48346.01,180.0,1.0,44.0,100.0
2026,KXHIGHNY-26MAY11-B66.5,1430,0.010000000000000002,20579.91,286.0,1.5,57.0,100.0
2026,KXHIGHNY-26MAY11-B68.5,1136,0.01,5658.84,233.0,2.0,103.0,100.0
2026,KXHIGHNY-26MAY11-T62,1689,0.010000000000000009,102849.32,213.0,2.0,23.0,100.0
2026,KXHIGHNY-26MAY11-T69,521,0.01,6485.379999999999,274.0,4.0,86.0,100.0
2026,KXHIGHNY-26MAY12-B66.5,1798,0.019999999999999962,78186.76,167.0,2.0,19.0,100.0
2026,KXHIGHNY-26MAY12-B68.5,1728,0.010000000000000009,40284.45,101.0,3.0,62.0,100.0
2026,KXHIGHNY-26MAY12-B70.5,1730,0.01,7875.51,130.0,2.0,28.0,100.0
2026,KXHIGHNY-26MAY12-B72.5,1409,0.01,4850.76,165.0,2.0,100.0,100.0
2026,KXHIGHNY-26MAY12-T66,1863,0.010000000000000009,178968.34,148.0,1.0,71.0,100.0
2026,KXHIGHNY-26MAY12-T73,919,0.01,2034.78,166.0,3.0,152.0,100.0
2026,KXHIGHNY-26MAY13-B66.5,1676,0.010000000000000009,26658.379999999997,229.0,2.0,29.0,100.0
2026,KXHIGHNY-26MAY13-B68.5,1551,0.010000000000000009,39793.04,201.0,2.0,31.0,100.0
2026,KXHIGHNY-26MAY13-B70.5,1773,0.01999999999999999,59548.32,238.0,2.0,23.0,100.0
2026,KXHIGHNY-26MAY13-B72.5,1862,0.010000000000000009,64336.2,199.0,1.0,31.0,100.0
2026,KXHIGHNY-26MAY13-T66,1586,0.01,14477.07,257.0,2.0,54.0,100.0
2026,KXHIGHNY-26MAY13-T73,1597,0.010000000000000002,35169.16,161.0,1.0,69.0,100.0
2026,KXHIGHNY-26MAY14-B63.5,1656,0.020000000000000018,44728.09,138.0,2.0,82.0,100.0
2026,KXHIGHNY-26MAY14-B65.5,1736,0.010000000000000009,47668.689999999995,191.0,1.0,119.0,100.0
2026,KXHIGHNY-26MAY14-B67.5,1634,0.010000000000000009,45131.079999999994,215.0,1.0,119.0,100.0
2026,KXHIGHNY-26MAY14-B69.5,1298,0.010000000000000002,10671.32,231.0,2.0,186.0,100.0
2026,KXHIGHNY-26MAY14-T63,1512,0.010000000000000009,40353.880000000005,212.0,1.0,82.0,100.0
2026,KXHIGHNY-26MAY14-T70,1292,0.010000000000000002,6172.43,161.0,4.0,119.0,100.0
2026,KXHIGHNY-26MAY15-B65.5,1519,0.019999999999999962,61735.58,328.0,2.0,35.0,100.0
2026,KXHIGHNY-26MAY15-B67.5,1440,0.01999999999999999,76999.63,340.0,1.0,33.0,100.0
2026,KXHIGHNY-26MAY15-B69.5,1340,0.010000000000000009,35469.659999999996,356.0,1.0,95.0,100.0
2026,KXHIGHNY-26MAY15-B71.5,793,0.01,8369.060000000001,380.0,2.0,59.0,100.0
2026,KXHIGHNY-26MAY15-T65,1241,0.01,143445.22,380.0,2.0,22.0,100.0
2026,KXHIGHNY-26MAY15-T72,491,0.01,6049.210000000001,325.0,4.0,134.0,100.0
2026,KXHIGHNY-26MAY16-B76.5,1319,0.01,34157.96,374.0,2.0,31.0,100.0
2026,KXHIGHNY-26MAY16-B78.5,1746,0.019999999999999962,69947.09999999999,305.0,1.0,15.0,100.0
2026,KXHIGHNY-26MAY16-B80.5,1846,0.010000000000000009,65434.56,308.0,1.0,13.0,100.0
2026,KXHIGHNY-26MAY16-B82.5,1231,0.01,44307.909999999996,272.0,2.0,145.0,100.0
2026,KXHIGHNY-26MAY16-T76,1161,0.01,19217.57,425.0,2.0,56.0,100.0
2026,KXHIGHNY-26MAY16-T83,1016,0.01,26670.22,404.0,2.0,116.0,100.0
2026,KXHIGHNY-26MAY17-B83.5,951,0.01,27163.879999999997,417.0,2.0,22.0,100.0
2026,KXHIGHNY-26MAY17-B85.5,1341,0.010000000000000009,58918.96000000001,363.0,1.0,42.0,100.0
2026,KXHIGHNY-26MAY17-B87.5,1424,0.020000000000000018,66220.61,344.0,2.0,31.0,100.0
2026,KXHIGHNY-26MAY17-B89.5,1348,0.01999999999999999,34880.979999999996,306.0,2.0,56.0,100.0
2026,KXHIGHNY-26MAY17-T83,1004,0.01,10618.43,364.0,2.0,51.0,100.0
2026,KXHIGHNY-26MAY17-T90,1059,0.010000000000000005,25783.39,350.0,2.0,114.0,100.0
2026,KXHIGHNY-26MAY18-B77.5,596,0.01,15295.25,335.0,3.0,68.0,100.0
2026,KXHIGHNY-26MAY18-B79.5,786,0.01,17502.14,364.0,2.0,60.0,100.0
2026,KXHIGHNY-26MAY18-B81.5,1066,0.01,14503.58,378.0,2.0,60.0,100.0
2026,KXHIGHNY-26MAY18-B83.5,1272,0.010000000000000009,37641.33,378.0,1.0,38.0,100.0
2026,KXHIGHNY-26MAY18-T77,510,0.01,9615.609999999999,285.0,2.0,64.0,100.0
2026,KXHIGHNY-26MAY18-T84,1396,0.010000000000000009,46637.02,509.0,1.0,30.0,100.0
2026,KXHIGHNY-26MAY19-B89.5,791,0.01,10889.970000000001,388.0,3.0,32.0,100.0
2026,KXHIGHNY-26MAY19-B91.5,1154,0.010000000000000002,65478.310000000005,369.0,2.0,64.0,100.0
2026,KXHIGHNY-26MAY19-B93.5,1558,0.010000000000000009,90919.12,301.0,2.0,14.0,100.0
2026,KXHIGHNY-26MAY19-B95.5,1542,0.020000000000000018,60922.69,256.0,2.0,48.0,100.0
2026,KXHIGHNY-26MAY19-T89,954,0.01,9125.64,268.0,2.0,105.0,100.0
2026,KXHIGHNY-26MAY19-T96,1428,0.010000000000000009,41017.62,257.0,2.0,70.0,100.0
2026,KXHIGHNY-26MAY20-B89.5,1023,0.010000000000000002,35673.1,396.0,2.0,62.0,100.0
2026,KXHIGHNY-26MAY20-B91.5,1390,0.019999999999999907,92229.15,364.0,2.0,24.0,100.0
2026,KXHIGHNY-26MAY20-B93.5,1338,0.010000000000000009,109089.57,317.0,2.0,58.0,100.0
2026,KXHIGHNY-26MAY20-B95.5,974,0.01,21736.8,381.0,2.0,116.0,100.0
2026,KXHIGHNY-26MAY20-T89,987,0.01,27387.43,421.0,2.0,65.0,100.0
2026,KXHIGHNY-26MAY20-T96,695,0.01,7099.680000000001,347.0,2.0,118.0,100.0
2026,KXHIGHNY-26MAY21-B68.5,1824,0.01,46752.5,200.0,1.0,44.0,100.0
2026,KXHIGHNY-26MAY21-B70.5,700,0.010000000000000009,8372.91,305.0,2.0,83.0,100.0
2026,KXHIGHNY-26MAY21-B72.5,772,0.01,8830.77,382.0,2.0,53.0,100.0
2026,KXHIGHNY-26MAY21-B74.5,364,0.01,6019.1,235.0,3.0,327.0,100.0
2026,KXHIGHNY-26MAY21-T68,1899,0.010000000000000009,52581.03,195.0,1.0,44.0,100.0
2026,KXHIGHNY-26MAY21-T75,468,0.01,6663.66,279.0,2.0,327.0,100.0
2026,KXHIGHNY-26MAY22-B63.5,1303,0.010000000000000009,21064.37,353.0,2.0,24.0,100.0
2026,KXHIGHNY-26MAY22-B65.5,1709,0.019999999999999962,47320.64000000001,319.0,2.0,11.0,100.0
2026,KXHIGHNY-26MAY22-B67.5,1630,0.019999999999999962,49213.16,303.0,2.0,19.0,100.0
2026,KXHIGHNY-26MAY22-B69.5,1214,0.010000000000000009,46357.37,303.0,2.0,59.0,100.0
2026,KXHIGHNY-26MAY22-T63,874,0.01,17249.96,436.0,2.0,33.0,100.0
2026,KXHIGHNY-26MAY22-T70,877,0.01,16373.39,332.0,2.0,157.0,100.0
2026,KXHIGHNY-26MAY23-B54.5,692,0.01,13334.87,363.0,2.0,29.0,100.0
2026,KXHIGHNY-26MAY23-B56.5,1446,0.010000000000000009,43896.73,312.0,1.0,38.0,100.0
2026,KXHIGHNY-26MAY23-B58.5,1377,0.010000000000000009,29601.960000000003,253.0,2.0,65.0,100.0
2026,KXHIGHNY-26MAY23-B60.5,1008,0.010000000000000002,13196.38,334.0,2.0,66.0,100.0
2026,KXHIGHNY-26MAY23-T54,798,0.01,6528.84,232.0,3.0,141.0,100.0
2026,KXHIGHNY-26MAY23-T61,776,0.01,10441.68,324.0,2.0,155.0,100.0
2026,KXHIGHNY-26MAY24-B60.5,1447,0.010000000000000009,31497.370000000003,347.0,2.0,23.0,100.0
2026,KXHIGHNY-26MAY24-B62.5,899,0.01,8796.189999999999,408.0,2.0,35.0,100.0
2026,KXHIGHNY-26MAY24-B64.5,557,0.01,2459.2700000000004,263.0,4.0,132.0,100.0
2026,KXHIGHNY-26MAY24-B66.5,297,0.01,1781.78,218.0,9.0,132.0,100.0
2026,KXHIGHNY-26MAY24-T60,1466,0.010000000000000009,32580.39,359.0,2.0,39.0,100.0
2026,KXHIGHNY-26MAY24-T67,273,0.01,3255.74,199.0,9.0,89.0,100.0
2026,KXHIGHNY-26MAY25-B72.5,1726,0.020000000000000018,72316.27,278.0,1.0,14.0,100.0
2026,KXHIGHNY-26MAY25-B74.5,1460,0.01999999999999999,60721.479999999996,288.0,2.0,33.0,100.0
2026,KXHIGHNY-26MAY25-B76.5,1032,0.010000000000000002,26016.86,390.0,2.0,42.0,100.0
2026,KXHIGHNY-26MAY25-B78.5,920,0.01,4962.299999999999,236.0,4.0,60.0,100.0
2026,KXHIGHNY-26MAY25-T72,1556,0.019999999999999962,61224.28,320.0,1.0,29.0,100.0
2026,KXHIGHNY-26MAY25-T79,427,0.01,5484.299999999999,285.0,5.0,76.0,100.0
2026,KXHIGHNY-26MAY26-B77.5,1319,0.010000000000000009,26543.739999999998,397.0,2.0,39.0,100.0
2026,KXHIGHNY-26MAY26-B79.5,1392,0.020000000000000018,33865.25,359.0,1.0,23.0,100.0
2026,KXHIGHNY-26MAY26-B81.5,1218,0.010000000000000009,40093.22,280.0,2.0,48.0,100.0
2026,KXHIGHNY-26MAY26-B83.5,911,0.010000000000000002,8908.279999999999,340.0,2.0,70.0,100.0
2026,KXHIGHNY-26MAY26-T77,864,0.01,15185.719999999998,396.0,2.0,111.0,100.0
2026,KXHIGHNY-26MAY26-T84,518,0.01,7057.1,359.0,3.0,100.0,100.0
2026,KXHIGHNY-26MAY27-B77.5,809,0.01,42736.2,328.0,3.0,80.0,100.0
2026,KXHIGHNY-26MAY27-B79.5,1443,0.01,70091.08,311.0,2.0,20.0,100.0
2026,KXHIGHNY-26MAY27-B81.5,1843,0.010000000000000009,78210.57,233.0,1.0,9.0,100.0
2026,KXHIGHNY-26MAY27-B83.5,1668,0.020000000000000018,52079.56,238.0,1.0,33.0,100.0
2026,KXHIGHNY-26MAY27-T77,627,0.01,16507.64,350.0,2.0,71.0,100.0
2026,KXHIGHNY-26MAY27-T84,1546,0.010000000000000009,47475.6,279.0,1.0,68.0,100.0
2026,KXHIGHNY-26MAY28-B76.5,1374,0.01999999999999999,86923.73000000001,244.0,2.0,119.0,100.0
2026,KXHIGHNY-26MAY28-B78.5,1083,0.010000000000000009,44438.64,292.0,2.0,99.0,100.0
2026,KXHIGHNY-26MAY28-B80.5,862,0.01,22392.050000000003,340.0,2.0,169.0,100.0
2026,KXHIGHNY-26MAY28-B82.5,752,0.01,1926.52,195.0,3.0,230.0,100.0
2026,KXHIGHNY-26MAY28-T76,1499,0.019999999999999962,79142.61,248.0,1.5,118.0,100.0
2026,KXHIGHNY-26MAY28-T83,412,0.01,3750.23,267.0,4.0,231.0,100.0
2026,KXHIGHNY-26MAY29-B78.5,1494,0.010000000000000009,45402.659999999996,234.0,1.5,61.0,100.0
2026,KXHIGHNY-26MAY29-B80.5,1122,0.010000000000000002,22628.38,270.0,2.0,100.0,100.0
2026,KXHIGHNY-26MAY29-B82.5,854,0.01,3854.13,241.0,3.0,301.0,100.0
2026,KXHIGHNY-26MAY29-B84.5,458,0.01,2523.47,284.0,3.0,261.0,100.0
2026,KXHIGHNY-26MAY29-T78,1585,0.010000000000000009,48585.84,333.0,1.0,31.0,100.0
2026,KXHIGHNY-26MAY29-T85,458,0.01,2563.49,261.0,3.0,104.0,100.0
2026,KXHIGHNY-26MAY30-B68.5,1457,0.010000000000000009,51506.05,310.0,1.0,36.0,100.0
2026,KXHIGHNY-26MAY30-B70.5,1265,0.010000000000000009,51111.99,368.0,2.0,22.0,100.0
2026,KXHIGHNY-26MAY30-B72.5,594,0.01,17394.579999999998,264.0,3.0,111.0,100.0
2026,KXHIGHNY-26MAY30-B74.5,482,0.01,11050.4,286.0,2.0,170.0,100.0
2026,KXHIGHNY-26MAY30-T68,1182,0.010000000000000009,254865.31,410.0,2.0,49.0,100.0
2026,KXHIGHNY-26MAY30-T75,476,0.01,11683.07,285.0,2.0,148.0,100.0
2026,KXHIGHNY-26MAY31-B72.5,1343,0.010000000000000009,37297.450000000004,395.0,1.0,27.0,100.0
2026,KXHIGHNY-26MAY31-B74.5,1413,0.020000000000000018,51362.21,314.0,2.0,26.0,100.0
2026,KXHIGHNY-26MAY31-B76.5,1409,0.010000000000000009,64775.60999999999,287.0,2.0,28.0,100.0
2026,KXHIGHNY-26MAY31-B78.5,1008,0.01,12191.119999999999,358.0,2.0,21.0,100.0
2026,KXHIGHNY-26MAY31-T72,934,0.01,10865.13,424.0,1.0,38.0,100.0
2026,KXHIGHNY-26MAY31-T79,752,0.01,6580.27,268.0,2.0,108.0,100.0
2026,KXHIGHNY-26SEP01-B83.5,1296,0.010000000000000009,37757.08,339.0,2.0,71.0,100.0
2026,KXHIGHNY-26SEP01-B85.5,1288,0.010000000000000009,15743.369999999999,310.0,2.0,67.0,100.0
2026,KXHIGHNY-26SEP01-B87.5,994,0.01,7606.780000000001,365.0,2.0,128.0,100.0
2026,KXHIGHNY-26SEP01-B89.5,781,0.01,2332.17,376.0,2.0,129.0,100.0
2026,KXHIGHNY-26SEP01-T83,1519,0.010000000000000009,56237.189999999995,332.0,1.0,74.0,100.0
2026,KXHIGHNY-26SEP01-T90,559,0.01,2478.51,271.0,3.0,65.0,100.0
2026,KXHIGHNY-26SEP02-B75.5,1281,0.010000000000000009,23357.609999999997,379.0,2.0,71.0,100.0
2026,KXHIGHNY-26SEP02-B77.5,1237,0.010000000000000002,11785.37,298.0,2.0,96.0,100.0
2026,KXHIGHNY-26SEP02-B79.5,1126,0.01,3877.88,322.0,2.0,103.0,100.0
2026,KXHIGHNY-26SEP02-B81.5,821,0.01,1869.08,434.0,2.0,65.0,100.0
2026,KXHIGHNY-26SEP02-T75,1313,0.010000000000000009,27007.409999999996,403.0,1.0,38.0,100.0
2026,KXHIGHNY-26SEP02-T82,405,0.01,2942.12,298.0,4.0,84.0,100.0
2026,KXHIGHNY-26SEP03-B83.5,1476,0.020000000000000018,49399.07000000001,300.0,1.0,115.0,100.0
2026,KXHIGHNY-26SEP03-B85.5,1507,0.019999999999999962,72027.20999999999,278.0,1.0,117.0,100.0
2026,KXHIGHNY-26SEP03-B87.5,1116,0.010000000000000002,32925.17,306.0,2.0,86.0,100.0
2026,KXHIGHNY-26SEP03-B89.5,766,0.01,5851.66,352.0,2.0,127.0,100.0
2026,KXHIGHNY-26SEP03-T83,1243,0.019999999999999962,43204.409999999996,329.0,2.0,84.0,100.0
2026,KXHIGHNY-26SEP03-T90,493,0.01,2189.48,200.0,3.0,119.0,100.0
2026,KXHIGHNY-26SEP04-B82.5,1106,0.010000000000000009,44506.37,333.0,2.0,58.0,100.0
2026,KXHIGHNY-26SEP04-B84.5,1381,0.019999999999999907,45096.43000000001,329.0,1.0,48.0,100.0
2026,KXHIGHNY-26SEP04-B86.5,1363,0.010000000000000009,37911.70999999999,266.0,2.0,50.0,100.0
2026,KXHIGHNY-26SEP04-B88.5,438,0.01,12268.0,243.0,3.0,197.0,100.0
2026,KXHIGHNY-26SEP04-T82,913,0.01,13713.390000000001,272.0,2.0,166.0,100.0
2026,KXHIGHNY-26SEP04-T89,246,0.01,1828.94,160.0,5.0,120.0,100.0
2026,KXHIGHNY-26SEP05-B79.5,1438,0.019999999999999907,42731.96000000001,344.0,1.0,64.0,100.0
2026,KXHIGHNY-26SEP05-B81.5,1309,0.010000000000000009,35640.72,339.0,2.0,69.0,100.0
2026,KXHIGHNY-26SEP05-B83.5,963,0.01,8449.62,385.0,2.0,17.0,100.0
2026,KXHIGHNY-26SEP05-B85.5,704,0.01,1995.45,321.0,3.0,169.0,100.0
2026,KXHIGHNY-26SEP05-T79,1334,0.010000000000000009,98564.49000000002,295.0,2.0,104.0,100.0
2026,KXHIGHNY-26SEP05-T86,327,0.01,2726.9799999999996,179.0,3.0,138.0,100.0
2026,KXHIGHNY-26SEP06-B73.5,1478,0.010000000000000009,55122.5,309.0,2.0,42.0,100.0
2026,KXHIGHNY-26SEP06-B75.5,1464,0.010000000000000009,36212.240000000005,316.0,1.5,29.0,100.0
2026,KXHIGHNY-26SEP06-B77.5,1448,0.01999999999999999,42988.07,284.0,1.0,62.0,100.0
2026,KXHIGHNY-26SEP06-B79.5,759,0.01,6804.120000000001,327.0,2.0,214.0,100.0
2026,KXHIGHNY-26SEP06-T73,1194,0.010000000000000009,17284.64,305.0,2.0,151.0,100.0
2026,KXHIGHNY-26SEP06-T80,735,0.01,4222.57,322.0,2.0,107.0,100.0
2026,KXHIGHNY-26SEP07-B77.5,1477,0.010000000000000009,127265.39,311.0,2.0,38.0,100.0
2026,KXHIGHNY-26SEP07-B79.5,1567,0.010000000000000009,75035.57999999999,341.0,1.0,16.0,100.0
2026,KXHIGHNY-26SEP07-B81.5,1559,0.010000000000000009,37083.84,218.0,2.0,66.0,100.0
2026,KXHIGHNY-26SEP07-B83.5,1030,0.01,7779.73,445.0,2.0,99.0,100.0
2026,KXHIGHNY-26SEP07-T77,1349,0.01,33868.1,388.0,2.0,21.0,100.0
2026,KXHIGHNY-26SEP07-T84,385,0.01,9310.84,213.0,4.0,159.0,100.0
2026,KXHIGHNY-26SEP08-B80.5,1506,0.010000000000000009,40690.8,315.0,1.0,44.0,100.0
2026,KXHIGHNY-26SEP08-B82.5,1419,0.019999999999999962,75535.22,378.0,1.0,26.0,100.0
2026,KXHIGHNY-26SEP08-B84.5,1085,0.01,12769.85,318.0,2.0,164.0,100.0
2026,KXHIGHNY-26SEP08-B86.5,751,0.01,3183.59,365.0,2.0,211.0,100.0
2026,KXHIGHNY-26SEP08-T80,1292,0.010000000000000009,285219.48999999993,363.0,2.0,40.0,100.0
2026,KXHIGHNY-26SEP08-T87,537,0.01,3729.34,318.0,3.0,110.0,100.0
2026,KXHIGHNY-26SEP09-B84.5,1424,0.010000000000000009,52357.38999999999,341.0,2.0,32.0,100.0
2026,KXHIGHNY-26SEP09-B86.5,1327,0.010000000000000009,68255.15,313.0,2.0,71.0,100.0
2026,KXHIGHNY-26SEP09-B88.5,915,0.01,3395.5199999999995,404.0,2.0,106.0,100.0
2026,KXHIGHNY-26SEP09-B90.5,919,0.01,2145.54,352.0,2.0,83.0,100.0
2026,KXHIGHNY-26SEP09-T84,1393,0.010000000000000009,58074.53,340.0,2.0,29.0,100.0
2026,KXHIGHNY-26SEP09-T91,372,0.01,4666.48,237.0,3.0,117.0,100.0
2026,KXHIGHNY-26SEP10-B85.5,1498,0.010000000000000009,62985.04,321.0,2.0,102.0,100.0
2026,KXHIGHNY-26SEP10-B87.5,1304,0.010000000000000009,53874.06,325.0,1.0,93.0,100.0
2026,KXHIGHNY-26SEP10-B89.5,1175,0.010000000000000002,16909.32,330.0,2.0,116.0,100.0
2026,KXHIGHNY-26SEP10-B91.5,1080,0.01,7446.43,275.0,2.0,219.0,100.0
2026,KXHIGHNY-26SEP10-T85,1390,0.010000000000000009,90911.48999999999,313.0,2.0,118.0,100.0
2026,KXHIGHNY-26SEP10-T92,653,0.01,2061.5699999999997,296.0,3.0,122.0,100.0
2026,KXHIGHNY-26SEP11-B79.5,1355,0.010000000000000009,42845.13,338.0,2.0,33.0,100.0
2026,KXHIGHNY-26SEP11-B81.5,1323,0.010000000000000009,74884.91,369.0,2.0,54.0,100.0
2026,KXHIGHNY-26SEP11-B83.5,932,0.009999999999999998,27315.769999999997,348.0,2.0,168.0,100.0
2026,KXHIGHNY-26SEP11-B85.5,828,0.01,4991.4400000000005,346.0,2.0,151.0,100.0
2026,KXHIGHNY-26SEP11-T79,1430,0.010000000000000009,160011.94999999998,342.0,2.0,26.0,100.0
2026,KXHIGHNY-26SEP11-T86,417,0.01,3663.16,243.0,4.0,91.0,100.0
2026,KXHIGHNY-26SEP12-B75.5,1023,0.010000000000000009,17760.989999999998,396.0,2.0,63.0,100.0
2026,KXHIGHNY-26SEP12-B77.5,1328,0.019999999999999907,27010.339999999997,361.0,2.0,37.0,100.0
2026,KXHIGHNY-26SEP12-B79.5,1209,0.010000000000000009,25557.05,317.0,2.0,169.0,100.0
2026,KXHIGHNY-26SEP12-B81.5,1020,0.010000000000000002,6817.43,385.0,2.0,154.0,100.0
2026,KXHIGHNY-26SEP12-T75,874,0.01,4727.11,478.0,2.0,41.0,100.0
2026,KXHIGHNY-26SEP12-T82,440,0.01,5378.52,262.0,3.0,154.0,100.0
2026,KXHIGHNY-26SEP13-B78.5,1673,0.020000000000000018,53024.329999999994,305.0,1.0,24.0,100.0
2026,KXHIGHNY-26SEP13-B80.5,1574,0.020000000000000004,90556.73999999999,363.0,2.0,21.0,100.0
2026,KXHIGHNY-26SEP13-B82.5,1100,0.010000000000000009,21936.849999999995,460.0,2.0,98.0,100.0
2026,KXHIGHNY-26SEP13-B84.5,922,0.01,4803.57,466.0,2.0,29.0,100.0
2026,KXHIGHNY-26SEP13-T78,1457,0.010000000000000009,54102.979999999996,404.0,1.0,15.0,100.0
2026,KXHIGHNY-26SEP13-T85,772,0.01,3055.21,353.0,2.0,64.0,100.0
2026,KXHIGHNY-26SEP14-B74.5,1349,0.019999999999999907,53618.44,386.0,2.0,36.0,100.0
2026,KXHIGHNY-26SEP14-B76.5,1304,0.010000000000000009,63876.91,399.0,2.0,39.0,100.0
2026,KXHIGHNY-26SEP14-B78.5,890,0.01,13882.689999999999,375.0,2.0,82.0,100.0
2026,KXHIGHNY-26SEP14-B80.5,690,0.01,6218.860000000001,304.0,3.0,167.0,100.0
2026,KXHIGHNY-26SEP14-T74,929,0.010000000000000009,30982.97,412.0,2.0,23.0,100.0
2026,KXHIGHNY-26SEP14-T81,368,0.01,2884.26,237.0,4.0,83.0,100.0
2026,KXHIGHNY-26SEP15-B70.5,1388,0.010000000000000009,44761.32,356.0,2.0,16.0,100.0
2026,KXHIGHNY-26SEP15-B72.5,1470,0.010000000000000009,37772.74,318.0,1.0,27.0,100.0
2026,KXHIGHNY-26SEP15-B74.5,1329,0.010000000000000009,36601.729999999996,319.0,1.0,138.0,100.0
2026,KXHIGHNY-26SEP15-B76.5,848,0.01,6161.97,383.0,2.0,229.0,100.0
2026,KXHIGHNY-26SEP15-T70,1060,0.01,9865.939999999999,414.0,2.0,79.0,100.0
2026,KXHIGHNY-26SEP15-T77,370,0.01,2774.83,240.0,3.0,157.0,100.0
2026,KXHIGHNY-26SEP16-B75.5,1427,0.010000000000000002,46751.32,441.0,1.0,21.0,100.0
2026,KXHIGHNY-26SEP16-B77.5,1367,0.010000000000000009,29435.71,347.0,1.0,47.0,100.0
2026,KXHIGHNY-26SEP16-B79.5,1375,0.010000000000000009,46216.82,304.0,1.0,129.0,100.0
2026,KXHIGHNY-26SEP16-B81.5,1128,0.010000000000000002,30478.49,341.0,2.0,225.0,100.0
2026,KXHIGHNY-26SEP16-T75,822,0.01,10871.05,366.0,2.0,52.0,100.0
2026,KXHIGHNY-26SEP16-T82,1028,0.01,4537.22,447.0,2.0,68.0,100.0
2026,KXHIGHNY-26SEP17-B80.5,1170,0.010000000000000009,44035.77,315.0,2.0,119.0,100.0
2026,KXHIGHNY-26SEP17-B82.5,1156,0.010000000000000009,46949.3,364.0,1.5,88.0,100.0
2026,KXHIGHNY-26SEP17-B84.5,1067,0.010000000000000002,29866.04,327.0,2.0,143.0,100.0
2026,KXHIGHNY-26SEP17-B86.5,753,0.01,4312.86,315.0,2.0,172.0,100.0
2026,KXHIGHNY-26SEP17-T80,935,0.010000000000000009,18399.83,341.0,2.0,197.0,100.0
2026,KXHIGHNY-26SEP17-T87,666,0.01,3769.38,247.0,2.0,147.0,100.0
2026,KXHIGHNY-26SEP18-B80.5,1455,0.010000000000000009,38092.04,311.0,1.0,113.0,100.0
2026,KXHIGHNY-26SEP18-B82.5,1430,0.010000000000000009,66577.45999999999,310.0,1.5,42.0,100.0
2026,KXHIGHNY-26SEP18-B84.5,829,0.01,19604.68,366.0,2.0,111.0,100.0
2026,KXHIGHNY-26SEP18-B86.5,468,0.01,1263.02,255.0,3.0,123.0,100.0
2026,KXHIGHNY-26SEP18-T80,1102,0.010000000000000009,24068.03,395.0,2.0,69.0,100.0
2026,KXHIGHNY-26SEP18-T87,357,0.01,1344.35,215.0,3.0,108.0,100.0
2026,KXHIGHNY-26SEP19-B69.5,1479,0.010000000000000009,52711.56,334.0,1.0,29.0,100.0
2026,KXHIGHNY-26SEP19-B71.5,1564,0.019999999999999907,52561.03999999999,343.0,1.0,48.0,100.0
2026,KXHIGHNY-26SEP19-B73.5,1355,0.010000000000000009,19915.8,340.0,1.0,121.0,100.0
2026,KXHIGHNY-26SEP19-B75.5,1147,0.01,4535.15,360.0,2.0,105.0,100.0
2026,KXHIGHNY-26SEP19-T69,1297,0.010000000000000002,21506.149999999998,378.0,1.0,123.0,100.0
2026,KXHIGHNY-26SEP19-T76,972,0.01,3387.3999999999996,344.0,2.0,54.0,100.0
2026,KXHIGHNY-26SEP20-B71.5,1506,0.01999999999999999,44010.01000000001,427.0,2.0,12.0,100.0
2026,KXHIGHNY-26SEP20-B73.5,1223,0.01,10199.060000000001,422.0,2.0,22.0,100.0
2026,KXHIGHNY-26SEP20-B75.5,660,0.01,4245.1,370.0,2.5,97.0,100.0
2026,KXHIGHNY-26SEP20-B77.5,570,0.01,1118.54,326.0,3.0,267.0,100.0
2026,KXHIGHNY-26SEP20-T71,1535,0.010000000000000009,38666.16,403.0,2.0,8.0,100.0
2026,KXHIGHNY-26SEP20-T78,468,0.01,2166.7799999999997,271.0,3.0,217.0,100.0
2026,KXHIGHNY-26SEP21-B66.5,974,0.01,18004.1,455.0,2.0,49.0,100.0
2026,KXHIGHNY-26SEP21-B68.5,1205,0.010000000000000009,20258.979999999996,420.0,1.0,22.0,100.0
2026,KXHIGHNY-26SEP21-B70.5,1359,0.010000000000000009,65198.229999999996,362.0,1.0,35.0,100.0
2026,KXHIGHNY-26SEP21-B72.5,1361,0.010000000000000009,65436.03,382.0,2.0,39.0,100.0
2026,KXHIGHNY-26SEP21-T66,911,0.01,7375.189999999999,359.0,2.0,74.0,100.0
2026,KXHIGHNY-26SEP21-T73,1159,0.01,21353.01,395.0,2.0,50.0,100.0
2026,KXHIGHNY-26SEP22-B63.5,1009,0.010000000000000009,18153.3,368.0,2.0,64.0,100.0
2026,KXHIGHNY-26SEP22-B65.5,1253,0.010000000000000009,26475.87,332.0,1.0,55.0,100.0
2026,KXHIGHNY-26SEP22-B67.5,1390,0.010000000000000009,45151.44,340.0,2.0,34.0,100.0
2026,KXHIGHNY-26SEP22-B69.5,1056,0.010000000000000002,34446.41,286.0,2.0,83.0,100.0
2026,KXHIGHNY-26SEP22-T63,729,0.010000000000000002,10063.72,354.0,2.0,144.0,100.0
2026,KXHIGHNY-26SEP22-T70,685,0.01,32453.599999999995,248.0,2.0,136.0,100.0
2026,KXHIGHNY-26SEP23-B65.5,1431,0.010000000000000009,76673.59000000001,281.0,2.0,35.0,100.0
2026,KXHIGHNY-26SEP23-B67.5,1537,0.010000000000000009,30835.78,268.0,2.0,99.0,100.0
2026,KXHIGHNY-26SEP23-B69.5,1432,0.010000000000000009,44298.31,298.0,2.0,60.0,100.0
2026,KXHIGHNY-26SEP23-B71.5,1152,0.01,9796.039999999999,270.0,2.0,147.0,100.0
2026,KXHIGHNY-26SEP23-T65,1280,0.010000000000000002,12341.76,316.0,2.0,24.0,100.0
2026,KXHIGHNY-26SEP23-T72,1130,0.01,4377.360000000001,219.0,2.0,95.0,100.0
2026,KXHIGHNY-26SEP24-B66.5,1386,0.010000000000000009,37602.92,320.0,1.0,107.0,100.0
2026,KXHIGHNY-26SEP24-B68.5,1230,0.010000000000000009,45093.369999999995,368.0,2.0,109.0,100.0
2026,KXHIGHNY-26SEP24-B70.5,833,0.01,8391.1,384.0,2.0,132.0,100.0
2026,KXHIGHNY-26SEP24-B72.5,711,0.01,2441.7299999999996,361.0,2.0,133.0,100.0
2026,KXHIGHNY-26SEP24-T66,1098,0.010000000000000009,33044.14,363.0,2.0,118.0,100.0
2026,KXHIGHNY-26SEP24-T73,205,0.01,1678.06,138.0,6.0,133.0,100.0
2026,KXHIGHNY-26SEP25-B67.5,1208,0.010000000000000009,52461.5,402.0,2.0,43.0,100.0
2026,KXHIGHNY-26SEP25-B69.5,1316,0.010000000000000009,36244.87,358.0,2.0,70.0,100.0
2026,KXHIGHNY-26SEP25-B71.5,1390,0.010000000000000009,58406.41999999999,321.0,1.0,48.0,100.0
2026,KXHIGHNY-26SEP25-B73.5,1003,0.010000000000000002,14206.550000000001,381.0,2.0,141.0,100.0
2026,KXHIGHNY-26SEP25-T67,1065,0.009999999999999998,11961.34,465.0,2.0,26.0,100.0
2026,KXHIGHNY-26SEP25-T74,480,0.01,11569.560000000001,251.0,3.0,125.0,100.0
2026,KXHIGHNY-26SEP26-B62.5,962,0.010000000000000009,13385.0,282.0,1.0,7.0,100.0
2026,KXHIGHNY-26SEP26-B64.5,669,0.010000000000000002,12245.25,295.0,2.0,18.0,100.0
2026,KXHIGHNY-26SEP26-B66.5,631,0.01,3334.94,270.0,2.0,30.0,100.0
2026,KXHIGHNY-26SEP26-B68.5,401,0.01,2308.8,211.0,3.0,43.0,100.0
2026,KXHIGHNY-26SEP26-T62,997,0.010000000000000009,23429.950000000004,253.0,1.0,11.0,100.0
2026,KXHIGHNY-26SEP26-T69,252,0.01,2659.6899999999996,175.0,3.0,84.0,100.0
